timestamp,cpu_utilization
2019-05-01 00:00:00,0.036865234375
2019-05-01 00:05:00,0.00041441483931107956
2019-05-01 00:10:00,0.001262664794921875
2019-05-01 00:15:00,0.0024195823116578918
2019-05-01 00:20:00,0.013458251953125
2019-05-01 00:25:00,0.00677490234375
2019-05-01 00:30:00,9.1552734375e-05
2019-05-01 00:35:00,0.010103995339912282
2019-05-01 00:40:00,0.020116437945449563
2019-05-01 00:45:00,0.030128880550986843
2019-05-01 00:50:00,0.015100679899516859
2019-05-01 00:55:00,7.2479248046875e-05
2019-05-01 01:00:00,0.00010824203491210938
2019-05-01 01:05:00,0.00014400482177734375
2019-05-01 01:10:00,0.00017976760864257812
2019-05-01 01:15:00,0.0002155303955078125
2019-05-01 01:20:00,0.001075305938720703
2019-05-01 01:25:00,0.0019350814819335937
2019-05-01 01:30:00,0.0027948570251464843
2019-05-01 01:35:00,0.003654632568359375
2019-05-01 01:40:00,0.0015689286169727234
2019-05-01 01:45:00,0.0016155242919921875
2019-05-01 01:50:00,0.006354331970214844
2019-05-01 01:55:00,0.0110931396484375
2019-05-01 02:00:00,0.02349853515625
2019-05-01 02:05:00,0.00684356689453125
2019-05-01 02:10:00,0.00024366378784179688
2019-05-01 02:15:00,0.001264333724975586
2019-05-01 02:20:00,0.002285003662109375
2019-05-01 02:25:00,0.0001049041748046875
2019-05-01 02:30:00,0.0179290771484375
2019-05-01 02:35:00,0.00244903564453125
2019-05-01 02:40:00,0.00383758544921875
2019-05-01 02:45:00,0.00012493133544921875
2019-05-01 02:50:00,0.0003509521484375
2019-05-01 02:55:00,0.0013565063476562499
2019-05-01 03:00:00,0.0023620605468749997
2019-05-01 03:05:00,0.00336761474609375
2019-05-01 03:10:00,0.0043731689453124995
2019-05-01 03:15:00,0.00537872314453125
2019-05-01 03:20:00,0.000461578369140625
2019-05-01 03:25:00,0.0002613067626953125
2019-05-01 03:30:00,6.103515625e-05
2019-05-01 03:35:00,0.00015616416931152344
2019-05-01 03:40:00,0.0002512931823730469
2019-05-01 03:45:00,0.0003464221954345703
2019-05-01 03:50:00,0.00044155120849609375
2019-05-01 03:55:00,0.011023998260498047
2019-05-01 04:00:00,0.0216064453125
2019-05-01 04:05:00,0.0008252461751302084
2019-05-01 04:10:00,0.0006720225016276042
2019-05-01 04:15:00,0.000518798828125
2019-05-01 04:20:00,0.0017108917236328125
2019-05-01 04:25:00,0.0003814697265625
2019-05-01 04:30:00,0.00203704833984375
2019-05-01 04:35:00,0.003692626953125
2019-05-01 04:40:00,0.0084686279296875
2019-05-01 04:45:00,0.008543014526367188
2019-05-01 04:50:00,0.0018749237060546875
2019-05-01 04:55:00,0.00228118896484375
2019-05-01 05:00:00,0.002485263915289016
2019-05-01 05:05:00,0.002689338865734282
2019-05-01 05:10:00,0.002893413816179548
2019-05-01 05:15:00,0.0020301171711512977
2019-05-01 05:20:00,0.0011668205261230469
2019-05-01 05:25:00,0.00031566619873046875
2019-05-01 05:30:00,0.002685546875
2019-05-01 05:35:00,0.029835802443484043
2019-05-01 05:40:00,0.015061906043519365
2019-05-01 05:45:00,0.0002880096435546875
2019-05-01 05:50:00,0.00444793701171875
2019-05-01 05:55:00,0.017908433827843687
2019-05-01 06:00:00,0.031368930643968625
2019-05-01 06:05:00,0.023651969501032453
2019-05-01 06:10:00,0.015935008358096282
2019-05-01 06:15:00,0.008218047215160115
2019-05-01 06:20:00,0.0005010860722239424
2019-05-01 06:25:00,0.009229765997992622
2019-05-01 06:30:00,0.00030040740966796875
2019-05-01 06:35:00,0.0004107157389322917
2019-05-01 06:40:00,0.0005210240681966146
2019-05-01 06:45:00,0.0006313323974609375
2019-05-01 06:50:00,0.014521598815917969
2019-05-01 06:55:00,0.028411865234375
2019-05-01 07:00:00,0.0006281534830729166
2019-05-01 07:05:00,0.0006117600461711054
2019-05-01 07:10:00,0.0043911864792091256
2019-05-01 07:15:00,0.001181592055357219
2019-05-01 07:20:00,0.03682518005371094
2019-05-01 07:25:00,0.030725320180257164
2019-05-01 07:30:00,0.024625460306803387
2019-05-01 07:35:00,0.01852560043334961
2019-05-01 07:40:00,0.012425740559895836
2019-05-01 07:45:00,0.0063258806864420584
2019-05-01 07:50:00,0.00022602081298828125
2019-05-01 07:55:00,0.00040721893310546875
2019-05-01 08:00:00,0.0005884170532226562
2019-05-01 08:05:00,0.005924661535965769
2019-05-01 08:10:00,0.011260906018708881
2019-05-01 08:15:00,0.010805467336299326
2019-05-01 08:20:00,0.01035002865388977
2019-05-01 08:25:00,0.009894589971480214
2019-05-01 08:30:00,0.009439151289070658
2019-05-01 08:35:00,0.008983712606661103
2019-05-01 08:40:00,0.008528273924251546
2019-05-01 08:45:00,0.008072835241841991
2019-05-01 08:50:00,0.0076173965594324355
2019-05-01 08:55:00,0.00716195787702288
2019-05-01 09:00:00,0.009288379124232702
2019-05-01 09:05:00,0.011414800371442522
2019-05-01 09:10:00,0.013541221618652344
2019-05-01 09:15:00,0.0106201171875
2019-05-01 09:20:00,0.007201194763183594
2019-05-01 09:25:00,0.0037822723388671866
2019-05-01 09:30:00,0.00036334991455078125
2019-05-01 09:35:00,0.0897216796875
2019-05-01 09:40:00,0.0018711090087890625
2019-05-01 09:45:00,9.059906005859375e-05
2019-05-01 09:50:00,0.0123443603515625
2019-05-01 09:55:00,0.23291015625
2019-05-01 10:00:00,0.15582695303037186
2019-05-01 10:05:00,0.0787437498107437
2019-05-01 10:10:00,0.0016605465911155523
2019-05-01 10:15:00,0.003705764607623293
2019-05-01 10:20:00,0.005750982624131034
2019-05-01 10:25:00,0.007796200640638775
2019-05-01 10:30:00,0.009841418657146517
2019-05-01 10:35:00,0.005459409771543561
2019-05-01 10:40:00,0.005778965805516099
2019-05-01 10:45:00,0.006098521839488637
2019-05-01 10:50:00,0.006418077873461174
2019-05-01 10:55:00,0.006737633907433712
2019-05-01 11:00:00,0.00705718994140625
2019-05-01 11:05:00,0.003628253936767578
2019-05-01 11:10:00,0.00019931793212890625
2019-05-01 11:15:00,0.001377241952078683
2019-05-01 11:20:00,0.0025551659720284598
2019-05-01 11:25:00,0.0037330899919782367
2019-05-01 11:30:00,0.0003947615623474121
2019-05-01 11:35:00,0.0003789265950520833
2019-05-01 11:40:00,0.004301706949869791
2019-05-01 11:45:00,0.0082244873046875
2019-05-01 11:50:00,0.001247406005859375
2019-05-01 11:55:00,0.0045013427734375
2019-05-01 12:00:00,0.004703044891357422
2019-05-01 12:05:00,0.004904747009277344
2019-05-01 12:10:00,0.007960796356201172
2019-05-01 12:15:00,0.011016845703125
2019-05-01 12:20:00,0.008423155004327948
2019-05-01 12:25:00,0.005829464305530895
2019-05-01 12:30:00,0.0032357736067338437
2019-05-01 12:35:00,0.0006420829079367898
2019-05-01 12:40:00,0.0012184489857066762
2019-05-01 12:45:00,0.0017948150634765625
2019-05-01 12:50:00,0.003072650809037058
2019-05-01 12:55:00,0.004385571730764289
2019-05-01 13:00:00,0.00569849265249152
2019-05-01 13:05:00,0.00701141357421875
2019-05-01 13:10:00,0.0041522979736328125
2019-05-01 13:15:00,0.001293182373046875
2019-05-01 13:20:00,0.000885009765625
2019-05-01 13:25:00,0.000476837158203125
2019-05-01 13:30:00,6.866455078125e-05
2019-05-01 13:35:00,0.00023603439331054688
2019-05-01 13:40:00,0.00040340423583984375
2019-05-01 13:45:00,0.000518798828125
2019-05-01 13:50:00,0.0006341934204101562
2019-05-01 13:55:00,0.00013446807861328125
2019-05-01 14:00:00,0.0098114013671875
2019-05-01 14:05:00,0.00226593017578125
2019-05-01 14:10:00,0.0025262832641601562
2019-05-01 14:15:00,0.0027866363525390625
2019-05-01 14:20:00,0.0030469894409179688
2019-05-01 14:25:00,0.003307342529296875
2019-05-01 14:30:00,0.0005245208740234375
2019-05-01 14:35:00,0.00081634521484375
2019-05-01 14:40:00,0.0037994384765625
2019-05-01 14:45:00,0.000171661376953125
2019-05-01 14:50:00,0.0019292195638020834
2019-05-01 14:55:00,0.0036867777506510418
2019-05-01 15:00:00,0.0054443359375
2019-05-01 15:05:00,0.0036743799845377605
2019-05-01 15:10:00,0.0019044240315755209
2019-05-01 15:15:00,0.00013446807861328125
2019-05-01 15:20:00,0.000537872314453125
2019-05-01 15:25:00,0.0009412765502929688
2019-05-01 15:30:00,0.0013446807861328125
2019-05-01 15:35:00,0.008597056070963541
2019-05-01 15:40:00,0.01584943135579427
2019-05-01 15:45:00,0.023101806640625
2019-05-01 15:50:00,0.00605010986328125
2019-05-01 15:55:00,0.006001551946004232
2019-05-01 16:00:00,0.005952994028727214
2019-05-01 16:05:00,0.004932045936584473
2019-05-01 16:10:00,0.003911097844441732
2019-05-01 16:15:00,0.0028901497522989907
2019-05-01 16:20:00,0.00186920166015625
2019-05-01 16:25:00,0.0005598068237304688
2019-05-01 16:30:00,0.002506256103515625
2019-05-01 16:35:00,0.0022826194763183594
2019-05-01 16:40:00,0.0020589828491210938
2019-05-01 16:45:00,0.0018353462219238281
2019-05-01 16:50:00,0.0016117095947265625
2019-05-01 16:55:00,0.0001926422119140625
2019-05-01 17:00:00,0.00011157989501953125
2019-05-01 17:05:00,0.003243128458658854
2019-05-01 17:10:00,0.006374677022298177
2019-05-01 17:15:00,0.0095062255859375
2019-05-01 17:20:00,0.008707682291666666
2019-05-01 17:25:00,0.007909138997395834
2019-05-01 17:30:00,0.007110595703125
2019-05-01 17:35:00,0.004769643147786459
2019-05-01 17:40:00,0.002428690592447917
2019-05-01 17:45:00,8.7738037109375e-05
2019-05-01 17:50:00,0.028289794921875
2019-05-01 17:55:00,0.016162872314453125
2019-05-01 18:00:00,0.00403594970703125
2019-05-01 18:05:00,0.00016766873462554664
2019-05-01 18:10:00,9.632110595703125e-05
2019-05-01 18:15:00,0.0022275447845458984
2019-05-01 18:20:00,0.004358768463134766
2019-05-01 18:25:00,0.006489992141723633
2019-05-01 18:30:00,0.0086212158203125
2019-05-01 18:35:00,0.0095672607421875
2019-05-01 18:40:00,0.00595855712890625
2019-05-01 18:45:00,0.0073604583740234375
2019-05-01 18:50:00,0.008762359619140625
2019-05-01 18:55:00,0.010164260864257812
2019-05-01 19:00:00,0.011566162109375
2019-05-01 19:05:00,0.001054837153508113
2019-05-01 19:10:00,0.0069580078125
2019-05-01 19:15:00,0.001506805419921875
2019-05-01 19:20:00,0.0007927417755126953
2019-05-01 19:25:00,7.867813110351562e-05
2019-05-01 19:30:00,0.0005025863647460938
2019-05-01 19:35:00,0.00018978118896484375
2019-05-01 19:40:00,0.0018329620361328125
2019-05-01 19:45:00,0.007126808166503906
2019-05-01 19:50:00,0.012420654296875
2019-05-01 19:55:00,0.0006456375122070312
2019-05-01 20:00:00,0.004710727267795139
2019-05-01 20:05:00,0.006033897399902344
2019-05-01 20:10:00,0.003622293472290039
2019-05-01 20:15:00,0.0012106895446777344
2019-05-01 20:20:00,0.003849029541015625
2019-05-01 20:25:00,9.5367431640625e-05
2019-05-01 20:30:00,0.0006542205810546875
2019-05-01 20:35:00,0.00121307373046875
2019-05-01 20:40:00,0.00020313262939453125
2019-05-01 20:45:00,4.863739013671875e-05
2019-05-01 20:50:00,2.6226043701171875e-05
2019-05-01 20:55:00,3.814697265625e-06
2019-05-01 21:00:00,0.020751953125
2019-05-01 21:05:00,0.012845610765586222
2019-05-01 21:10:00,0.004939268406172444
2019-05-01 21:15:00,0.0037335383712797238
2019-05-01 21:20:00,0.002527808336387003
2019-05-01 21:25:00,0.0013220783014942826
2019-05-01 21:30:00,0.0001163482666015625
2019-05-01 21:35:00,0.0004787445068359375
2019-05-01 21:40:00,0.0064697265625
2019-05-01 21:45:00,0.0009260177612304688
2019-05-01 21:50:00,0.0008847713470458984
2019-05-01 21:55:00,0.0008435249328613281
2019-05-01 22:00:00,0.001220703125
2019-05-01 22:05:00,0.009906768798828125
2019-05-01 22:10:00,0.01859283447265625
2019-05-01 22:15:00,0.004862715558307927
2019-05-01 22:20:00,0.007275216947726118
2019-05-01 22:25:00,0.00968771833714431
2019-05-01 22:30:00,0.0121002197265625
2019-05-01 22:35:00,0.002429962158203125
2019-05-01 22:40:00,0.00015354156494140625
2019-05-01 22:45:00,0.004814773797988892
2019-05-01 22:50:00,0.0048461104884292144
2019-05-01 22:55:00,0.036865234375
2019-05-01 23:00:00,0.0009975433349609375
2019-05-01 23:05:00,0.0010256767272949219
2019-05-01 23:10:00,0.0010538101196289062
2019-05-01 23:15:00,0.004349231719970703
2019-05-01 23:20:00,0.0076446533203125
2019-05-01 23:25:00,0.0038223266601562496
2019-05-01 23:30:00,0.0
2019-05-01 23:35:00,0.002161524317286036
2019-05-01 23:40:00,0.004323048634572072
2019-05-01 23:45:00,0.00213623046875
2019-05-01 23:50:00,0.004123691513604326
2019-05-01 23:55:00,0.0021696109545560694
2019-05-02 00:00:00,0.0002155303955078125
2019-05-02 00:05:00,0.00029850006103515625
2019-05-02 00:10:00,0.0008098544745609678
2019-05-02 00:15:00,0.0025576426477855064
2019-05-02 00:20:00,0.0043054308210100445
2019-05-02 00:25:00,0.004001549312046596
2019-05-02 00:30:00,0.0036976678030831473
2019-05-02 00:35:00,0.0033937862941196984
2019-05-02 00:40:00,0.00308990478515625
2019-05-02 00:45:00,0.000972532456920993
2019-05-02 00:50:00,0.00609588623046875
2019-05-02 00:55:00,0.01403395656704411
2019-05-02 01:00:00,0.02197202690361947
2019-05-02 01:05:00,0.029910097240194826
2019-05-02 01:10:00,0.03784816757677019
2019-05-02 01:15:00,0.045786237913345545
2019-05-02 01:20:00,0.0537243082499209
2019-05-02 01:25:00,0.061662378586496265
2019-05-02 01:30:00,0.03731617464481063
2019-05-02 01:35:00,0.012969970703125
2019-05-02 01:40:00,0.008367538452148438
2019-05-02 01:45:00,0.003765106201171875
2019-05-02 01:50:00,0.00016498565673828125
2019-05-02 01:55:00,0.0001647472381591797
2019-05-02 02:00:00,0.00016450881958007812
2019-05-02 02:05:00,0.00016427040100097656
2019-05-02 02:10:00,0.000164031982421875
2019-05-02 02:15:00,0.00030803680419921875
2019-05-02 02:20:00,0.0027216413746709404
2019-05-02 02:25:00,0.005135245945142663
2019-05-02 02:30:00,0.009545693030724159
2019-05-02 02:35:00,0.0004978179931640625
2019-05-02 02:40:00,0.00039831797281901043
2019-05-02 02:45:00,0.00029881795247395837
2019-05-02 02:50:00,0.00019931793212890625
2019-05-02 02:55:00,0.011635303497314453
2019-05-02 03:00:00,0.0230712890625
2019-05-02 03:05:00,0.0092013004321407
2019-05-02 03:10:00,0.00800022303386203
2019-05-02 03:15:00,0.006799145635583358
2019-05-02 03:20:00,0.0055980682373046875
2019-05-02 03:25:00,0.0034971237182617188
2019-05-02 03:30:00,0.00139617919921875
2019-05-02 03:35:00,0.008617401123046875
2019-05-02 03:40:00,0.015838623046875
2019-05-02 03:45:00,0.014121055603027344
2019-05-02 03:50:00,0.012403488159179688
2019-05-02 03:55:00,0.010685920715332031
2019-05-02 04:00:00,0.008968353271484375
2019-05-02 04:05:00,0.007250785827636719
2019-05-02 04:10:00,0.0055332183837890625
2019-05-02 04:15:00,0.0038156509399414062
2019-05-02 04:20:00,0.00209808349609375
2019-05-02 04:25:00,0.00038051605224609375
2019-05-02 04:30:00,0.0
2019-05-02 04:35:00,0.0
2019-05-02 04:40:00,0.00012924557640438988
2019-05-02 04:45:00,0.00025849115280877975
2019-05-02 04:50:00,0.00038773672921316963
2019-05-02 04:55:00,0.0001678466796875
2019-05-02 05:00:00,0.0007152557373046875
2019-05-02 05:05:00,0.0005025863647460938
2019-05-02 05:10:00,0.001155853271484375
2019-05-02 05:15:00,0.030851364135742188
2019-05-02 05:20:00,0.060546875
2019-05-02 05:25:00,0.04545021057128906
2019-05-02 05:30:00,0.030353546142578125
2019-05-02 05:35:00,0.015256881713867188
2019-05-02 05:40:00,0.00016021728515625
2019-05-02 05:45:00,0.001644725799560547
2019-05-02 05:50:00,0.003129234313964844
2019-05-02 05:55:00,0.00461374282836914
2019-05-02 06:00:00,0.006098251342773438
2019-05-02 06:05:00,0.007582759857177735
2019-05-02 06:10:00,0.02225141525268555
2019-05-02 06:15:00,0.03692007064819336
2019-05-02 06:20:00,0.005615711212158203
2019-05-02 06:25:00,0.0055277347564697266
2019-05-02 06:30:00,0.00543975830078125
2019-05-02 06:35:00,0.009223222732543945
2019-05-02 06:40:00,0.01300668716430664
2019-05-02 06:45:00,0.016790151596069336
2019-05-02 06:50:00,0.02057361602783203
2019-05-02 06:55:00,0.012069934989973816
2019-05-02 07:00:00,0.0035662539521156
2019-05-02 07:05:00,0.0059947967529296875
2019-05-02 07:10:00,0.0034583621554904512
2019-05-02 07:15:00,0.0030031310187445745
2019-05-02 07:20:00,0.0025478998819986978
2019-05-02 07:25:00,0.0021819432576497396
2019-05-02 07:30:00,0.001815986633300781
2019-05-02 07:35:00,0.001450030008951823
2019-05-02 07:40:00,0.0010840733846028646
2019-05-02 07:45:00,0.0007181167602539062
2019-05-02 07:50:00,0.005112239292689732
2019-05-02 07:55:00,0.0039899008614676336
2019-05-02 08:00:00,0.0028675624302455355
2019-05-02 08:05:00,0.0017452239990234375
2019-05-02 08:10:00,0.004672254834856305
2019-05-02 08:15:00,5.626678466796875e-05
2019-05-02 08:20:00,0.0027767817179361978
2019-05-02 08:25:00,0.005497296651204427
2019-05-02 08:30:00,0.009342193603515625
2019-05-02 08:35:00,0.008795976638793945
2019-05-02 08:40:00,0.008249759674072266
2019-05-02 08:45:00,0.007703542709350586
2019-05-02 08:50:00,0.007157325744628906
2019-05-02 08:55:00,0.0118560791015625
2019-05-02 09:00:00,0.00032901763916015625
2019-05-02 09:05:00,0.0001697540283203125
2019-05-02 09:10:00,0.000286102294921875
2019-05-02 09:15:00,0.0004024505615234375
2019-05-02 09:20:00,0.000518798828125
2019-05-02 09:25:00,0.0016750759548611112
2019-05-02 09:30:00,0.0028313530815972225
2019-05-02 09:35:00,0.003987630208333334
2019-05-02 09:40:00,0.005143907335069445
2019-05-02 09:45:00,0.006300184461805556
2019-05-02 09:50:00,0.007456461588541667
2019-05-02 09:55:00,0.008612738715277778
2019-05-02 10:00:00,0.00976901584201389
2019-05-02 10:05:00,0.01092529296875
2019-05-02 10:10:00,0.003753662109375
2019-05-02 10:15:00,0.0005922317504882812
2019-05-02 10:20:00,0.0005717277526855469
2019-05-02 10:25:00,0.0005512237548828125
2019-05-02 10:30:00,0.0005307197570800781
2019-05-02 10:35:00,0.0005102157592773438
2019-05-02 10:40:00,0.0033011436462402344
2019-05-02 10:45:00,0.006092071533203125
2019-05-02 10:50:00,0.004845619201660156
2019-05-02 10:55:00,0.0035991668701171875
2019-05-02 11:00:00,0.0023527145385742188
2019-05-02 11:05:00,0.00110626220703125
2019-05-02 11:10:00,0.0010072708129882813
2019-05-02 11:15:00,0.0009082794189453125
2019-05-02 11:20:00,0.0008092880249023438
2019-05-02 11:25:00,0.000710296630859375
2019-05-02 11:30:00,0.0006113052368164062
2019-05-02 11:35:00,0.00015544891357421875
2019-05-02 11:40:00,0.00028133392333984375
2019-05-02 11:45:00,0.01083996652186602
2019-05-02 11:50:00,0.00830238897681693
2019-05-02 11:55:00,0.00576481143176784
2019-05-02 12:00:00,0.00322723388671875
2019-05-02 12:05:00,0.0007572174072265625
2019-05-02 12:10:00,0.000650787353515625
2019-05-02 12:15:00,0.0005443572998046875
2019-05-02 12:20:00,0.00043792724609375
2019-05-02 12:25:00,0.0003314971923828125
2019-05-02 12:30:00,0.000225067138671875
2019-05-02 12:35:00,0.003864288330078125
2019-05-02 12:40:00,0.002182204672630797
2019-05-02 12:45:00,0.000500121015183469
2019-05-02 12:50:00,0.017248351523216732
2019-05-02 12:55:00,0.03399658203125
2019-05-02 13:00:00,0.026050567626953125
2019-05-02 13:05:00,0.01810455322265625
2019-05-02 13:10:00,0.010158538818359375
2019-05-02 13:15:00,0.0022125244140625
2019-05-02 13:20:00,0.002140045166015625
2019-05-02 13:25:00,0.03009033203125
2019-05-02 13:30:00,0.00035953521728515625
2019-05-02 13:35:00,0.03143310546875
2019-05-02 13:40:00,0.003038167953491211
2019-05-02 13:45:00,0.0031224489212036133
2019-05-02 13:50:00,0.0032067298889160156
2019-05-02 13:55:00,0.003291010856628418
2019-05-02 14:00:00,0.0033752918243408203
2019-05-02 14:05:00,0.0034595727920532227
2019-05-02 14:10:00,0.003543853759765625
2019-05-02 14:15:00,0.0008373260498046875
2019-05-02 14:20:00,9.441375732421875e-05
2019-05-02 14:25:00,0.0003541310628255208
2019-05-02 14:30:00,0.0006705919901529949
2019-05-02 14:35:00,0.0009870529174804688
2019-05-02 14:40:00,0.007262715891403257
2019-05-02 14:45:00,0.0007715225219726562
2019-05-02 14:50:00,0.011871337890625
2019-05-02 14:55:00,0.0006320242788277421
2019-05-02 15:00:00,0.011483192443847656
2019-05-02 15:05:00,0.009186553955078124
2019-05-02 15:10:00,0.006889915466308593
2019-05-02 15:15:00,0.004593276977539062
2019-05-02 15:20:00,0.00229663848876953
2019-05-02 15:25:00,0.0
2019-05-02 15:30:00,0.088623046875
2019-05-02 15:35:00,0.00019931793212890625
2019-05-02 15:40:00,0.00292205810546875
2019-05-02 15:45:00,0.006687759172798383
2019-05-02 15:50:00,0.0002085113525390625
2019-05-02 15:55:00,0.000647883415222168
2019-05-02 16:00:00,0.0010872554779052734
2019-05-02 16:05:00,0.0015266275405883788
2019-05-02 16:10:00,0.0019659996032714844
2019-05-02 16:15:00,0.012054443359375
2019-05-02 16:20:00,0.012143611907958984
2019-05-02 16:25:00,0.012044461568196614
2019-05-02 16:30:00,0.009158039093017578
2019-05-02 16:35:00,0.0062716166178385414
2019-05-02 16:40:00,0.003385194142659505
2019-05-02 16:45:00,0.0004987716674804688
2019-05-02 16:50:00,9.5367431640625e-05
2019-05-02 16:55:00,0.002262115478515625
2019-05-02 17:00:00,0.0012507438659667969
2019-05-02 17:05:00,0.00023937225341796875
2019-05-02 17:10:00,0.0007004737854003906
2019-05-02 17:15:00,0.0011615753173828125
2019-05-02 17:20:00,0.012391090393066406
2019-05-02 17:25:00,0.02362060546875
2019-05-02 17:30:00,0.0244293212890625
2019-05-02 17:35:00,0.025238037109375
2019-05-02 17:40:00,0.0113983154296875
2019-05-02 17:45:00,0.025051708879141973
2019-05-02 17:50:00,0.016142187447383487
2019-05-02 17:55:00,0.007232666015625
2019-05-02 18:00:00,0.0046253204345703125
2019-05-02 18:05:00,0.002017974853515625
2019-05-02 18:10:00,0.0027599334716796875
2019-05-02 18:15:00,0.00350189208984375
2019-05-02 18:20:00,0.013041019439697266
2019-05-02 18:25:00,0.02258014678955078
2019-05-02 18:30:00,0.0016422271728515625
2019-05-02 18:35:00,0.006448645818801153
2019-05-02 18:40:00,0.0052642822265625
2019-05-02 18:45:00,0.028435440909620132
2019-05-02 18:50:00,0.02000854548597071
2019-05-02 18:55:00,0.011581650062321293
2019-05-02 19:00:00,0.003154754638671875
2019-05-02 19:05:00,0.0030311856951032367
2019-05-02 19:10:00,0.0051403045654296875
2019-05-02 19:15:00,0.004939079284667969
2019-05-02 19:20:00,0.00473785400390625
2019-05-02 19:25:00,0.0033213615417480467
2019-05-02 19:30:00,0.0019048690795898438
2019-05-02 19:35:00,0.0005035400390625
2019-05-02 19:40:00,0.0044460296630859375
2019-05-02 19:45:00,0.0008502006530761719
2019-05-02 19:50:00,0.0012264251708984375
2019-05-02 19:55:00,0.0016026496887207031
2019-05-02 20:00:00,0.0056154727935791016
2019-05-02 20:05:00,0.0096282958984375
2019-05-02 20:10:00,0.0006794929504394531
2019-05-02 20:15:00,0.0037078857421875
2019-05-02 20:20:00,0.0007305145263671875
2019-05-02 20:25:00,0.004090150197347006
2019-05-02 20:30:00,0.007449785868326823
2019-05-02 20:35:00,0.004392375548680624
2019-05-02 20:40:00,0.0013349652290344238
2019-05-02 20:45:00,0.0110015869140625
2019-05-02 20:50:00,5.53131103515625e-05
2019-05-02 20:55:00,0.001995404561360677
2019-05-02 21:00:00,0.003935496012369791
2019-05-02 21:05:00,0.005875587463378906
2019-05-02 21:10:00,0.0067768096923828125
2019-05-02 21:15:00,0.00588226318359375
2019-05-02 21:20:00,0.00037097930908203125
2019-05-02 21:25:00,0.0032334327697753906
2019-05-02 21:30:00,0.00609588623046875
2019-05-02 21:35:00,0.007086563110351563
2019-05-02 21:40:00,0.008077239990234375
2019-05-02 21:45:00,0.009067916870117187
2019-05-02 21:50:00,0.01005859375
2019-05-02 21:55:00,0.011049270629882812
2019-05-02 22:00:00,0.00043981215533088236
2019-05-02 22:05:00,0.03976658412388393
2019-05-02 22:10:00,0.02010502134050642
2019-05-02 22:15:00,0.00044345855712890625
2019-05-02 22:20:00,0.010921740064433975
2019-05-02 22:25:00,0.021400021571739043
2019-05-02 22:30:00,0.031878303079044115
2019-05-02 22:35:00,0.0
2019-05-02 22:40:00,0.011487688337053572
2019-05-02 22:45:00,0.010542370024181548
2019-05-02 22:50:00,0.009597051711309524
2019-05-02 22:55:00,0.0086517333984375
2019-05-02 23:00:00,0.01788330078125
2019-05-02 23:05:00,0.011738594027533047
2019-05-02 23:10:00,0.0055938872738160944
2019-05-02 23:15:00,0.00015785510723407452
2019-05-02 23:20:00,0.00042690497178297774
2019-05-02 23:25:00,0.000695954836331881
2019-05-02 23:30:00,0.0009650047008807842
2019-05-02 23:35:00,0.0012340545654296875
2019-05-02 23:40:00,0.0005350112915039062
2019-05-02 23:45:00,0.014763355255126951
2019-05-02 23:50:00,0.02899169921875
2019-05-02 23:55:00,0.015193939208984377
2019-05-03 00:00:00,0.00139617919921875
2019-05-03 00:05:00,0.003124237060546875
2019-05-03 00:10:00,0.0017666816711425781
2019-05-03 00:15:00,0.00040912628173828125
2019-05-03 00:20:00,0.000335693359375
2019-05-03 00:25:00,0.00026226043701171875
2019-05-03 00:30:00,0.0322265625
2019-05-03 00:35:00,0.010555744171142578
2019-05-03 00:40:00,0.006578683853149414
2019-05-03 00:45:00,0.00260162353515625
2019-05-03 00:50:00,0.0017703374226888022
2019-05-03 00:55:00,0.0009390513102213542
2019-05-03 01:00:00,0.00010776519775390625
2019-05-03 01:05:00,0.019012451171875
2019-05-03 01:10:00,0.014351606369018555
2019-05-03 01:15:00,0.00969076156616211
2019-05-03 01:20:00,0.005029916763305664
2019-05-03 01:25:00,0.00036907196044921875
2019-05-03 01:30:00,0.003376007080078125
2019-05-03 01:35:00,0.0001678466796875
2019-05-03 01:40:00,0.03131103515625
2019-05-03 01:45:00,0.03086678187052409
2019-05-03 01:50:00,0.030422528584798176
2019-05-03 01:55:00,0.029978275299072266
2019-05-03 02:00:00,0.029534022013346355
2019-05-03 02:05:00,0.02908976872762044
2019-05-03 02:10:00,0.02864551544189453
2019-05-03 02:15:00,0.02164316177368164
2019-05-03 02:20:00,0.01464080810546875
2019-05-03 02:25:00,0.007638454437255859
2019-05-03 02:30:00,0.0006361007690429688
2019-05-03 02:35:00,0.00014209747314453125
2019-05-03 02:40:00,0.024915695190429688
2019-05-03 02:45:00,0.049689292907714844
2019-05-03 02:50:00,0.074462890625
2019-05-03 02:55:00,0.0044994354248046875
2019-05-03 03:00:00,0.001522064208984375
2019-05-03 03:05:00,0.0024466514587402344
2019-05-03 03:10:00,0.0033712387084960938
2019-05-03 03:15:00,0.004295825958251953
2019-05-03 03:20:00,0.00768280029296875
2019-05-03 03:25:00,0.00730133056640625
2019-05-03 03:30:00,0.00691986083984375
2019-05-03 03:35:00,0.00653839111328125
2019-05-03 03:40:00,0.00615692138671875
2019-05-03 03:45:00,0.000148773193359375
2019-05-03 03:50:00,0.0012836456298828125
2019-05-03 03:55:00,0.027741432189941406
2019-05-03 04:00:00,0.05419921875
2019-05-03 04:05:00,0.010589599609375
2019-05-03 04:10:00,0.005501747131347656
2019-05-03 04:15:00,0.0004138946533203125
2019-05-03 04:20:00,0.0003668467203776042
2019-05-03 04:25:00,0.0003197987874348958
2019-05-03 04:30:00,0.0002727508544921875
2019-05-03 04:35:00,0.00333404541015625
2019-05-03 04:40:00,0.00539398193359375
2019-05-03 04:45:00,0.00745391845703125
2019-05-03 04:50:00,0.000347137451171875
2019-05-03 04:55:00,0.00042510032653808594
2019-05-03 05:00:00,0.0005030632019042969
2019-05-03 05:05:00,0.0005810260772705078
2019-05-03 05:10:00,0.0006589889526367188
2019-05-03 05:15:00,0.0027693401683460584
2019-05-03 05:20:00,0.001476814449836911
2019-05-03 05:25:00,0.0001842887313277633
2019-05-03 05:30:00,0.0005656436637595847
2019-05-03 05:35:00,0.0009469985961914062
2019-05-03 05:40:00,0.000762939453125
2019-05-03 05:45:00,0.0005788803100585938
2019-05-03 05:50:00,0.0003948211669921875
2019-05-03 05:55:00,0.0174560546875
2019-05-03 06:00:00,0.00031757354736328125
2019-05-03 06:05:00,0.0004062652587890625
2019-05-03 06:10:00,0.0009485880533854166
2019-05-03 06:15:00,0.0014909108479817708
2019-05-03 06:20:00,0.002033233642578125
2019-05-03 06:25:00,0.006608703488209209
2019-05-03 06:30:00,9.1552734375e-05
2019-05-03 06:35:00,0.0003648506578548934
2019-05-03 06:40:00,0.0006381485813347868
2019-05-03 06:45:00,0.0009114465048146803
2019-05-03 06:50:00,0.030426025390625
2019-05-03 06:55:00,0.01629471778869629
2019-05-03 07:00:00,0.002163410186767578
2019-05-03 07:05:00,0.00022125244140625
2019-05-03 07:10:00,0.00598907470703125
2019-05-03 07:15:00,0.006413777669270833
2019-05-03 07:20:00,0.006838480631510417
2019-05-03 07:25:00,0.00726318359375
2019-05-03 07:30:00,0.007404872349330357
2019-05-03 07:35:00,0.007546561104910714
2019-05-03 07:40:00,0.007688249860491071
2019-05-03 07:45:00,0.007829938616071428
2019-05-03 07:50:00,0.007971627371651786
2019-05-03 07:55:00,0.008113316127232142
2019-05-03 08:00:00,0.0082550048828125
2019-05-03 08:05:00,0.0022106170654296875
2019-05-03 08:10:00,0.0016031265258789062
2019-05-03 08:15:00,0.000995635986328125
2019-05-03 08:20:00,0.0006208419799804688
2019-05-03 08:25:00,0.0002460479736328125
2019-05-03 08:30:00,0.00016689300537109375
2019-05-03 08:35:00,0.00017939673529730903
2019-05-03 08:40:00,0.0001919004652235243
2019-05-03 08:45:00,0.0002044041951497396
2019-05-03 08:50:00,0.0006684962326918191
2019-05-03 08:55:00,0.0011325882702338985
2019-05-03 09:00:00,0.0015966803077759782
2019-05-03 09:05:00,0.0020607723453180578
2019-05-03 09:10:00,0.002524864382860137
2019-05-03 09:15:00,0.0019296494925894387
2019-05-03 09:20:00,0.0013344346023187405
2019-05-03 09:25:00,0.000739219712048042
2019-05-03 09:30:00,0.00014400482177734375
2019-05-03 09:35:00,0.002017974853515625
2019-05-03 09:40:00,0.0011034011840820312
2019-05-03 09:45:00,0.0001888275146484375
2019-05-03 09:50:00,0.0016083717346191406
2019-05-03 09:55:00,0.0030279159545898438
2019-05-03 10:00:00,0.004447460174560547
2019-05-03 10:05:00,0.00586700439453125
2019-05-03 10:10:00,1.239776611328125e-05
2019-05-03 10:15:00,0.00039686475481305806
2019-05-03 10:20:00,0.0007813317435128349
2019-05-03 10:25:00,0.0006857145400274368
2019-05-03 10:30:00,0.0005900973365420387
2019-05-03 10:35:00,0.0004944801330566406
2019-05-03 10:40:00,0.0012378692626953125
2019-05-03 10:45:00,0.0020383199055989585
2019-05-03 10:50:00,0.0028387705485026045
2019-05-03 10:55:00,0.00363922119140625
2019-05-03 11:00:00,0.00010538101196289062
2019-05-03 11:05:00,0.001537481943766276
2019-05-03 11:10:00,0.002969582875569661
2019-05-03 11:15:00,0.004401683807373047
2019-05-03 11:20:00,0.00011730194091796875
2019-05-03 11:25:00,0.0019030570983886719
2019-05-03 11:30:00,0.003688812255859375
2019-05-03 11:35:00,0.0038251876831054688
2019-05-03 11:40:00,0.0039615631103515625
2019-05-03 11:45:00,0.004097938537597656
2019-05-03 11:50:00,0.00423431396484375
2019-05-03 11:55:00,0.00039005279541015625
2019-05-03 12:00:00,0.00031566619873046875
2019-05-03 12:05:00,0.023332629371528052
2019-05-03 12:10:00,0.046349592544325635
2019-05-03 12:15:00,0.0004825592041015625
2019-05-03 12:20:00,0.00023746490478515625
2019-05-03 12:25:00,0.0007637977600097656
2019-05-03 12:30:00,0.001290130615234375
2019-05-03 12:35:00,0.0018164634704589844
2019-05-03 12:40:00,0.0023427963256835937
2019-05-03 12:45:00,0.002869129180908203
2019-05-03 12:50:00,0.0033954620361328126
2019-05-03 12:55:00,0.003921794891357422
2019-05-03 13:00:00,0.004448127746582031
2019-05-03 13:05:00,0.004974460601806641
2019-05-03 13:10:00,0.00550079345703125
2019-05-03 13:15:00,0.0017268610935585172
2019-05-03 13:20:00,0.0015607441172880284
2019-05-03 13:25:00,0.00139462714101754
2019-05-03 13:30:00,0.001228510164747051
2019-05-03 13:35:00,0.0010623931884765625
2019-05-03 13:40:00,0.0018243342638015747
2019-05-03 13:45:00,0.002586275339126587
2019-05-03 13:50:00,0.0034560486674308777
2019-05-03 13:55:00,0.0043258219957351685
2019-05-03 14:00:00,0.005195595324039459
2019-05-03 14:05:00,0.00606536865234375
2019-05-03 14:10:00,0.0005331039428710938
2019-05-03 14:15:00,0.0066013336181640625
2019-05-03 14:20:00,0.012669563293457031
2019-05-03 14:25:00,0.01873779296875
2019-05-03 14:30:00,9.918212890625e-05
2019-05-03 14:35:00,0.0013408660888671875
2019-05-03 14:40:00,0.002582550048828125
2019-05-03 14:45:00,0.0013227462768554688
2019-05-03 14:50:00,6.29425048828125e-05
2019-05-03 14:55:00,0.0068817138671875
2019-05-03 15:00:00,0.005332231521606445
2019-05-03 15:05:00,0.0037827491760253906
2019-05-03 15:10:00,0.002233266830444336
2019-05-03 15:15:00,0.0006837844848632812
2019-05-03 15:20:00,0.0022606849670410156
2019-05-03 15:25:00,0.00383758544921875
2019-05-03 15:30:00,0.0006580352783203125
2019-05-03 15:35:00,0.0006866455078125
2019-05-03 15:40:00,0.0007152557373046875
2019-05-03 15:45:00,0.0005815029144287109
2019-05-03 15:50:00,0.0004477500915527344
2019-05-03 15:55:00,0.0003139972686767578
2019-05-03 16:00:00,0.00018024444580078125
2019-05-03 16:05:00,0.004508018493652344
2019-05-03 16:10:00,0.0
2019-05-03 16:15:00,0.00010824203491210938
2019-05-03 16:20:00,0.00521087646484375
2019-05-03 16:25:00,0.00012445449829101562
2019-05-03 16:30:00,0.001992464065551758
2019-05-03 16:35:00,0.0038604736328125
2019-05-03 16:40:00,0.0020003318786621094
2019-05-03 16:45:00,0.00014019012451171875
2019-05-03 16:50:00,0.0008611679077148438
2019-05-03 16:55:00,0.0008063316345214844
2019-05-03 17:00:00,0.000751495361328125
2019-05-03 17:05:00,0.0022869110107421875
2019-05-03 17:10:00,0.00382232666015625
2019-05-03 17:15:00,0.0001201629638671875
2019-05-03 17:20:00,0.0340576171875
2019-05-03 17:25:00,0.020498586255450583
2019-05-03 17:30:00,0.006939555323401163
2019-05-03 17:35:00,0.00043773651123046875
2019-05-03 17:40:00,0.0017709732055664062
2019-05-03 17:45:00,0.0247802734375
2019-05-03 17:50:00,0.0001983642578125
2019-05-03 17:55:00,0.0011997222900390625
2019-05-03 18:00:00,0.002201080322265625
2019-05-03 18:05:00,0.0032024383544921875
2019-05-03 18:10:00,0.00420379638671875
2019-05-03 18:15:00,0.00322723388671875
2019-05-03 18:20:00,0.0116729736328125
2019-05-03 18:25:00,0.0001888275146484375
2019-05-03 18:30:00,0.0006910959879557291
2019-05-03 18:35:00,0.0011933644612630208
2019-05-03 18:40:00,0.0016956329345703125
2019-05-03 18:45:00,0.002178192138671875
2019-05-03 18:50:00,0.00504302978515625
2019-05-03 18:55:00,0.009555816650390625
2019-05-03 19:00:00,0.014068603515625
2019-05-03 19:05:00,0.0001964569091796875
2019-05-03 19:10:00,0.010649363199869791
2019-05-03 19:15:00,0.021102269490559895
2019-05-03 19:20:00,0.03155517578125
2019-05-03 19:25:00,0.022333780924479164
2019-05-03 19:30:00,0.013112386067708332
2019-05-03 19:35:00,0.0038909912109375
2019-05-03 19:40:00,0.0019505023956298828
2019-05-03 19:45:00,0.003680706024169922
2019-05-03 19:50:00,0.005410909652709961
2019-05-03 19:55:00,0.00714111328125
2019-05-03 20:00:00,0.001430511474609375
2019-05-03 20:05:00,0.0008192062377929688
2019-05-03 20:10:00,0.0002079010009765625
2019-05-03 20:15:00,0.008574485778808594
2019-05-03 20:20:00,0.004419803619384766
2019-05-03 20:25:00,0.0002651214599609375
2019-05-03 20:30:00,0.0017957687377929685
2019-05-03 20:35:00,0.003326416015625
2019-05-03 20:40:00,0.008380651473999023
2019-05-03 20:45:00,0.00023174285888671875
2019-05-03 20:50:00,0.01531982421875
2019-05-03 20:55:00,0.017486572265625
2019-05-03 21:00:00,0.013320684432983398
2019-05-03 21:05:00,0.009154796600341797
2019-05-03 21:10:00,0.004988908767700195
2019-05-03 21:15:00,0.0008230209350585938
2019-05-03 21:20:00,0.00731658935546875
2019-05-03 21:25:00,8.0108642578125e-05
2019-05-03 21:30:00,0.011039733886718748
2019-05-03 21:35:00,0.02199935913085937
2019-05-03 21:40:00,0.032958984375
2019-05-03 21:45:00,0.018238067626953125
2019-05-03 21:50:00,0.00351715087890625
2019-05-03 21:55:00,0.0068551699320475255
2019-05-03 22:00:00,0.010193188985188801
2019-05-03 22:05:00,0.013531208038330078
2019-05-03 22:10:00,0.007517099380493164
2019-05-03 22:15:00,0.00150299072265625
2019-05-03 22:20:00,0.000751495361328125
2019-05-03 22:25:00,0.0
2019-05-03 22:30:00,0.00341796875
2019-05-03 22:35:00,0.00514984130859375
2019-05-03 22:40:00,0.002796173095703125
2019-05-03 22:45:00,0.0116729736328125
2019-05-03 22:50:00,0.0009517669677734375
2019-05-03 22:55:00,0.023529052734375
2019-05-03 23:00:00,0.0
2019-05-03 23:05:00,0.0034332275390625
2019-05-03 23:10:00,0.006866455078125
2019-05-03 23:15:00,0.0102996826171875
2019-05-03 23:20:00,0.01373291015625
2019-05-03 23:25:00,0.010340452194213867
2019-05-03 23:30:00,0.006947994232177734
2019-05-03 23:35:00,0.0035555362701416016
2019-05-03 23:40:00,0.00016307830810546875
2019-05-03 23:45:00,0.0015251413981119794
2019-05-03 23:50:00,0.00288720448811849
2019-05-03 23:55:00,0.004249267578125
2019-05-04 00:00:00,0.0026843564650591684
2019-05-04 00:05:00,0.0011194453519933363
2019-05-04 00:10:00,0.012453079223632812
2019-05-04 00:15:00,0.00020313262939453125
2019-05-04 00:20:00,0.0061382966883042275
2019-05-04 00:25:00,0.012073460747213924
2019-05-04 00:30:00,0.02133941650390625
2019-05-04 00:35:00,0.0080413818359375
2019-05-04 00:40:00,0.00406646728515625
2019-05-04 00:45:00,0.0029897689819335938
2019-05-04 00:50:00,0.0019130706787109375
2019-05-04 00:55:00,0.004098256429036458
2019-05-04 01:00:00,0.006283442179361979
2019-05-04 01:05:00,0.0084686279296875
2019-05-04 01:10:00,6.961822509765625e-05
2019-05-04 01:15:00,0.004504680633544922
2019-05-04 01:20:00,0.008939743041992188
2019-05-04 01:25:00,0.002838134765625
2019-05-04 01:30:00,0.0020360946655273438
2019-05-04 01:35:00,0.0012340545654296875
2019-05-04 01:40:00,0.0006170272827148438
2019-05-04 01:45:00,0.0
2019-05-04 01:50:00,9.608268737792969e-05
2019-05-04 01:55:00,0.00019216537475585938
2019-05-04 02:00:00,0.00028824806213378906
2019-05-04 02:05:00,0.00038433074951171875
2019-05-04 02:10:00,0.00597381591796875
2019-05-04 02:15:00,4.482269287109375e-05
2019-05-04 02:20:00,0.007605075836181641
2019-05-04 02:25:00,0.015165328979492188
2019-05-04 02:30:00,0.018767356872558594
2019-05-04 02:35:00,0.022369384765625
2019-05-04 02:40:00,6.008148193359375e-05
2019-05-04 02:45:00,0.0318603515625
2019-05-04 02:50:00,0.021329243977864582
2019-05-04 02:55:00,0.010798136393229164
2019-05-04 03:00:00,0.00026702880859375
2019-05-04 03:05:00,0.00024127960205078125
2019-05-04 03:10:00,0.0002155303955078125
2019-05-04 03:15:00,0.00018978118896484375
2019-05-04 03:20:00,0.01397072750589122
2019-05-04 03:25:00,0.027751673822817596
2019-05-04 03:30:00,0.020843557689500893
2019-05-04 03:35:00,0.013935441556184189
2019-05-04 03:40:00,0.007027325422867485
2019-05-04 03:45:00,0.00011920928955078125
2019-05-04 03:50:00,6.67572021484375e-05
2019-05-04 03:55:00,1.430511474609375e-05
2019-05-04 04:00:00,0.0138702392578125
2019-05-04 04:05:00,0.010800679524739582
2019-05-04 04:10:00,0.007731119791666666
2019-05-04 04:15:00,0.00466156005859375
2019-05-04 04:20:00,0.0038356781005859375
2019-05-04 04:25:00,0.003009796142578125
2019-05-04 04:30:00,0.0021839141845703125
2019-05-04 04:35:00,0.0013580322265625
2019-05-04 04:40:00,0.0005321502685546875
2019-05-04 04:45:00,0.00017070770263671875
2019-05-04 04:50:00,0.0016664247664194259
2019-05-04 04:55:00,0.003162141830202133
2019-05-04 05:00:00,0.00465785889398484
2019-05-04 05:05:00,0.012840964577414772
2019-05-04 05:10:00,0.008678262883966618
2019-05-04 05:15:00,0.004515561190518465
2019-05-04 05:20:00,0.0003528594970703125
2019-05-04 05:25:00,0.00012662193991921166
2019-05-04 05:30:00,0.00033283233642578125
2019-05-04 05:35:00,0.0009288787841796875
2019-05-04 05:40:00,0.0011792580286661785
2019-05-04 05:45:00,0.0014296372731526694
2019-05-04 05:50:00,0.0016800165176391602
2019-05-04 05:55:00,0.0021694302558898926
2019-05-04 06:00:00,0.002658843994140625
2019-05-04 06:05:00,0.0018288294474283853
2019-05-04 06:10:00,0.0009988149007161458
2019-05-04 06:15:00,0.00016880035400390625
2019-05-04 06:20:00,0.01092529296875
2019-05-04 06:25:00,0.00774740811550256
2019-05-04 06:30:00,0.004569523262255119
2019-05-04 06:35:00,0.022933483123779297
2019-05-04 06:40:00,0.0057830810546875
2019-05-04 06:45:00,0.0028915405273437504
2019-05-04 06:50:00,0.0
2019-05-04 06:55:00,7.05718994140625e-05
2019-05-04 07:00:00,0.010594367980957031
2019-05-04 07:05:00,0.0211181640625
2019-05-04 07:10:00,0.014413414931878811
2019-05-04 07:15:00,0.014057903755001905
2019-05-04 07:20:00,0.013702392578125
2019-05-04 07:25:00,0.009679794311523438
2019-05-04 07:30:00,0.005657196044921875
2019-05-04 07:35:00,0.0016345977783203125
2019-05-04 07:40:00,0.00195463498433431
2019-05-04 07:45:00,0.0022746721903483076
2019-05-04 07:50:00,0.0025947093963623047
2019-05-04 07:55:00,0.0029147466023763022
2019-05-04 08:00:00,6.580352783203125e-05
2019-05-04 08:05:00,0.008120059967041016
2019-05-04 08:10:00,0.01617431640625
2019-05-04 08:15:00,0.0001068115234375
2019-05-04 08:20:00,0.0003110997817095588
2019-05-04 08:25:00,0.00024887982536764703
2019-05-04 08:30:00,0.0001866598690257353
2019-05-04 08:35:00,0.00012443991268382352
2019-05-04 08:40:00,6.221995634191177e-05
2019-05-04 08:45:00,0.0
2019-05-04 08:50:00,0.0013402303059895833
2019-05-04 08:55:00,0.0026804606119791665
2019-05-04 09:00:00,0.00402069091796875
2019-05-04 09:05:00,0.025325775146484375
2019-05-04 09:10:00,0.046630859375
2019-05-04 09:15:00,0.044270833333333336
2019-05-04 09:20:00,0.041910807291666664
2019-05-04 09:25:00,0.03955078125
2019-05-04 09:30:00,0.03719075520833333
2019-05-04 09:35:00,0.034830729166666664
2019-05-04 09:40:00,0.032470703125
2019-05-04 09:45:00,0.02446746826171875
2019-05-04 09:50:00,0.0164642333984375
2019-05-04 09:55:00,0.00846099853515625
2019-05-04 10:00:00,0.000457763671875
2019-05-04 10:05:00,0.0088348388671875
2019-05-04 10:10:00,0.00504302978515625
2019-05-04 10:15:00,0.001251220703125
2019-05-04 10:20:00,0.0010225985062684063
2019-05-04 10:25:00,0.02227783203125
2019-05-04 10:30:00,0.012346267700195312
2019-05-04 10:35:00,0.002414703369140625
2019-05-04 10:40:00,0.0224609375
2019-05-04 10:45:00,0.015070597330729168
2019-05-04 10:50:00,0.007680257161458334
2019-05-04 10:55:00,0.0002899169921875
2019-05-04 11:00:00,0.002666473388671875
2019-05-04 11:05:00,0.00504302978515625
2019-05-04 11:10:00,0.006432342529296875
2019-05-04 11:15:00,0.003232383728027344
2019-05-04 11:20:00,3.24249267578125e-05
2019-05-04 11:25:00,0.005157470703125
2019-05-04 11:30:00,0.00017547607421875
2019-05-04 11:35:00,0.000499725341796875
2019-05-04 11:40:00,0.011556625366210938
2019-05-04 11:45:00,0.022613525390625
2019-05-04 11:50:00,0.011694908142089844
2019-05-04 11:55:00,0.0007762908935546875
2019-05-04 12:00:00,0.00067138671875
2019-05-04 12:05:00,0.0005664825439453125
2019-05-04 12:10:00,0.0007475614547729492
2019-05-04 12:15:00,0.0009286403656005859
2019-05-04 12:20:00,0.0011097192764282227
2019-05-04 12:25:00,0.0012907981872558594
2019-05-04 12:30:00,0.00241851806640625
2019-05-04 12:35:00,0.0080108642578125
2019-05-04 12:40:00,0.006155649820963542
2019-05-04 12:45:00,0.004300435384114584
2019-05-04 12:50:00,0.002445220947265625
2019-05-04 12:55:00,0.0069446563720703125
2019-05-04 13:00:00,0.0
2019-05-04 13:05:00,0.0279541015625
2019-05-04 13:10:00,0.055908203125
2019-05-04 13:15:00,0.028026580810546875
2019-05-04 13:20:00,0.00014495849609375
2019-05-04 13:25:00,0.0019072703826121795
2019-05-04 13:30:00,0.003669582269130609
2019-05-04 13:35:00,0.005431894155649038
2019-05-04 13:40:00,0.007194206042167468
2019-05-04 13:45:00,0.008956517928685898
2019-05-04 13:50:00,0.00671108138721359
2019-05-04 13:55:00,0.004465644845741281
2019-05-04 14:00:00,0.0022202083042689733
2019-05-04 14:05:00,0.0012969970703125
2019-05-04 14:10:00,0.0010900497436523438
2019-05-04 14:15:00,0.0008831024169921875
2019-05-04 14:20:00,0.0007122296553391677
2019-05-04 14:25:00,0.0005413568936861479
2019-05-04 14:30:00,0.00037048413203312805
2019-05-04 14:35:00,0.00019961137038010819
2019-05-04 14:40:00,0.00042629241943359375
2019-05-04 14:45:00,0.0006654262542724609
2019-05-04 14:50:00,0.0009045600891113281
2019-05-04 14:55:00,0.0011436939239501953
2019-05-04 15:00:00,0.0013828277587890625
2019-05-04 15:05:00,0.006176948547363282
2019-05-04 15:10:00,0.0109710693359375
2019-05-04 15:15:00,0.025238037109375
2019-05-04 15:20:00,0.028302510579427082
2019-05-04 15:25:00,0.0009126663208007812
2019-05-04 15:30:00,0.00944375991821289
2019-05-04 15:35:00,0.017974853515625
2019-05-04 15:40:00,0.0066070556640625
2019-05-04 15:45:00,0.004598140716552734
2019-05-04 15:50:00,0.0025892257690429688
2019-05-04 15:55:00,0.0005803108215332031
2019-05-04 16:00:00,0.00934488508436415
2019-05-04 16:05:00,0.018109459347195097
2019-05-04 16:10:00,0.010257789823744033
2019-05-04 16:15:00,0.0024061203002929688
2019-05-04 16:20:00,0.00270843505859375
2019-05-04 16:25:00,0.0018447240193684895
2019-05-04 16:30:00,0.000981012980143229
2019-05-04 16:35:00,0.00011730194091796875
2019-05-04 16:40:00,0.003689448038736979
2019-05-04 16:45:00,0.007261594136555989
2019-05-04 16:50:00,0.010833740234375
2019-05-04 16:55:00,0.0218505859375
2019-05-04 17:00:00,0.010994434356689455
2019-05-04 17:05:00,0.00013828277587890625
2019-05-04 17:10:00,9.34600830078125e-05
2019-05-04 17:15:00,0.0003619194030761719
2019-05-04 17:20:00,0.0006303787231445312
2019-05-04 17:25:00,0.0004143714904785156
2019-05-04 17:30:00,0.0001983642578125
2019-05-04 17:35:00,0.005153131484985351
2019-05-04 17:40:00,0.010107898712158203
2019-05-04 17:45:00,0.0044360387892950146
2019-05-04 17:50:00,0.011571657089960007
2019-05-04 17:55:00,0.018707275390625
2019-05-04 18:00:00,0.025675455729166668
2019-05-04 18:05:00,0.032643636067708336
2019-05-04 18:10:00,0.03961181640625
2019-05-04 18:15:00,0.035400390625
2019-05-04 18:20:00,0.00261688232421875
2019-05-04 18:25:00,0.011821746826171875
2019-05-04 18:30:00,0.021026611328125
2019-05-04 18:35:00,0.011627197265625
2019-05-04 18:40:00,0.0155487060546875
2019-05-04 18:45:00,0.010040283203125
2019-05-04 18:50:00,0.0045318603515625
2019-05-04 18:55:00,0.013580322265625
2019-05-04 19:00:00,0.010206460952758789
2019-05-04 19:05:00,0.006832599639892578
2019-05-04 19:10:00,0.003458738327026367
2019-05-04 19:15:00,8.487701416015625e-05
2019-05-04 19:20:00,0.010986328125
2019-05-04 19:25:00,0.005541324615478516
2019-05-04 19:30:00,9.632110595703125e-05
2019-05-04 19:35:00,0.007114897952990585
2019-05-04 19:40:00,0.006222161282314343
2019-05-04 19:45:00,0.0053294246116381006
2019-05-04 19:50:00,0.004436687940961859
2019-05-04 19:55:00,0.003543951270285617
2019-05-04 20:00:00,0.002651214599609375
2019-05-04 20:05:00,0.0233154296875
2019-05-04 20:10:00,0.013448715209960938
2019-05-04 20:15:00,0.003582000732421875
2019-05-04 20:20:00,0.0024671554565429688
2019-05-04 20:25:00,0.0013523101806640625
2019-05-04 20:30:00,0.00023746490478515625
2019-05-04 20:35:00,0.008727542937748016
2019-05-04 20:40:00,0.005072461525308053
2019-05-04 20:45:00,0.001417380112868089
2019-05-04 20:50:00,0.0032718854072766425
2019-05-04 20:55:00,0.005126390701685197
2019-05-04 21:00:00,0.00698089599609375
2019-05-04 21:05:00,0.004710197448730469
2019-05-04 21:10:00,0.0024394989013671875
2019-05-04 21:15:00,0.00016880035400390625
2019-05-04 21:20:00,0.0040187835693359375
2019-05-04 21:25:00,0.007868766784667969
2019-05-04 21:30:00,0.01171875
2019-05-04 21:35:00,0.033203125
2019-05-04 21:40:00,0.02217578887939453
2019-05-04 21:45:00,0.011148452758789062
2019-05-04 21:50:00,0.00012111663818359375
2019-05-04 21:55:00,0.00017595291137695312
2019-05-04 22:00:00,0.0002307891845703125
2019-05-04 22:05:00,0.0004832744598388672
2019-05-04 22:10:00,0.0007357597351074219
2019-05-04 22:15:00,0.0009882450103759766
2019-05-04 22:20:00,0.0012407302856445312
2019-05-04 22:25:00,0.001493215560913086
2019-05-04 22:30:00,0.0017457008361816406
2019-05-04 22:35:00,0.0019981861114501953
2019-05-04 22:40:00,0.00225067138671875
2019-05-04 22:45:00,0.006351470947265625
2019-05-04 22:50:00,0.0104522705078125
2019-05-04 22:55:00,0.000209808349609375
2019-05-04 23:00:00,0.00013256072998046875
2019-05-04 23:05:00,6.628036499023438e-05
2019-05-04 23:10:00,0.0
2019-05-04 23:15:00,0.0006125313895089286
2019-05-04 23:20:00,0.0012250627790178572
2019-05-04 23:25:00,0.0018375941685267857
2019-05-04 23:30:00,0.0015773773193359375
2019-05-04 23:35:00,0.0013322830200195312
2019-05-04 23:40:00,0.001087188720703125
2019-05-04 23:45:00,0.0008420944213867188
2019-05-04 23:50:00,0.02435302734375
2019-05-04 23:55:00,0.00017070770263671875
2019-05-05 00:00:00,0.01424551010131836
2019-05-05 00:05:00,0.0283203125
2019-05-05 00:10:00,0.014310836791992188
2019-05-05 00:15:00,0.000301361083984375
2019-05-05 00:20:00,0.0003845850626627604
2019-05-05 00:25:00,0.0004678090413411458
2019-05-05 00:30:00,0.0005510330200195312
2019-05-05 00:35:00,0.0004391988118489583
2019-05-05 00:40:00,0.0003273646036783854
2019-05-05 00:45:00,0.0002155303955078125
2019-05-05 00:50:00,0.000472259521484375
2019-05-05 00:55:00,0.0007289886474609375
2019-05-05 01:00:00,0.0009857177734375
2019-05-05 01:05:00,0.0012424468994140625
2019-05-05 01:10:00,0.001499176025390625
2019-05-05 01:15:00,0.0005550384521484375
2019-05-05 01:20:00,0.0006659825642903645
2019-05-05 01:25:00,0.0007769266764322916
2019-05-05 01:30:00,0.0006043910980224609
2019-05-05 01:35:00,0.0004318555196126302
2019-05-05 01:40:00,0.00025931994120279955
2019-05-05 01:45:00,8.678436279296875e-05
2019-05-05 01:50:00,0.0002384185791015625
2019-05-05 01:55:00,0.00039005279541015625
2019-05-05 02:00:00,0.00054168701171875
2019-05-05 02:05:00,0.0006933212280273438
2019-05-05 02:10:00,0.000492095947265625
2019-05-05 02:15:00,0.00021457672119140625
2019-05-05 02:20:00,0.005569934844970703
2019-05-05 02:25:00,0.01092529296875
2019-05-05 02:30:00,0.000186920166015625
2019-05-05 02:35:00,0.0001373291015625
2019-05-05 02:40:00,0.00394439697265625
2019-05-05 02:45:00,0.013391978705107277
2019-05-05 02:50:00,0.013355669944779451
2019-05-05 02:55:00,0.013319361184451626
2019-05-05 03:00:00,0.0132830524241238
2019-05-05 03:05:00,0.013246743663795977
2019-05-05 03:10:00,0.013210434903468151
2019-05-05 03:15:00,0.013174126143140326
2019-05-05 03:20:00,0.0131378173828125
2019-05-05 03:25:00,0.014034271240234375
2019-05-05 03:30:00,0.01493072509765625
2019-05-05 03:35:00,0.015827178955078125
2019-05-05 03:40:00,0.0167236328125
2019-05-05 03:45:00,0.00449371337890625
2019-05-05 03:50:00,0.0034008026123046875
2019-05-05 03:55:00,0.002307891845703125
2019-05-05 04:00:00,0.00450897216796875
2019-05-05 04:05:00,0.0029144287109375
2019-05-05 04:10:00,0.00131988525390625
2019-05-05 04:15:00,0.0019683837890625
2019-05-05 04:20:00,0.0015571117401123047
2019-05-05 04:25:00,0.0011458396911621094
2019-05-05 04:30:00,0.0007345676422119141
2019-05-05 04:35:00,0.00032329559326171875
2019-05-05 04:40:00,0.0017409324645996094
2019-05-05 04:45:00,0.0031585693359375
2019-05-05 04:50:00,0.002674102783203125
2019-05-05 04:55:00,0.00218963623046875
2019-05-05 05:00:00,0.001705169677734375
2019-05-05 05:05:00,0.015150070190429688
2019-05-05 05:10:00,0.028594970703125
2019-05-05 05:15:00,0.01914564768473307
2019-05-05 05:20:00,0.009696324666341145
2019-05-05 05:25:00,0.00024700164794921875
2019-05-05 05:30:00,0.00023333231608072916
2019-05-05 05:35:00,0.0002196629842122396
2019-05-05 05:40:00,0.00020599365234375
2019-05-05 05:45:00,0.00019550323486328125
2019-05-05 05:50:00,0.0001850128173828125
2019-05-05 05:55:00,0.00017452239990234375
2019-05-05 06:00:00,0.000164031982421875
2019-05-05 06:05:00,0.00015354156494140625
2019-05-05 06:10:00,0.00014829635620117188
2019-05-05 06:15:00,0.0001430511474609375
2019-05-05 06:20:00,0.0001285076141357422
2019-05-05 06:25:00,0.00011396408081054688
2019-05-05 06:30:00,9.942054748535156e-05
2019-05-05 06:35:00,8.487701416015625e-05
2019-05-05 06:40:00,0.023307521168778583
2019-05-05 06:45:00,0.011917928370033823
2019-05-05 06:50:00,0.0005283355712890625
2019-05-05 06:55:00,0.0004949569702148438
2019-05-05 07:00:00,0.000461578369140625
2019-05-05 07:05:00,0.00042819976806640625
2019-05-05 07:10:00,0.013641357421875
2019-05-05 07:15:00,0.0008325576782226562
2019-05-05 07:20:00,0.00047234966330332297
2019-05-05 07:25:00,0.00011214164838398972
2019-05-05 07:30:00,0.0042400360107421875
2019-05-05 07:35:00,0.003826565212673611
2019-05-05 07:40:00,0.0034130944146050345
2019-05-05 07:45:00,0.002999623616536458
2019-05-05 07:50:00,0.002586152818467882
2019-05-05 07:55:00,0.0021726820203993055
2019-05-05 08:00:00,0.001759211222330729
2019-05-05 08:05:00,0.0013457404242621525
2019-05-05 08:10:00,0.0009322696261935765
2019-05-05 08:15:00,0.000518798828125
2019-05-05 08:20:00,0.0004000663757324219
2019-05-05 08:25:00,0.00028133392333984375
2019-05-05 08:30:00,0.0003795623779296875
2019-05-05 08:35:00,0.00047779083251953125
2019-05-05 08:40:00,0.000576019287109375
2019-05-05 08:45:00,0.0148468017578125
2019-05-05 08:50:00,0.011319875717163086
2019-05-05 08:55:00,0.007792949676513672
2019-05-05 09:00:00,0.004266023635864258
2019-05-05 09:05:00,0.0007390975952148438
2019-05-05 09:10:00,0.003384113311767578
2019-05-05 09:15:00,0.0060291290283203125
2019-05-05 09:20:00,0.008674144744873047
2019-05-05 09:25:00,0.008931756019592285
2019-05-05 09:30:00,0.009189367294311523
2019-05-05 09:35:00,0.009446978569030762
2019-05-05 09:40:00,0.00970458984375
2019-05-05 09:45:00,0.0005955696105957031
2019-05-05 09:50:00,0.00635528564453125
2019-05-05 09:55:00,0.0001087188720703125
2019-05-05 10:00:00,0.00013033548990885416
2019-05-05 10:05:00,0.00015195210774739584
2019-05-05 10:10:00,0.0001735687255859375
2019-05-05 10:15:00,0.03460693359375
2019-05-05 10:20:00,0.002361297607421875
2019-05-05 10:25:00,0.0012531280517578125
2019-05-05 10:30:00,0.00014495849609375
2019-05-05 10:35:00,9.1552734375e-05
2019-05-05 10:40:00,0.00016760826110839844
2019-05-05 10:45:00,0.00024366378784179688
2019-05-05 10:50:00,0.0003197193145751953
2019-05-05 10:55:00,0.00039577484130859375
2019-05-05 11:00:00,0.00047183036804199213
2019-05-05 11:05:00,0.0005478858947753906
2019-05-05 11:10:00,0.0006239414215087891
2019-05-05 11:15:00,0.0006999969482421875
2019-05-05 11:20:00,0.0213623046875
2019-05-05 11:25:00,0.00022411346435546875
2019-05-05 11:30:00,0.0002536773681640625
2019-05-05 11:35:00,0.00028324127197265625
2019-05-05 11:40:00,0.00031280517578125
2019-05-05 11:45:00,0.00034236907958984375
2019-05-05 11:50:00,0.0003719329833984375
2019-05-05 11:55:00,0.00038280487060546873
2019-05-05 12:00:00,0.0003936767578125
2019-05-05 12:05:00,0.00040454864501953124
2019-05-05 12:10:00,0.0004154205322265625
2019-05-05 12:15:00,0.00042629241943359375
2019-05-05 12:20:00,0.00119781494140625
2019-05-05 12:25:00,0.0013413429260253906
2019-05-05 12:30:00,0.0014848709106445312
2019-05-05 12:35:00,0.0016283988952636719
2019-05-05 12:40:00,0.0017719268798828125
2019-05-05 12:45:00,0.002630337424900221
2019-05-05 12:50:00,0.0034887479699176292
2019-05-05 12:55:00,0.004347158514935038
2019-05-05 13:00:00,0.024568522494772205
2019-05-05 13:05:00,0.044789886474609374
2019-05-05 13:10:00,0.0018520355224609375
2019-05-05 13:15:00,0.0006322860717773438
2019-05-05 13:20:00,0.002208232879638672
2019-05-05 13:25:00,0.0037841796875
2019-05-05 13:30:00,0.002678553263346354
2019-05-05 13:35:00,0.001572926839192708
2019-05-05 13:40:00,0.0004673004150390625
2019-05-05 13:45:00,0.00048007965087890623
2019-05-05 13:50:00,0.00049285888671875
2019-05-05 13:55:00,0.0005056381225585938
2019-05-05 14:00:00,0.0005184173583984375
2019-05-05 14:05:00,0.0005311965942382812
2019-05-05 14:10:00,0.0002655982971191406
2019-05-05 14:15:00,0.0
2019-05-05 14:20:00,0.0013408660888671875
2019-05-05 14:25:00,0.017668724060058594
2019-05-05 14:30:00,0.03399658203125
2019-05-05 14:35:00,0.00244140625
2019-05-05 14:40:00,0.001681963602701823
2019-05-05 14:45:00,0.000922520955403646
2019-05-05 14:50:00,0.00016307830810546875
2019-05-05 14:55:00,0.0031561851501464844
2019-05-05 15:00:00,0.0061492919921875
2019-05-05 15:05:00,0.004453023274739584
2019-05-05 15:10:00,0.002756754557291667
2019-05-05 15:15:00,0.00106048583984375
2019-05-05 15:20:00,0.001110076904296875
2019-05-05 15:25:00,0.00115966796875
2019-05-05 15:30:00,8.869171142578125e-05
2019-05-05 15:35:00,0.010677337646484375
2019-05-05 15:40:00,0.009527972046758088
2019-05-05 15:45:00,0.0083786064470318
2019-05-05 15:50:00,0.0113677978515625
2019-05-05 15:55:00,0.0008797645568847656
2019-05-05 16:00:00,6.198883056640625e-05
2019-05-05 16:05:00,0.0012557771470811632
2019-05-05 16:10:00,0.0024495654635959202
2019-05-05 16:15:00,0.0036433537801106772
2019-05-05 16:20:00,0.0029486338297526043
2019-05-05 16:25:00,0.0022539138793945313
2019-05-05 16:30:00,0.0015591939290364584
2019-05-05 16:35:00,0.0008644739786783854
2019-05-05 16:40:00,0.0001697540283203125
2019-05-05 16:45:00,0.00017309188842773438
2019-05-05 16:50:00,0.00017642974853515625
2019-05-05 16:55:00,0.005504204676701472
2019-05-05 17:00:00,0.010831979604867788
2019-05-05 17:05:00,0.009050116240129172
2019-05-05 17:10:00,0.0072682528753905545
2019-05-05 17:15:00,0.005486389510651939
2019-05-05 17:20:00,0.003704526145913322
2019-05-05 17:25:00,0.0019226627811747051
2019-05-05 17:30:00,0.0001407994164360894
2019-05-05 17:35:00,0.0021680196126302085
2019-05-05 17:40:00,0.001316070556640625
2019-05-05 17:45:00,0.0023326873779296875
2019-05-05 17:50:00,0.00334930419921875
2019-05-05 17:55:00,0.011439005533854166
2019-05-05 18:00:00,0.019528706868489582
2019-05-05 18:05:00,0.027618408203125
2019-05-05 18:10:00,0.018594741821289062
2019-05-05 18:15:00,0.009571075439453125
2019-05-05 18:20:00,0.0005474090576171875
2019-05-05 18:25:00,0.0012464523315429688
2019-05-05 18:30:00,0.005361080169677734
2019-05-05 18:35:00,0.0094757080078125
2019-05-05 18:40:00,0.0001621246337890625
2019-05-05 18:45:00,0.000148773193359375
2019-05-05 18:50:00,0.0001354217529296875
2019-05-05 18:55:00,0.0001220703125
2019-05-05 19:00:00,0.002040863037109375
2019-05-05 19:05:00,0.009855270385742188
2019-05-05 19:10:00,0.017669677734375
2019-05-05 19:15:00,0.00152587890625
2019-05-05 19:20:00,0.0194955870162609
2019-05-05 19:25:00,0.0374652951262718
2019-05-05 19:30:00,0.03124921266422715
2019-05-05 19:35:00,0.0250331302021825
2019-05-05 19:40:00,0.018817047740137854
2019-05-05 19:45:00,0.012600965278093203
2019-05-05 19:50:00,0.0063848828160485566
2019-05-05 19:55:00,0.00016880035400390625
2019-05-05 20:00:00,0.00016164779663085938
2019-05-05 20:05:00,0.0001544952392578125
2019-05-05 20:10:00,0.00023651123046875
2019-05-05 20:15:00,0.0007343292236328125
2019-05-05 20:20:00,0.009258270263671875
2019-05-05 20:25:00,0.017782211303710938
2019-05-05 20:30:00,0.02630615234375
2019-05-05 20:35:00,0.017537752787272133
2019-05-05 20:40:00,0.00876935323079427
2019-05-05 20:45:00,9.5367431640625e-07
2019-05-05 20:50:00,8.96453857421875e-05
2019-05-05 20:55:00,0.00017833709716796875
2019-05-05 21:00:00,0.0005135536193847656
2019-05-05 21:05:00,0.0008487701416015625
2019-05-05 21:10:00,0.0004367828369140625
2019-05-05 21:15:00,0.0007453667101009871
2019-05-05 21:20:00,0.0010539505832879118
2019-05-05 21:25:00,0.0013625344564748365
2019-05-05 21:30:00,0.0008529286051905433
2019-05-05 21:35:00,0.00034332275390625
2019-05-05 21:40:00,0.0003362231784396701
2019-05-05 21:45:00,0.00032912360297309025
2019-05-05 21:50:00,0.00032202402750651043
2019-05-05 21:55:00,0.00031492445203993056
2019-05-05 22:00:00,0.0003078248765733507
2019-05-05 22:05:00,0.0003007253011067708
2019-05-05 22:10:00,0.000293625725640191
2019-05-05 22:15:00,0.0002865261501736111
2019-05-05 22:20:00,0.00027942657470703125
2019-05-05 22:25:00,0.006161848704020183
2019-05-05 22:30:00,0.0031481583913167323
2019-05-05 22:35:00,0.00013446807861328125
2019-05-05 22:40:00,0.0027037858963012695
2019-05-05 22:45:00,0.005273103713989258
2019-05-05 22:50:00,0.007842421531677246
2019-05-05 22:55:00,0.010411739349365234
2019-05-05 23:00:00,0.00704034169514974
2019-05-05 23:05:00,0.003668944040934245
2019-05-05 23:10:00,0.00029754638671875
2019-05-05 23:15:00,0.0007025400797526042
2019-05-05 23:20:00,0.0011075337727864585
2019-05-05 23:25:00,0.0015125274658203125
2019-05-05 23:30:00,0.0013256072998046875
2019-05-05 23:35:00,0.0011386871337890625
2019-05-05 23:40:00,0.00463104248046875
2019-05-05 23:45:00,8.327082583778782e-05
2019-05-05 23:50:00,0.0005743127120168586
2019-05-05 23:55:00,0.0010653545981959293
2019-05-06 00:00:00,0.001556396484375
2019-05-06 00:05:00,0.007356166839599609
2019-05-06 00:10:00,0.00015306472778320312
2019-05-06 00:15:00,0.008121006629046272
2019-05-06 00:20:00,0.01608894853030934
2019-05-06 00:25:00,0.02405689043157241
2019-05-06 00:30:00,0.01811347814167247
2019-05-06 00:35:00,0.012170065851772533
2019-05-06 00:40:00,0.006226653561872596
2019-05-06 00:45:00,0.00028324127197265625
2019-05-06 00:50:00,0.003976345062255859
2019-05-06 00:55:00,0.002027750015258789
2019-05-06 01:00:00,7.915496826171875e-05
2019-05-06 01:05:00,0.0007984638214111328
2019-05-06 01:10:00,0.0015177726745605469
2019-05-06 01:15:00,0.002237081527709961
2019-05-06 01:20:00,0.002956390380859375
2019-05-06 01:25:00,0.00017642974853515625
2019-05-06 01:30:00,0.0007877349853515625
2019-05-06 01:35:00,0.000664520263671875
2019-05-06 01:40:00,0.0005413055419921875
2019-05-06 01:45:00,0.00041809082031250003
2019-05-06 01:50:00,0.00029487609863281254
2019-05-06 01:55:00,0.000171661376953125
2019-05-06 02:00:00,0.0069522857666015625
2019-05-06 02:05:00,0.01373291015625
2019-05-06 02:10:00,0.0153961181640625
2019-05-06 02:15:00,0.017059326171875
2019-05-06 02:20:00,0.0187225341796875
2019-05-06 02:25:00,0.0203857421875
2019-05-06 02:30:00,0.0001201629638671875
2019-05-06 02:35:00,0.0079345703125
2019-05-06 02:40:00,0.009801228841145834
2019-05-06 02:45:00,0.011667887369791666
2019-05-06 02:50:00,0.0135345458984375
2019-05-06 02:55:00,0.0401611328125
2019-05-06 03:00:00,0.034431866237095425
2019-05-06 03:05:00,0.02870259966169085
2019-05-06 03:10:00,0.022973333086286272
2019-05-06 03:15:00,0.017244066510881697
2019-05-06 03:20:00,0.011514799935477122
2019-05-06 03:25:00,0.005785533360072544
2019-05-06 03:30:00,5.626678466796875e-05
2019-05-06 03:35:00,0.0005943775177001953
2019-05-06 03:40:00,0.0011324882507324219
2019-05-06 03:45:00,0.0016705989837646484
2019-05-06 03:50:00,0.002208709716796875
2019-05-06 03:55:00,0.00042247772216796875
2019-05-06 04:00:00,0.0003464684841480661
2019-05-06 04:05:00,0.00027045924612816344
2019-05-06 04:10:00,0.01352203145940253
2019-05-06 04:15:00,0.026773603672676897
2019-05-06 04:20:00,0.04002517588595126
2019-05-06 04:25:00,0.053276748099225626
2019-05-06 04:30:00,0.0665283203125
2019-05-06 04:35:00,0.0
2019-05-06 04:40:00,0.001148223876953125
2019-05-06 04:45:00,0.00229644775390625
2019-05-06 04:50:00,0.0034446716308593754
2019-05-06 04:55:00,0.0045928955078125
2019-05-06 05:00:00,7.82012939453125e-05
2019-05-06 05:05:00,0.00015344619750976563
2019-05-06 05:10:00,0.00022869110107421876
2019-05-06 05:15:00,0.0003039360046386719
2019-05-06 05:20:00,0.000379180908203125
2019-05-06 05:25:00,0.0004544258117675781
2019-05-06 05:30:00,0.0005296707153320313
2019-05-06 05:35:00,0.0006049156188964844
2019-05-06 05:40:00,0.0006801605224609375
2019-05-06 05:45:00,0.0007554054260253906
2019-05-06 05:50:00,0.0008306503295898438
2019-05-06 05:55:00,0.0027292145486549823
2019-05-06 06:00:00,0.004627778767720121
2019-05-06 06:05:00,0.0065263429867852595
2019-05-06 06:10:00,0.004644091903548879
2019-05-06 06:15:00,0.0027618408203125
2019-05-06 06:20:00,0.001293182373046875
2019-05-06 06:25:00,0.006398829546841708
2019-05-06 06:30:00,0.0053391647545290195
2019-05-06 06:35:00,0.004279499962216332
2019-05-06 06:40:00,0.009799662090483167
2019-05-06 06:45:00,0.01531982421875
2019-05-06 06:50:00,0.013175828116280692
2019-05-06 06:55:00,0.011031832013811384
2019-05-06 07:00:00,0.008887835911342075
2019-05-06 07:05:00,0.006743839808872767
2019-05-06 07:10:00,0.004599843706403459
2019-05-06 07:15:00,0.0024558476039341515
2019-05-06 07:20:00,0.00031185150146484375
2019-05-06 07:25:00,0.002598444620768229
2019-05-06 07:30:00,0.004885037740071614
2019-05-06 07:35:00,0.007171630859375
2019-05-06 07:40:00,0.0007266998291015625
2019-05-06 07:45:00,0.000652313232421875
2019-05-06 07:50:00,0.00023855481828962053
2019-05-06 07:55:00,0.000179358891078404
2019-05-06 08:00:00,0.0001201629638671875
2019-05-06 08:05:00,0.00026988983154296875
2019-05-06 08:10:00,0.0010304450988769531
2019-05-06 08:15:00,0.0017910003662109375
2019-05-06 08:20:00,0.007678031921386719
2019-05-06 08:25:00,0.0135650634765625
2019-05-06 08:30:00,0.00716400146484375
2019-05-06 08:35:00,0.005793380737304688
2019-05-06 08:40:00,0.004422760009765625
2019-05-06 08:45:00,0.003052139282226563
2019-05-06 08:50:00,0.0016815185546875007
2019-05-06 08:55:00,0.0003108978271484375
2019-05-06 09:00:00,0.0006079673767089844
2019-05-06 09:05:00,0.0009050369262695312
2019-05-06 09:10:00,0.0004730224609375
2019-05-06 09:15:00,0.000141143798828125
2019-05-06 09:20:00,0.0003373821576436361
2019-05-06 09:25:00,0.0005336205164591472
2019-05-06 09:30:00,0.0007298588752746582
2019-05-06 09:35:00,0.0009260972340901693
2019-05-06 09:40:00,0.0011223355929056804
2019-05-06 09:45:00,0.0013185739517211914
2019-05-06 09:50:00,0.0015148123105367026
2019-05-06 09:55:00,0.0017110506693522136
2019-05-06 10:00:00,0.0030517578125
2019-05-06 10:05:00,0.005767822265625
2019-05-06 10:10:00,0.005382339159647624
2019-05-06 10:15:00,0.004996856053670247
2019-05-06 10:20:00,0.004611372947692871
2019-05-06 10:25:00,0.004225889841715495
2019-05-06 10:30:00,0.003840406735738118
2019-05-06 10:35:00,0.003454923629760742
2019-05-06 10:40:00,0.0030694405237833657
2019-05-06 10:45:00,0.0026839574178059897
2019-05-06 10:50:00,0.0022984743118286133
2019-05-06 10:55:00,0.0019129912058512368
2019-05-06 11:00:00,0.0015275080998738604
2019-05-06 11:05:00,0.0011420249938964844
2019-05-06 11:10:00,0.021465778350830078
2019-05-06 11:15:00,0.04178953170776367
2019-05-06 11:20:00,0.0015506744384765625
2019-05-06 11:25:00,0.0012671152750651042
2019-05-06 11:30:00,0.000983556111653646
2019-05-06 11:35:00,0.0006999969482421875
2019-05-06 11:40:00,0.020181020100911457
2019-05-06 11:45:00,0.03966204325358073
2019-05-06 11:50:00,0.05914306640625
2019-05-06 11:55:00,0.03962993621826172
2019-05-06 12:00:00,0.020116806030273438
2019-05-06 12:05:00,0.0006036758422851562
2019-05-06 12:10:00,0.004168272018432617
2019-05-06 12:15:00,0.007732868194580077
2019-05-06 12:20:00,0.011297464370727539
2019-05-06 12:25:00,0.014862060546875
2019-05-06 12:30:00,0.0005817413330078125
2019-05-06 12:35:00,7.724761962890625e-05
2019-05-06 12:40:00,0.0089111328125
2019-05-06 12:45:00,0.005940755208333334
2019-05-06 12:50:00,0.002970377604166667
2019-05-06 12:55:00,0.0
2019-05-06 13:00:00,0.00351715087890625
2019-05-06 13:05:00,0.0070343017578125
2019-05-06 13:10:00,0.002445220947265625
2019-05-06 13:15:00,0.0056247711181640625
2019-05-06 13:20:00,0.0088043212890625
2019-05-06 13:25:00,0.004477500915527344
2019-05-06 13:30:00,0.0001506805419921875
2019-05-06 13:35:00,0.015584945678710938
2019-05-06 13:40:00,0.000125885009765625
2019-05-06 13:45:00,0.0136871337890625
2019-05-06 13:50:00,0.006887912750244141
2019-05-06 13:55:00,8.869171142578125e-05
2019-05-06 14:00:00,0.000110626220703125
2019-05-06 14:05:00,0.0006284713745117188
2019-05-06 14:10:00,0.0011463165283203125
2019-05-06 14:15:00,0.00019931793212890625
2019-05-06 14:20:00,0.003094262546963162
2019-05-06 14:25:00,0.0005083084106445312
2019-05-06 14:30:00,0.002178192138671875
2019-05-06 14:35:00,0.002765655517578125
2019-05-06 14:40:00,0.004271371023995536
2019-05-06 14:45:00,0.005777086530412947
2019-05-06 14:50:00,0.007282802036830357
2019-05-06 14:55:00,0.008788517543247769
2019-05-06 15:00:00,0.010294233049665178
2019-05-06 15:05:00,0.011799948556082589
2019-05-06 15:10:00,0.0133056640625
2019-05-06 15:15:00,0.006701946258544922
2019-05-06 15:20:00,9.822845458984375e-05
2019-05-06 15:25:00,0.0001506805419921875
2019-05-06 15:30:00,0.00038019816080729163
2019-05-06 15:35:00,0.0006097157796223958
2019-05-06 15:40:00,0.0008392333984375
2019-05-06 15:45:00,0.0008106231689453125
2019-05-06 15:50:00,0.000782012939453125
2019-05-06 15:55:00,0.0003977065862611283
2019-05-06 16:00:00,0.010345458984375
2019-05-06 16:05:00,0.01045989990234375
2019-05-06 16:10:00,0.0105743408203125
2019-05-06 16:15:00,0.005403041839599609
2019-05-06 16:20:00,0.00023174285888671875
2019-05-06 16:25:00,0.00022602081298828125
2019-05-06 16:30:00,0.00022029876708984375
2019-05-06 16:35:00,0.00021457672119140625
2019-05-06 16:40:00,0.00020885467529296875
2019-05-06 16:45:00,0.00020313262939453125
2019-05-06 16:50:00,0.00019741058349609375
2019-05-06 16:55:00,0.00019168853759765625
2019-05-06 17:00:00,0.00018596649169921875
2019-05-06 17:05:00,0.00018024444580078125
2019-05-06 17:10:00,0.00017452239990234375
2019-05-06 17:15:00,0.00016880035400390625
2019-05-06 17:20:00,0.00016307830810546875
2019-05-06 17:25:00,0.00015735626220703125
2019-05-06 17:30:00,0.00015163421630859375
2019-05-06 17:35:00,0.00014591217041015625
2019-05-06 17:40:00,0.0013957977294921874
2019-05-06 17:45:00,0.00286865234375
2019-05-06 17:50:00,8.96453857421875e-05
2019-05-06 17:55:00,0.01233530044555664
2019-05-06 18:00:00,0.024580955505371094
2019-05-06 18:05:00,0.03682661056518555
2019-05-06 18:10:00,0.049072265625
2019-05-06 18:15:00,0.039560171274038464
2019-05-06 18:20:00,0.030048076923076924
2019-05-06 18:25:00,0.020535982572115384
2019-05-06 18:30:00,0.011023888221153846
2019-05-06 18:35:00,0.07137213812934028
2019-05-06 18:40:00,0.057125557793511285
2019-05-06 18:45:00,0.042878977457682294
2019-05-06 18:50:00,0.028632397121853302
2019-05-06 18:55:00,0.014385816786024304
2019-05-06 19:00:00,0.0001392364501953125
2019-05-06 19:05:00,0.00609318090944874
2019-05-06 19:10:00,0.0031128708197146046
2019-05-06 19:15:00,0.00013256072998046875
2019-05-06 19:20:00,0.00012159347534179688
2019-05-06 19:25:00,0.000110626220703125
2019-05-06 19:30:00,9.965896606445312e-05
2019-05-06 19:35:00,8.869171142578125e-05
2019-05-06 19:40:00,0.0116424560546875
2019-05-06 19:45:00,0.0101165771484375
2019-05-06 19:50:00,0.04076385498046875
2019-05-06 19:55:00,0.0714111328125
2019-05-06 20:00:00,0.0004558563232421875
2019-05-06 20:05:00,0.000286102294921875
2019-05-06 20:10:00,0.02752685546875
2019-05-06 20:15:00,0.0100555419921875
2019-05-06 20:20:00,0.00833892822265625
2019-05-06 20:25:00,0.006622314453125
2019-05-06 20:30:00,0.00490570068359375
2019-05-06 20:35:00,0.007628392569626434
2019-05-06 20:40:00,0.010351084455659118
2019-05-06 20:45:00,0.0070008748694311215
2019-05-06 20:50:00,0.003650665283203125
2019-05-06 20:55:00,0.00878143310546875
2019-05-06 21:00:00,0.013912200927734375
2019-05-06 21:05:00,0.01904296875
2019-05-06 21:10:00,0.0565185546875
2019-05-06 21:15:00,0.0006561279296875
2019-05-06 21:20:00,0.20703125
2019-05-06 21:25:00,0.03009033203125
2019-05-06 21:30:00,0.02036889394124349
2019-05-06 21:35:00,0.010647455851236977
2019-05-06 21:40:00,0.0009260177612304688
2019-05-06 21:45:00,0.001747767130533854
2019-05-06 21:50:00,0.0025695164998372393
2019-05-06 21:55:00,0.003391265869140625
2019-05-06 22:00:00,0.008069356282552084
2019-05-06 22:05:00,0.012747446695963543
2019-05-06 22:10:00,0.017425537109375
2019-05-06 22:15:00,0.0001621246337890625
2019-05-06 22:20:00,0.012389421463012695
2019-05-06 22:25:00,0.024616718292236328
2019-05-06 22:30:00,0.013582468032836914
2019-05-06 22:35:00,0.0025482177734375
2019-05-06 22:40:00,0.00968170166015625
2019-05-06 22:45:00,0.016815185546875
2019-05-06 22:50:00,0.016538347516741072
2019-05-06 22:55:00,0.016261509486607144
2019-05-06 23:00:00,0.015984671456473216
2019-05-06 23:05:00,0.015707833426339284
2019-05-06 23:10:00,0.015430995396205356
2019-05-06 23:15:00,0.015154157366071428
2019-05-06 23:20:00,0.0148773193359375
2019-05-06 23:25:00,0.012780507405598959
2019-05-06 23:30:00,0.010683695475260418
2019-05-06 23:35:00,0.008586883544921875
2019-05-06 23:40:00,0.006490071614583334
2019-05-06 23:45:00,0.004393259684244791
2019-05-06 23:50:00,0.00229644775390625
2019-05-06 23:55:00,0.000286102294921875
2019-05-07 00:00:00,0.0007493495941162109
2019-05-07 00:05:00,0.0012125968933105469
2019-05-07 00:10:00,0.012608528137207031
2019-05-07 00:15:00,0.017120361328125
2019-05-07 00:20:00,0.022918701171875
2019-05-07 00:25:00,0.0
2019-05-07 00:30:00,0.0090484619140625
2019-05-07 00:35:00,0.018096923828125
2019-05-07 00:40:00,0.0850830078125
2019-05-07 00:45:00,0.00774383544921875
2019-05-07 00:50:00,0.0
2019-05-07 00:55:00,0.263671875
2019-05-07 01:00:00,0.52734375
2019-05-07 01:05:00,0.2783203125
2019-05-07 01:10:00,0.029296875
2019-05-07 01:15:00,0.023676913008730635
2019-05-07 01:20:00,0.01805695101746127
2019-05-07 01:25:00,0.012436989026191907
2019-05-07 01:30:00,0.009695134611211272
2019-05-07 01:35:00,0.006953280196230636
2019-05-07 01:40:00,0.00421142578125
2019-05-07 01:45:00,0.00250244140625
2019-05-07 01:50:00,0.00079345703125
2019-05-07 01:55:00,0.000396728515625
2019-05-07 02:00:00,0.0
2019-05-07 02:05:00,0.03239185333251953
2019-05-07 02:10:00,0.021609509785970052
2019-05-07 02:15:00,0.010827166239420573
2019-05-07 02:20:00,4.482269287109375e-05
2019-05-07 02:25:00,0.0013523101806640625
2019-05-07 02:30:00,0.002490997314453125
2019-05-07 02:35:00,0.00019407272338867188
2019-05-07 02:40:00,0.0002215703328450521
2019-05-07 02:45:00,0.0002490679423014323
2019-05-07 02:50:00,0.0002765655517578125
2019-05-07 02:55:00,0.00042629241943359375
2019-05-07 03:00:00,0.006778717041015625
2019-05-07 03:05:00,0.004593213399251303
2019-05-07 03:10:00,0.0024077097574869795
2019-05-07 03:15:00,0.00022220611572265625
2019-05-07 03:20:00,0.00067596435546875
2019-05-07 03:25:00,0.0011297225952148437
2019-05-07 03:30:00,0.0015834808349609374
2019-05-07 03:35:00,0.002037239074707031
2019-05-07 03:40:00,0.002490997314453125
2019-05-07 03:45:00,0.0004355112711588542
2019-05-07 03:50:00,0.00018787384033203125
2019-05-07 03:55:00,0.0032041072845458984
2019-05-07 04:00:00,0.006220340728759766
2019-05-07 04:05:00,0.009236574172973633
2019-05-07 04:10:00,0.0122528076171875
2019-05-07 04:15:00,0.006469249725341797
2019-05-07 04:20:00,0.0006856918334960938
2019-05-07 04:25:00,0.002181529998779297
2019-05-07 04:30:00,0.0036773681640625
2019-05-07 04:35:00,0.004287010015443314
2019-05-07 04:40:00,0.00045442173623631144
2019-05-07 04:45:00,0.0006801124311919905
2019-05-07 04:50:00,0.0009058031261476695
2019-05-07 04:55:00,0.0011314938211033486
2019-05-07 05:00:00,0.0013571845160590278
2019-05-07 05:05:00,0.0016518486870659723
2019-05-07 05:10:00,0.0019465128580729166
2019-05-07 05:15:00,0.0022411770290798614
2019-05-07 05:20:00,0.0025358412000868057
2019-05-07 05:25:00,0.00283050537109375
2019-05-07 05:30:00,0.002197265625
2019-05-07 05:35:00,0.00156402587890625
2019-05-07 05:40:00,0.006805419921875
2019-05-07 05:45:00,0.005507151285807291
2019-05-07 05:50:00,0.004208882649739583
2019-05-07 05:55:00,0.002910614013671875
2019-05-07 06:00:00,0.007752418518066406
2019-05-07 06:05:00,0.012594223022460938
2019-05-07 06:10:00,0.01743602752685547
2019-05-07 06:15:00,0.02227783203125
2019-05-07 06:20:00,0.019753774007161457
2019-05-07 06:25:00,0.017229715983072914
2019-05-07 06:30:00,0.014705657958984375
2019-05-07 06:35:00,0.012181599934895832
2019-05-07 06:40:00,0.009657541910807291
2019-05-07 06:45:00,0.00713348388671875
2019-05-07 06:50:00,0.005724143981933594
2019-05-07 06:55:00,0.004314804077148437
2019-05-07 07:00:00,0.0029054641723632816
2019-05-07 07:05:00,0.0014961242675781252
2019-05-07 07:10:00,8.678436279296875e-05
2019-05-07 07:15:00,4.3392181396484375e-05
2019-05-07 07:20:00,0.0
2019-05-07 07:25:00,0.000152587890625
2019-05-07 07:30:00,0.00030517578125
2019-05-07 07:35:00,0.0005166757674444289
2019-05-07 07:40:00,0.0007281757536388579
2019-05-07 07:45:00,0.0009396757398332868
2019-05-07 07:50:00,0.0011511757260277158
2019-05-07 07:55:00,0.04386969407399496
2019-05-07 08:00:00,0.02407107750574748
2019-05-07 08:05:00,0.0042724609375
2019-05-07 08:10:00,0.0005216598510742188
2019-05-07 08:15:00,0.0004596710205078125
2019-05-07 08:20:00,0.00039768218994140625
2019-05-07 08:25:00,0.000335693359375
2019-05-07 08:30:00,0.00027370452880859375
2019-05-07 08:35:00,0.0002117156982421875
2019-05-07 08:40:00,0.004489898681640625
2019-05-07 08:45:00,0.008768081665039062
2019-05-07 08:50:00,0.0130462646484375
2019-05-07 08:55:00,0.011393229166666666
2019-05-07 09:00:00,0.009740193684895832
2019-05-07 09:05:00,0.008087158203125
2019-05-07 09:10:00,0.00649261474609375
2019-05-07 09:15:00,0.0048980712890625
2019-05-07 09:20:00,0.01342010498046875
2019-05-07 09:25:00,0.021942138671875
2019-05-07 09:30:00,0.00013828277587890625
2019-05-07 09:35:00,0.00015997886657714844
2019-05-07 09:40:00,0.00018167495727539062
2019-05-07 09:45:00,0.0002033710479736328
2019-05-07 09:50:00,0.000225067138671875
2019-05-07 09:55:00,0.00011253356933593751
2019-05-07 10:00:00,0.0
2019-05-07 10:05:00,0.003078460693359375
2019-05-07 10:10:00,0.0072002410888671875
2019-05-07 10:15:00,0.011322021484375
2019-05-07 10:20:00,0.00018978118896484375
2019-05-07 10:25:00,0.0004116694132486979
2019-05-07 10:30:00,0.000633557637532552
2019-05-07 10:35:00,0.0008554458618164062
2019-05-07 10:40:00,0.0010773340861002603
2019-05-07 10:45:00,0.0012992223103841145
2019-05-07 10:50:00,0.0015211105346679688
2019-05-07 10:55:00,0.0019937753677368164
2019-05-07 11:00:00,0.002466440200805664
2019-05-07 11:05:00,0.0029391050338745117
2019-05-07 11:10:00,0.0034117698669433594
2019-05-07 11:15:00,0.003884434700012207
2019-05-07 11:20:00,0.004357099533081055
2019-05-07 11:25:00,0.004829764366149902
2019-05-07 11:30:00,0.00530242919921875
2019-05-07 11:35:00,0.0083465576171875
2019-05-07 11:40:00,0.004725456237792969
2019-05-07 11:45:00,0.0011043548583984375
2019-05-07 11:50:00,0.0031347274780273438
2019-05-07 11:55:00,0.00516510009765625
2019-05-07 12:00:00,0.0129241943359375
2019-05-07 12:05:00,0.006553173065185546
2019-05-07 12:10:00,0.00018215179443359375
2019-05-07 12:15:00,0.0497736930847168
2019-05-07 12:20:00,0.099365234375
2019-05-07 12:25:00,0.06964619954427083
2019-05-07 12:30:00,0.039927164713541664
2019-05-07 12:35:00,0.0102081298828125
2019-05-07 12:40:00,0.0003070831298828125
2019-05-07 12:45:00,0.006829261779785156
2019-05-07 12:50:00,0.0133514404296875
2019-05-07 12:55:00,0.00036907196044921875
2019-05-07 13:00:00,0.00513458251953125
2019-05-07 13:05:00,0.0027892589569091797
2019-05-07 13:10:00,0.0004439353942871094
2019-05-07 13:15:00,0.02471160888671875
2019-05-07 13:20:00,0.01913166046142578
2019-05-07 13:25:00,0.013551712036132812
2019-05-07 13:30:00,0.007971763610839844
2019-05-07 13:35:00,0.002391815185546875
2019-05-07 13:40:00,0.0041656494140625
2019-05-07 13:45:00,0.003138224283854167
2019-05-07 13:50:00,0.0021107991536458335
2019-05-07 13:55:00,0.0010833740234375
2019-05-07 14:00:00,0.00380706787109375
2019-05-07 14:05:00,0.0496826171875
2019-05-07 14:10:00,0.02506403875823068
2019-05-07 14:15:00,0.00044546032896136293
2019-05-07 14:20:00,0.0076703065299358305
2019-05-07 14:25:00,0.014895152730910298
2019-05-07 14:30:00,0.022119998931884766
2019-05-07 14:35:00,0.0012412071228027344
2019-05-07 14:40:00,0.0006468296051025391
2019-05-07 14:45:00,5.245208740234375e-05
2019-05-07 14:50:00,0.0104522705078125
2019-05-07 14:55:00,0.0066680908203125
2019-05-07 15:00:00,0.004497210184733072
2019-05-07 15:05:00,0.0023263295491536455
2019-05-07 15:10:00,0.00015544891357421875
2019-05-07 15:15:00,0.0009242693583170573
2019-05-07 15:20:00,0.0016930898030598958
2019-05-07 15:25:00,0.0024619102478027344
2019-05-07 15:30:00,0.0032307306925455728
2019-05-07 15:35:00,0.003999551137288412
2019-05-07 15:40:00,0.00476837158203125
2019-05-07 15:45:00,0.000125885009765625
2019-05-07 15:50:00,8.392333984375e-05
2019-05-07 15:55:00,0.007631301879882813
2019-05-07 16:00:00,0.015178680419921877
2019-05-07 16:05:00,0.022726058959960938
2019-05-07 16:10:00,0.0302734375
2019-05-07 16:15:00,0.020468711853027344
2019-05-07 16:20:00,0.010663986206054688
2019-05-07 16:25:00,0.0008592605590820312
2019-05-07 16:30:00,0.0007014274597167969
2019-05-07 16:35:00,0.0005435943603515625
2019-05-07 16:40:00,0.00046706199645996094
2019-05-07 16:45:00,0.0003905296325683594
2019-05-07 16:50:00,0.0003139972686767578
2019-05-07 16:55:00,0.00023746490478515625
2019-05-07 17:00:00,0.0004086494445800781
2019-05-07 17:05:00,0.00019741058349609375
2019-05-07 17:10:00,0.016822338104248047
2019-05-07 17:15:00,0.033447265625
2019-05-07 17:20:00,0.023151397705078125
2019-05-07 17:25:00,0.01285552978515625
2019-05-07 17:30:00,0.002559661865234375
2019-05-07 17:35:00,0.0018596649169921875
2019-05-07 17:40:00,0.0030622482299804688
2019-05-07 17:45:00,0.00426483154296875
2019-05-07 17:50:00,0.0013103485107421875
2019-05-07 17:55:00,0.00048351287841796875
2019-05-07 18:00:00,0.0017784118652343752
2019-05-07 18:05:00,0.0030733108520507816
2019-05-07 18:10:00,0.004368209838867188
2019-05-07 18:15:00,0.0056631088256835944
2019-05-07 18:20:00,0.0069580078125
2019-05-07 18:25:00,0.007924397786458334
2019-05-07 18:30:00,0.008890787760416666
2019-05-07 18:35:00,0.009857177734375
2019-05-07 18:40:00,0.0001068115234375
2019-05-07 18:45:00,0.014026641845703125
2019-05-07 18:50:00,0.02794647216796875
2019-05-07 18:55:00,0.041866302490234375
2019-05-07 19:00:00,0.0557861328125
2019-05-07 19:05:00,0.013378093117161802
2019-05-07 19:10:00,0.009008374130516722
2019-05-07 19:15:00,0.004638655143871642
2019-05-07 19:20:00,0.0002689361572265625
2019-05-07 19:25:00,0.00012493133544921875
2019-05-07 19:30:00,0.00010991096496582031
2019-05-07 19:35:00,9.489059448242188e-05
2019-05-07 19:40:00,7.987022399902344e-05
2019-05-07 19:45:00,6.4849853515625e-05
2019-05-07 19:50:00,0.0021172497007581922
2019-05-07 19:55:00,0.0041696495480007595
2019-05-07 20:00:00,0.006222049395243327
2019-05-07 20:05:00,0.008274449242485894
2019-05-07 20:10:00,0.009841156005859376
2019-05-07 20:15:00,0.080810546875
2019-05-07 20:20:00,0.009124755859375
2019-05-07 20:25:00,0.005607813054865057
2019-05-07 20:30:00,0.0056163344720397326
2019-05-07 20:35:00,0.005624855889214409
2019-05-07 20:40:00,0.00756072998046875
2019-05-07 20:45:00,0.013713836669921875
2019-05-07 20:50:00,0.019866943359375
2019-05-07 20:55:00,0.010101318359375
2019-05-07 21:00:00,0.0
2019-05-07 21:05:00,0.00388336181640625
2019-05-07 21:10:00,0.0035279591878255205
2019-05-07 21:15:00,0.0031725565592447915
2019-05-07 21:20:00,0.0002346038818359375
2019-05-07 21:25:00,0.0002155303955078125
2019-05-07 21:30:00,0.0007219314575195312
2019-05-07 21:35:00,0.002613067626953125
2019-05-07 21:40:00,0.004504203796386719
2019-05-07 21:45:00,0.0063953399658203125
2019-05-07 21:50:00,0.008286476135253906
2019-05-07 21:55:00,0.0101776123046875
2019-05-07 22:00:00,0.007790088653564453
2019-05-07 22:05:00,0.005402565002441406
2019-05-07 22:10:00,0.0030150413513183585
2019-05-07 22:15:00,0.0006275177001953125
2019-05-07 22:20:00,0.002609443664550781
2019-05-07 22:25:00,0.00459136962890625
2019-05-07 22:30:00,0.006573295593261718
2019-05-07 22:35:00,0.008555221557617187
2019-05-07 22:40:00,0.010537147521972656
2019-05-07 22:45:00,0.012519073486328124
2019-05-07 22:50:00,0.014500999450683593
2019-05-07 22:55:00,0.01648292541503906
2019-05-07 23:00:00,0.01846485137939453
2019-05-07 23:05:00,0.02044677734375
2019-05-07 23:10:00,0.0127716064453125
2019-05-07 23:15:00,0.006607532501220703
2019-05-07 23:20:00,0.00044345855712890625
2019-05-07 23:25:00,0.00034046173095703125
2019-05-07 23:30:00,0.00023746490478515625
2019-05-07 23:35:00,0.00013446807861328125
2019-05-07 23:40:00,0.0005825360616048176
2019-05-07 23:45:00,0.001030604044596354
2019-05-07 23:50:00,0.0014786720275878906
2019-05-07 23:55:00,0.001926740010579427
2019-05-08 00:00:00,0.0023748079935709634
2019-05-08 00:05:00,0.0028228759765625
2019-05-08 00:10:00,0.0017819404602050781
2019-05-08 00:15:00,0.0007410049438476562
2019-05-08 00:20:00,0.011906147003173828
2019-05-08 00:25:00,0.0230712890625
2019-05-08 00:30:00,0.0207060972849528
2019-05-08 00:35:00,0.018340905507405598
2019-05-08 00:40:00,0.0159757137298584
2019-05-08 00:45:00,0.013610521952311197
2019-05-08 00:50:00,0.011245330174763998
2019-05-08 00:55:00,0.008880138397216797
2019-05-08 01:00:00,0.008014678955078125
2019-05-08 01:05:00,0.007149219512939453
2019-05-08 01:10:00,0.006283760070800781
2019-05-08 01:15:00,0.030181884765625
2019-05-08 01:20:00,0.0009698867797851562
2019-05-08 01:25:00,0.0010254383087158203
2019-05-08 01:30:00,0.0010809898376464844
2019-05-08 01:35:00,0.0011365413665771484
2019-05-08 01:40:00,0.0011920928955078125
2019-05-08 01:45:00,0.0007947285970052083
2019-05-08 01:50:00,0.00039736429850260413
2019-05-08 01:55:00,0.0
2019-05-08 02:00:00,4.686628069196429e-05
2019-05-08 02:05:00,9.373256138392858e-05
2019-05-08 02:10:00,0.00014059884207589287
2019-05-08 02:15:00,0.00018746512276785715
2019-05-08 02:20:00,0.00023433140345982144
2019-05-08 02:25:00,0.00028119768415178575
2019-05-08 02:30:00,0.00032806396484375
2019-05-08 02:35:00,0.007780710856119791
2019-05-08 02:40:00,0.015233357747395832
2019-05-08 02:45:00,0.022686004638671875
2019-05-08 02:50:00,0.030138651529947914
2019-05-08 02:55:00,0.03759129842122396
2019-05-08 03:00:00,0.0450439453125
2019-05-08 03:05:00,0.030084927876790363
2019-05-08 03:10:00,0.015125910441080727
2019-05-08 03:15:00,0.00016689300537109375
2019-05-08 03:20:00,0.002567927042643229
2019-05-08 03:25:00,0.004968961079915364
2019-05-08 03:30:00,0.0073699951171875
2019-05-08 03:35:00,0.0066204071044921875
2019-05-08 03:40:00,0.005870819091796875
2019-05-08 03:45:00,0.0051212310791015625
2019-05-08 03:50:00,0.00437164306640625
2019-05-08 03:55:00,0.003260294596354167
2019-05-08 04:00:00,0.0021489461263020835
2019-05-08 04:05:00,0.00103759765625
2019-05-08 04:10:00,0.0007689793904622395
2019-05-08 04:15:00,0.0005003611246744791
2019-05-08 04:20:00,0.00023174285888671875
2019-05-08 04:25:00,0.00014448165893554688
2019-05-08 04:30:00,5.7220458984375e-05
2019-05-08 04:35:00,0.00012747446695963543
2019-05-08 04:40:00,0.00019772847493489584
2019-05-08 04:45:00,0.00026798248291015625
2019-05-08 04:50:00,0.00013399124145507812
2019-05-08 04:55:00,0.0
2019-05-08 05:00:00,0.00039901733398437503
2019-05-08 05:05:00,0.0007980346679687501
2019-05-08 05:10:00,0.001197052001953125
2019-05-08 05:15:00,0.0015960693359375001
2019-05-08 05:20:00,0.001995086669921875
2019-05-08 05:25:00,0.002002716064453125
2019-05-08 05:30:00,0.0016290664672851563
2019-05-08 05:35:00,0.0012554168701171876
2019-05-08 05:40:00,0.0008817672729492187
2019-05-08 05:45:00,0.00050811767578125
2019-05-08 05:50:00,0.00013446807861328125
2019-05-08 05:55:00,0.008577569653488106
2019-05-08 06:00:00,0.01702067122836293
2019-05-08 06:05:00,0.025463772803237757
2019-05-08 06:10:00,0.013631201281989972
2019-05-08 06:15:00,0.0017986297607421875
2019-05-08 06:20:00,0.0018243789672851562
2019-05-08 06:25:00,0.001850128173828125
2019-05-08 06:30:00,0.0030059814453125
2019-05-08 06:35:00,0.0015573501586914062
2019-05-08 06:40:00,0.0001087188720703125
2019-05-08 06:45:00,0.011260986328125
2019-05-08 06:50:00,0.009521484375
2019-05-08 06:55:00,0.007190704345703125
2019-05-08 07:00:00,0.00485992431640625
2019-05-08 07:05:00,6.67572021484375e-05
2019-05-08 07:10:00,0.013995170593261719
2019-05-08 07:15:00,0.027923583984375
2019-05-08 07:20:00,0.021372477213541664
2019-05-08 07:25:00,0.014821370442708332
2019-05-08 07:30:00,0.008270263671875
2019-05-08 07:35:00,0.0063779354095458984
2019-05-08 07:40:00,0.004485607147216797
2019-05-08 07:45:00,0.0025932788848876953
2019-05-08 07:50:00,0.0007009506225585938
2019-05-08 07:55:00,0.0005407333374023438
2019-05-08 08:00:00,0.00038051605224609375
2019-05-08 08:05:00,0.00022029876708984375
2019-05-08 08:10:00,0.00021409988403320312
2019-05-08 08:15:00,0.0002079010009765625
2019-05-08 08:20:00,0.0002033233642578125
2019-05-08 08:25:00,0.0001987457275390625
2019-05-08 08:30:00,0.0001941680908203125
2019-05-08 08:35:00,0.0001895904541015625
2019-05-08 08:40:00,0.0001850128173828125
2019-05-08 08:45:00,0.03857421875
2019-05-08 08:50:00,0.0006427764892578125
2019-05-08 08:55:00,0.0007050832112630209
2019-05-08 09:00:00,0.0007673899332682291
2019-05-08 09:05:00,0.0008296966552734375
2019-05-08 09:10:00,0.0007683273438204216
2019-05-08 09:15:00,0.0007069580323674058
2019-05-08 09:20:00,0.0006455887209143898
2019-05-08 09:25:00,0.000584219409461374
2019-05-08 09:30:00,0.0005228500980083581
2019-05-08 09:35:00,0.0004614807865553422
2019-05-08 09:40:00,0.00040011147510232633
2019-05-08 09:45:00,0.0012299160648228385
2019-05-08 09:50:00,0.0020597206545433506
2019-05-08 09:55:00,0.0028895252442638626
2019-05-08 10:00:00,0.003719329833984375
2019-05-08 10:05:00,0.0081329345703125
2019-05-08 10:10:00,0.003475189208984375
2019-05-08 10:15:00,0.012692451477050781
2019-05-08 10:20:00,0.021909713745117188
2019-05-08 10:25:00,0.031126976013183594
2019-05-08 10:30:00,0.04034423828125
2019-05-08 10:35:00,0.0010565863715277777
2019-05-08 10:40:00,0.0002956390380859375
2019-05-08 10:45:00,0.0023800532023111978
2019-05-08 10:50:00,0.004464467366536458
2019-05-08 10:55:00,0.006548881530761719
2019-05-08 11:00:00,0.008633295694986979
2019-05-08 11:05:00,0.010717709859212238
2019-05-08 11:10:00,0.0128021240234375
2019-05-08 11:15:00,0.000850677490234375
2019-05-08 11:20:00,0.0013799667358398438
2019-05-08 11:25:00,0.00014972686767578125
2019-05-08 11:30:00,0.000240325927734375
2019-05-08 11:35:00,0.0004116058349609375
2019-05-08 11:40:00,0.0005828857421875
2019-05-08 11:45:00,0.0007541656494140626
2019-05-08 11:50:00,0.000925445556640625
2019-05-08 11:55:00,0.0010967254638671875
2019-05-08 12:00:00,0.0008955001831054688
2019-05-08 12:05:00,0.00069427490234375
2019-05-08 12:10:00,0.003574371337890625
2019-05-08 12:15:00,0.0064544677734375
2019-05-08 12:20:00,0.00390625
2019-05-08 12:25:00,0.008198457605698529
2019-05-08 12:30:00,0.006242303287281709
2019-05-08 12:35:00,0.004286148968864889
2019-05-08 12:40:00,0.0023299946504480697
2019-05-08 12:45:00,0.00037384033203125
2019-05-08 12:50:00,0.0006055831909179688
2019-05-08 12:55:00,0.0012688636779785156
2019-05-08 13:00:00,0.0019321441650390625
2019-05-08 13:05:00,0.0025954246520996094
2019-05-08 13:10:00,0.0032587051391601562
2019-05-08 13:15:00,0.003921985626220703
2019-05-08 13:20:00,0.00458526611328125
2019-05-08 13:25:00,0.0034389495849609375
2019-05-08 13:30:00,0.002292633056640625
2019-05-08 13:35:00,0.0011463165283203125
2019-05-08 13:40:00,0.0
2019-05-08 13:45:00,9.822845458984375e-05
2019-05-08 13:50:00,0.0001964569091796875
2019-05-08 13:55:00,0.003692626953125
2019-05-08 14:00:00,0.002521514892578125
2019-05-08 14:05:00,0.00135040283203125
2019-05-08 14:10:00,0.000179290771484375
2019-05-08 14:15:00,0.0026384989420572915
2019-05-08 14:20:00,0.005097707112630208
2019-05-08 14:25:00,0.007556915283203125
2019-05-08 14:30:00,0.020907084147135414
2019-05-08 14:35:00,0.034257253011067704
2019-05-08 14:40:00,0.047607421875
2019-05-08 14:45:00,0.03579306602478027
2019-05-08 14:50:00,0.023978710174560547
2019-05-08 14:55:00,0.01216435432434082
2019-05-08 15:00:00,0.00034999847412109375
2019-05-08 15:05:00,0.013274192810058594
2019-05-08 15:10:00,0.011584043502807617
2019-05-08 15:15:00,0.00989389419555664
2019-05-08 15:20:00,0.007983779907226563
2019-05-08 15:25:00,0.006073665618896484
2019-05-08 15:30:00,0.004163551330566406
2019-05-08 15:35:00,0.0022534370422363278
2019-05-08 15:40:00,0.00034332275390625
2019-05-08 15:45:00,0.0003247261047363281
2019-05-08 15:50:00,0.00030612945556640625
2019-05-08 15:55:00,0.0002875328063964844
2019-05-08 16:00:00,0.0002689361572265625
2019-05-08 16:05:00,0.00034332275390625
2019-05-08 16:10:00,0.00034046173095703125
2019-05-08 16:15:00,0.00020720546406910833
2019-05-08 16:20:00,0.0003070831298828125
2019-05-08 16:25:00,0.007577419281005859
2019-05-08 16:30:00,0.014847755432128906
2019-05-08 16:35:00,0.022118091583251953
2019-05-08 16:40:00,0.029388427734375
2019-05-08 16:45:00,0.00034809112548828125
2019-05-08 16:50:00,0.00030724207560221356
2019-05-08 16:55:00,0.0002663930257161458
2019-05-08 17:00:00,0.00022554397583007812
2019-05-08 17:05:00,0.0001846949259440104
2019-05-08 17:10:00,0.0001438458760579427
2019-05-08 17:15:00,0.000102996826171875
2019-05-08 17:20:00,0.021780014038085938
2019-05-08 17:25:00,0.04345703125
2019-05-08 17:30:00,0.022139718389918663
2019-05-08 17:35:00,0.0008224055298373231
2019-05-08 17:40:00,0.000164031982421875
2019-05-08 17:45:00,0.0001780986785888672
2019-05-08 17:50:00,0.00019216537475585938
2019-05-08 17:55:00,0.00020623207092285156
2019-05-08 18:00:00,0.00022029876708984375
2019-05-08 18:05:00,0.03143310546875
2019-05-08 18:10:00,0.00337982177734375
2019-05-08 18:15:00,0.0007678638805042613
2019-05-08 18:20:00,0.00038393194025213067
2019-05-08 18:25:00,0.0
2019-05-08 18:30:00,0.0060577392578125
2019-05-08 18:35:00,0.012115478515625
2019-05-08 18:40:00,9.5367431640625e-07
2019-05-08 18:45:00,0.003361663302859744
2019-05-08 18:50:00,0.006722372931403083
2019-05-08 18:55:00,0.05291331898082386
2019-05-08 19:00:00,0.04270220669833096
2019-05-08 19:05:00,0.032491094415838064
2019-05-08 19:10:00,0.022279982133345165
2019-05-08 19:15:00,0.012068869850852267
2019-05-08 19:20:00,0.001857757568359375
2019-05-08 19:25:00,0.03639030456542969
2019-05-08 19:30:00,0.0709228515625
2019-05-08 19:35:00,0.04731337229410808
2019-05-08 19:40:00,0.023703893025716148
2019-05-08 19:45:00,9.441375732421875e-05
2019-05-08 19:50:00,0.00010166168212890624
2019-05-08 19:55:00,0.00010890960693359375
2019-05-08 20:00:00,0.00011615753173828125
2019-05-08 20:05:00,0.00012340545654296876
2019-05-08 20:10:00,0.00013065338134765625
2019-05-08 20:15:00,0.0042266845703125
2019-05-08 20:20:00,0.0014781951904296875
2019-05-08 20:25:00,0.0013337665134006077
2019-05-08 20:30:00,0.0011893378363715278
2019-05-08 20:35:00,0.0010449091593424478
2019-05-08 20:40:00,0.000900480482313368
2019-05-08 20:45:00,0.0007560518052842881
2019-05-08 20:50:00,0.0006116231282552083
2019-05-08 20:55:00,0.0004671944512261285
2019-05-08 21:00:00,0.0003227657741970485
2019-05-08 21:05:00,0.00017833709716796875
2019-05-08 21:10:00,0.0012575785319010415
2019-05-08 21:15:00,0.0023368199666341143
2019-05-08 21:20:00,0.0034160614013671875
2019-05-08 21:25:00,0.006468772888183594
2019-05-08 21:30:00,0.009521484375
2019-05-08 21:35:00,0.008638968263618678
2019-05-08 21:40:00,0.007756452152237354
2019-05-08 21:45:00,0.006873936040856031
2019-05-08 21:50:00,0.005991419929474709
2019-05-08 21:55:00,0.003065328189835011
2019-05-08 22:00:00,0.0001392364501953125
2019-05-08 22:05:00,0.002981821695963542
2019-05-08 22:10:00,0.005824406941731771
2019-05-08 22:15:00,0.0086669921875
2019-05-08 22:20:00,0.00017547607421875
2019-05-08 22:25:00,0.016082763671875
2019-05-08 22:30:00,0.0081329345703125
2019-05-08 22:35:00,0.0002269744873046875
2019-05-08 22:40:00,0.0005714098612467449
2019-05-08 22:45:00,0.0009158452351888021
2019-05-08 22:50:00,0.00162506103515625
2019-05-08 22:55:00,0.00018215179443359375
2019-05-08 23:00:00,0.000751495361328125
2019-05-08 23:05:00,0.018280029296875
2019-05-08 23:10:00,0.009905815124511719
2019-05-08 23:15:00,0.0015316009521484375
2019-05-08 23:20:00,0.0203857421875
2019-05-08 23:25:00,0.024078369140625
2019-05-08 23:30:00,0.0010098351372612847
2019-05-08 23:35:00,0.000621795654296875
2019-05-08 23:40:00,0.0008287429809570312
2019-05-08 23:45:00,0.0104217529296875
2019-05-08 23:50:00,0.009769786487926136
2019-05-08 23:55:00,0.009117820046164772
2019-05-09 00:00:00,0.008465853604403408
2019-05-09 00:05:00,0.007813887162642046
2019-05-09 00:10:00,0.007161920720880682
2019-05-09 00:15:00,0.006509954279119318
2019-05-09 00:20:00,0.005857987837357955
2019-05-09 00:25:00,0.005206021395596591
2019-05-09 00:30:00,0.004554054953835228
2019-05-09 00:35:00,0.003902088512073864
2019-05-09 00:40:00,0.0032501220703125
2019-05-09 00:45:00,0.008056640625
2019-05-09 00:50:00,0.0016431808471679688
2019-05-09 00:55:00,0.007009029388427734
2019-05-09 01:00:00,0.0123748779296875
2019-05-09 01:05:00,0.0157928466796875
2019-05-09 01:10:00,0.0115814208984375
2019-05-09 01:15:00,0.005867958068847656
2019-05-09 01:20:00,0.0001544952392578125
2019-05-09 01:25:00,0.00029087066650390625
2019-05-09 01:30:00,0.0005938212076822917
2019-05-09 01:35:00,0.0008967717488606771
2019-05-09 01:40:00,0.0011997222900390625
2019-05-09 01:45:00,0.00555419921875
2019-05-09 01:50:00,0.004245281219482422
2019-05-09 01:55:00,0.0029363632202148438
2019-05-09 02:00:00,0.0016274452209472656
2019-05-09 02:05:00,0.0003185272216796875
2019-05-09 02:10:00,0.001708984375
2019-05-09 02:15:00,0.0030994415283203125
2019-05-09 02:20:00,0.004489898681640625
2019-05-09 02:25:00,0.0058803558349609375
2019-05-09 02:30:00,0.00727081298828125
2019-05-09 02:35:00,0.008661270141601562
2019-05-09 02:40:00,0.010051727294921875
2019-05-09 02:45:00,0.011442184448242188
2019-05-09 02:50:00,0.0128326416015625
2019-05-09 02:55:00,0.011116300310407366
2019-05-09 03:00:00,0.009399959019252231
2019-05-09 03:05:00,0.0076836177280970985
2019-05-09 03:10:00,0.005967276436941964
2019-05-09 03:15:00,0.00425093514578683
2019-05-09 03:20:00,0.002534593854631697
2019-05-09 03:25:00,0.0008182525634765625
2019-05-09 03:30:00,0.001491546630859375
2019-05-09 03:35:00,0.0010553995768229167
2019-05-09 03:40:00,0.0006192525227864584
2019-05-09 03:45:00,0.00018310546875
2019-05-09 03:50:00,0.00433349609375
2019-05-09 03:55:00,0.00848388671875
2019-05-09 04:00:00,0.0087890625
2019-05-09 04:05:00,0.00909423828125
2019-05-09 04:10:00,0.0093994140625
2019-05-09 04:15:00,0.00970458984375
2019-05-09 04:20:00,0.007540702819824219
2019-05-09 04:25:00,0.0053768157958984375
2019-05-09 04:30:00,0.0032129287719726562
2019-05-09 04:35:00,0.001049041748046875
2019-05-09 04:40:00,0.0023040771484375
2019-05-09 04:45:00,0.003559112548828125
2019-05-09 04:50:00,0.002033233642578125
2019-05-09 04:55:00,0.003688812255859375
2019-05-09 05:00:00,0.00588226318359375
2019-05-09 05:05:00,0.008075714111328125
2019-05-09 05:10:00,0.0102691650390625
2019-05-09 05:15:00,0.005227565765380859
2019-05-09 05:20:00,0.00018596649169921875
2019-05-09 05:25:00,0.017134857177734376
2019-05-09 05:30:00,0.012977218627929688
2019-05-09 05:35:00,0.008819580078125
2019-05-09 05:40:00,0.007495880126953125
2019-05-09 05:45:00,0.00617218017578125
2019-05-09 05:50:00,0.004848480224609375
2019-05-09 05:55:00,0.0035247802734375
2019-05-09 06:00:00,0.002201080322265625
2019-05-09 06:05:00,0.00087738037109375
2019-05-09 06:10:00,0.002689361572265625
2019-05-09 06:15:00,0.0045013427734375
2019-05-09 06:20:00,0.0035991668701171875
2019-05-09 06:25:00,0.002696990966796875
2019-05-09 06:30:00,0.0009374618530273438
2019-05-09 06:35:00,0.014674663543701172
2019-05-09 06:40:00,0.028411865234375
2019-05-09 06:45:00,0.014472007751464844
2019-05-09 06:50:00,0.0005321502685546875
2019-05-09 06:55:00,0.00039927164713541663
2019-05-09 07:00:00,0.0002663930257161458
2019-05-09 07:05:00,0.000133514404296875
2019-05-09 07:10:00,0.0003147125244140625
2019-05-09 07:15:00,0.00049591064453125
2019-05-09 07:20:00,0.0006771087646484375
2019-05-09 07:25:00,0.0004620552062988281
2019-05-09 07:30:00,0.00024700164794921875
2019-05-09 07:35:00,8.58306884765625e-05
2019-05-09 07:40:00,0.0020751953125
2019-05-09 07:45:00,0.0012979507446289062
2019-05-09 07:50:00,0.0005207061767578125
2019-05-09 07:55:00,0.00036144256591796875
2019-05-09 08:00:00,0.000202178955078125
2019-05-09 08:05:00,0.00031223297119140623
2019-05-09 08:10:00,0.00042228698730468746
2019-05-09 08:15:00,0.0005323410034179688
2019-05-09 08:20:00,0.0006423950195312499
2019-05-09 08:25:00,0.0007524490356445312
2019-05-09 08:30:00,0.01774850758639249
2019-05-09 08:35:00,0.03474456613714045
2019-05-09 08:40:00,0.05174062468788841
2019-05-09 08:45:00,0.06873668323863637
2019-05-09 08:50:00,0.0006580352783203125
2019-05-09 08:55:00,0.0126953125
2019-05-09 09:00:00,0.006443023681640625
2019-05-09 09:05:00,0.00019073486328125
2019-05-09 09:10:00,0.004833661847644382
2019-05-09 09:15:00,0.009476588832007514
2019-05-09 09:20:00,0.00643057734877975
2019-05-09 09:25:00,0.0033845658655519842
2019-05-09 09:30:00,0.00033855438232421875
2019-05-09 09:35:00,0.00028324127197265625
2019-05-09 09:40:00,0.0020546913146972656
2019-05-09 09:45:00,0.003826141357421875
2019-05-09 09:50:00,0.000102996826171875
2019-05-09 09:55:00,9.409586588541667e-05
2019-05-09 10:00:00,8.519490559895833e-05
2019-05-09 10:05:00,7.62939453125e-05
2019-05-09 10:10:00,0.001682281494140625
2019-05-09 10:15:00,0.0015837351481119792
2019-05-09 10:20:00,0.0014851888020833333
2019-05-09 10:25:00,0.0013866424560546875
2019-05-09 10:30:00,0.0010609626770019531
2019-05-09 10:35:00,0.0007352828979492188
2019-05-09 10:40:00,0.0004096031188964844
2019-05-09 10:45:00,8.392333984375e-05
2019-05-09 10:50:00,0.0811767578125
2019-05-09 10:55:00,0.04069042205810547
2019-05-09 11:00:00,0.0002040863037109375
2019-05-09 11:05:00,0.0013713836669921875
2019-05-09 11:10:00,0.0021195411682128906
2019-05-09 11:15:00,0.0028676986694335938
2019-05-09 11:20:00,0.003615856170654297
2019-05-09 11:25:00,0.004364013671875
2019-05-09 11:30:00,0.001880645751953125
2019-05-09 11:35:00,0.0016633669535319011
2019-05-09 11:40:00,0.001446088155110677
2019-05-09 11:45:00,0.0012288093566894531
2019-05-09 11:50:00,0.001011530558268229
2019-05-09 11:55:00,0.0007942517598470051
2019-05-09 12:00:00,0.0005769729614257812
2019-05-09 12:05:00,0.0002968311309814453
2019-05-09 12:10:00,1.6689300537109375e-05
2019-05-09 12:15:00,6.23464584350586e-05
2019-05-09 12:20:00,0.00010800361633300781
2019-05-09 12:25:00,0.00015366077423095703
2019-05-09 12:30:00,0.00019931793212890625
2019-05-09 12:35:00,0.0005348523457845052
2019-05-09 12:40:00,0.0008703867594401042
2019-05-09 12:45:00,0.0012059211730957031
2019-05-09 12:50:00,0.0015414555867513022
2019-05-09 12:55:00,0.0018769900004069011
2019-05-09 13:00:00,0.0022125244140625
2019-05-09 13:05:00,0.0025119781494140625
2019-05-09 13:10:00,0.002811431884765625
2019-05-09 13:15:00,0.001945177714029948
2019-05-09 13:20:00,0.001078923543294271
2019-05-09 13:25:00,0.00021266937255859375
2019-05-09 13:30:00,0.00024573008219401043
2019-05-09 13:35:00,0.00027879079182942707
2019-05-09 13:40:00,0.00031185150146484375
2019-05-09 13:45:00,0.00028514862060546875
2019-05-09 13:50:00,0.00025844573974609375
2019-05-09 13:55:00,0.0017905235290527346
2019-05-09 14:00:00,0.003322601318359375
2019-05-09 14:05:00,0.002953423394097222
2019-05-09 14:10:00,0.0025842454698350695
2019-05-09 14:15:00,0.002215067545572917
2019-05-09 14:20:00,0.001845889621310764
2019-05-09 14:25:00,0.0014767116970486112
2019-05-09 14:30:00,0.0011075337727864585
2019-05-09 14:35:00,0.0007383558485243055
2019-05-09 14:40:00,0.00036917792426215297
2019-05-09 14:45:00,0.0
2019-05-09 14:50:00,0.05523681640625001
2019-05-09 14:55:00,0.1104736328125
2019-05-09 15:00:00,0.00016117095947265625
2019-05-09 15:05:00,0.0014824867248535158
2019-05-09 15:10:00,0.002803802490234375
2019-05-09 15:15:00,0.002040863037109375
2019-05-09 15:20:00,0.0003185272216796875
2019-05-09 15:25:00,0.002524058024088542
2019-05-09 15:30:00,0.004729588826497396
2019-05-09 15:35:00,0.00693511962890625
2019-05-09 15:40:00,0.009458541870117188
2019-05-09 15:45:00,0.010019779205322266
2019-05-09 15:50:00,0.010581016540527344
2019-05-09 15:55:00,0.011142253875732422
2019-05-09 16:00:00,0.0117034912109375
2019-05-09 16:05:00,0.008968114852905273
2019-05-09 16:10:00,0.006232738494873047
2019-05-09 16:15:00,0.0034973621368408203
2019-05-09 16:20:00,0.0007619857788085938
2019-05-09 16:25:00,0.005721734494579082
2019-05-09 16:30:00,0.007778411008873764
2019-05-09 16:35:00,0.009835087523168447
2019-05-09 16:40:00,0.011891764037463129
2019-05-09 16:45:00,0.013948440551757812
2019-05-09 16:50:00,0.0016970634460449219
2019-05-09 16:55:00,0.0034099306379045758
2019-05-09 17:00:00,0.00512279782976423
2019-05-09 17:05:00,0.0068356650216238836
2019-05-09 17:10:00,0.008548532213483537
2019-05-09 17:15:00,0.010261399405343192
2019-05-09 17:20:00,0.011974266597202845
2019-05-09 17:25:00,0.0136871337890625
2019-05-09 17:30:00,0.019510904947916668
2019-05-09 17:35:00,0.025334676106770836
2019-05-09 17:40:00,0.031158447265625
2019-05-09 17:45:00,0.020929972330729164
2019-05-09 17:50:00,0.010701497395833332
2019-05-09 17:55:00,0.0004730224609375
2019-05-09 18:00:00,0.0037078857421875
2019-05-09 18:05:00,0.0022301673889160156
2019-05-09 18:10:00,0.0007524490356445312
2019-05-09 18:15:00,0.007853031158447266
2019-05-09 18:20:00,0.01495361328125
2019-05-09 18:25:00,0.011523246765136719
2019-05-09 18:30:00,0.009413528442382812
2019-05-09 18:35:00,0.007303810119628907
2019-05-09 18:40:00,0.005194091796875
2019-05-09 18:45:00,0.0030843734741210944
2019-05-09 18:50:00,0.0009746551513671875
2019-05-09 18:55:00,0.0296630859375
2019-05-09 19:00:00,0.0169830322265625
2019-05-09 19:05:00,0.004302978515625
2019-05-09 19:10:00,0.003772735595703125
2019-05-09 19:15:00,0.00324249267578125
2019-05-09 19:20:00,0.0004655664617365057
2019-05-09 19:25:00,0.0016099178429805872
2019-05-09 19:30:00,0.0027542692242246685
2019-05-09 19:35:00,0.00389862060546875
2019-05-09 19:40:00,0.0018787384033203125
2019-05-09 19:45:00,0.004192352294921875
2019-05-09 19:50:00,0.0065059661865234375
2019-05-09 19:55:00,0.008819580078125
2019-05-09 20:00:00,0.04559326171875
2019-05-09 20:05:00,0.034154256184895836
2019-05-09 20:10:00,0.022715250651041668
2019-05-09 20:15:00,0.0112762451171875
2019-05-09 20:20:00,0.001941680908203125
2019-05-09 20:25:00,0.0020580291748046875
2019-05-09 20:30:00,0.00217437744140625
2019-05-09 20:35:00,0.0022907257080078125
2019-05-09 20:40:00,0.002407073974609375
2019-05-09 20:45:00,0.002597808837890625
2019-05-09 20:50:00,0.002788543701171875
2019-05-09 20:55:00,0.002979278564453125
2019-05-09 21:00:00,0.003170013427734375
2019-05-09 21:05:00,0.003360748291015625
2019-05-09 21:10:00,0.00443267822265625
2019-05-09 21:15:00,0.007663726806640625
2019-05-09 21:20:00,0.005132039388020834
2019-05-09 21:25:00,0.002600351969401042
2019-05-09 21:30:00,6.866455078125e-05
2019-05-09 21:35:00,0.010372161865234375
2019-05-09 21:40:00,0.0019439697265625
2019-05-09 21:45:00,0.00726318359375
2019-05-09 21:50:00,0.00130462646484375
2019-05-09 21:55:00,0.0028229951858520508
2019-05-09 22:00:00,0.0043413639068603516
2019-05-09 22:05:00,0.06685908635457356
2019-05-09 22:10:00,0.12937680880228677
2019-05-09 22:15:00,0.19189453125
2019-05-09 22:20:00,0.014739990234375
2019-05-09 22:25:00,9.250640869140625e-05
2019-05-09 22:30:00,0.013947010040283203
2019-05-09 22:35:00,0.027801513671875
2019-05-09 22:40:00,0.000492095947265625
2019-05-09 22:45:00,0.0152740478515625
2019-05-09 22:50:00,0.001682281494140625
2019-05-09 22:55:00,0.0028057098388671875
2019-05-09 23:00:00,0.006738489324396307
2019-05-09 23:05:00,0.0076904296875
2019-05-09 23:10:00,0.0081329345703125
2019-05-09 23:15:00,0.0070953369140625
2019-05-09 23:20:00,0.0060577392578125
2019-05-09 23:25:00,0.0050201416015625
2019-05-09 23:30:00,0.015522956848144531
2019-05-09 23:35:00,0.03668212890625
2019-05-09 23:40:00,0.014739990234375
2019-05-09 23:45:00,0.011831092834472656
2019-05-09 23:50:00,0.008922195434570313
2019-05-09 23:55:00,0.006013298034667968
2019-05-10 00:00:00,0.0031044006347656257
2019-05-10 00:05:00,0.00019550323486328125
2019-05-10 00:10:00,0.0013272762298583987
2019-05-10 00:15:00,0.002459049224853516
2019-05-10 00:20:00,0.0035908222198486332
2019-05-10 00:25:00,0.00472259521484375
2019-05-10 00:30:00,0.006694374084472657
2019-05-10 00:35:00,0.008666152954101563
2019-05-10 00:40:00,0.010828094482421875
2019-05-10 00:45:00,0.012990036010742188
2019-05-10 00:50:00,0.0151519775390625
2019-05-10 00:55:00,0.015767415364583332
2019-05-10 01:00:00,0.016382853190104168
2019-05-10 01:05:00,0.016998291015625
2019-05-10 01:10:00,0.011431694030761719
2019-05-10 01:15:00,0.0058650970458984375
2019-05-10 01:20:00,0.00029850006103515625
2019-05-10 01:25:00,0.002666473388671875
2019-05-10 01:30:00,0.003377464082505968
2019-05-10 01:35:00,0.004088454776340061
2019-05-10 01:40:00,0.004799445470174154
2019-05-10 01:45:00,0.005510436164008247
2019-05-10 01:50:00,0.00498199462890625
2019-05-10 01:55:00,0.00013557938504810176
2019-05-10 02:00:00,0.0002106973947572314
2019-05-10 02:05:00,0.00028581540446636104
2019-05-10 02:10:00,0.0003609334141754907
2019-05-10 02:15:00,0.00043605142388462035
2019-05-10 02:20:00,0.00051116943359375
2019-05-10 02:25:00,0.0004259745279947917
2019-05-10 02:30:00,0.00034077962239583337
2019-05-10 02:35:00,0.000255584716796875
2019-05-10 02:40:00,0.00017038981119791668
2019-05-10 02:45:00,8.519490559895832e-05
2019-05-10 02:50:00,0.0
2019-05-10 02:55:00,0.0010986328125
2019-05-10 03:00:00,0.005333423614501953
2019-05-10 03:05:00,0.035888671875
2019-05-10 03:10:00,4.38690185546875e-05
2019-05-10 03:15:00,9.679794311523438e-05
2019-05-10 03:20:00,0.00014972686767578125
2019-05-10 03:25:00,0.002495447794596354
2019-05-10 03:30:00,0.004841168721516927
2019-05-10 03:35:00,0.0071868896484375
2019-05-10 03:40:00,0.005498891181134163
2019-05-10 03:45:00,0.0038108927138308262
2019-05-10 03:50:00,0.0021228942465274896
2019-05-10 03:55:00,0.00043489577922415225
2019-05-10 04:00:00,0.00215911865234375
2019-05-10 04:05:00,0.0110626220703125
2019-05-10 04:10:00,0.017907206217447916
2019-05-10 04:15:00,0.006147457469593395
2019-05-10 04:20:00,0.00710726264692099
2019-05-10 04:25:00,0.008067067824248585
2019-05-10 04:30:00,0.009026873001576181
2019-05-10 04:35:00,0.009986678178903776
2019-05-10 04:40:00,0.01094648335623137
2019-05-10 04:45:00,0.011906288533558967
2019-05-10 04:50:00,0.012866093710886563
2019-05-10 04:55:00,0.013825898888214158
2019-05-10 05:00:00,0.014785704065541753
2019-05-10 05:05:00,0.011131001300499089
2019-05-10 05:10:00,0.007476298535456423
2019-05-10 05:15:00,0.0038215957704137594
2019-05-10 05:20:00,0.00016689300537109375
2019-05-10 05:25:00,0.00024890899658203125
2019-05-10 05:30:00,0.00033092498779296875
2019-05-10 05:35:00,0.00041294097900390625
2019-05-10 05:40:00,0.0004949569702148438
2019-05-10 05:45:00,0.0005769729614257812
2019-05-10 05:50:00,0.0089874267578125
2019-05-10 05:55:00,0.00449371337890625
2019-05-10 06:00:00,0.0
2019-05-10 06:05:00,0.0111541748046875
2019-05-10 06:10:00,0.022308349609375
2019-05-10 06:15:00,0.0011348724365234375
2019-05-10 06:20:00,0.0020014444986979165
2019-05-10 06:25:00,0.0028680165608723955
2019-05-10 06:30:00,0.003734588623046875
2019-05-10 06:35:00,0.0030617713928222656
2019-05-10 06:40:00,0.0023889541625976562
2019-05-10 06:45:00,0.0017161369323730469
2019-05-10 06:50:00,0.0010433197021484375
2019-05-10 06:55:00,0.02109050750732422
2019-05-10 07:00:00,0.0411376953125
2019-05-10 07:05:00,0.0005512237548828125
2019-05-10 07:10:00,0.00032329559326171875
2019-05-10 07:15:00,0.0005245208740234375
2019-05-10 07:20:00,0.0007257461547851562
2019-05-10 07:25:00,0.000926971435546875
2019-05-10 07:30:00,0.0011281967163085938
2019-05-10 07:35:00,0.004833025810046073
2019-05-10 07:40:00,0.008537854903783552
2019-05-10 07:45:00,0.012242683997521034
2019-05-10 07:50:00,0.0001163482666015625
2019-05-10 07:55:00,0.0004863739013671875
2019-05-10 08:00:00,0.015990257263183594
2019-05-10 08:05:00,0.031494140625
2019-05-10 08:10:00,0.0212554931640625
2019-05-10 08:15:00,0.011016845703125
2019-05-10 08:20:00,0.0007781982421875
2019-05-10 08:25:00,0.00676727294921875
2019-05-10 08:30:00,0.0015010833740234375
2019-05-10 08:35:00,0.00147247314453125
2019-05-10 08:40:00,0.006740570068359375
2019-05-10 08:45:00,0.0120086669921875
2019-05-10 08:50:00,0.017276763916015625
2019-05-10 08:55:00,0.02254486083984375
2019-05-10 09:00:00,0.02781295776367187
2019-05-10 09:05:00,0.0330810546875
2019-05-10 09:10:00,0.022096951802571617
2019-05-10 09:15:00,0.01111284891764323
2019-05-10 09:20:00,0.00012874603271484375
2019-05-10 09:25:00,0.0017032623291015627
2019-05-10 09:30:00,0.0032777786254882817
2019-05-10 09:35:00,0.004852294921875
2019-05-10 09:40:00,0.0145721435546875
2019-05-10 09:45:00,0.026153564453125
2019-05-10 09:50:00,0.021819909413655598
2019-05-10 09:55:00,0.017486254374186196
2019-05-10 10:00:00,0.013152599334716797
2019-05-10 10:05:00,0.008818944295247395
2019-05-10 10:10:00,0.004485289255777996
2019-05-10 10:15:00,0.00015163421630859375
2019-05-10 10:20:00,0.000133514404296875
2019-05-10 10:25:00,0.0033416748046875
2019-05-10 10:30:00,0.0031490325927734375
2019-05-10 10:35:00,0.002956390380859375
2019-05-10 10:40:00,0.0015163421630859375
2019-05-10 10:45:00,7.62939453125e-05
2019-05-10 10:50:00,0.00014899758731617648
2019-05-10 10:55:00,0.00022170122931985294
2019-05-10 11:00:00,0.0002944048713235294
2019-05-10 11:05:00,0.0003671085133272059
2019-05-10 11:10:00,0.0004398121553308823
2019-05-10 11:15:00,0.0005125157973345588
2019-05-10 11:20:00,0.0005852194393382353
2019-05-10 11:25:00,0.0006579230813419118
2019-05-10 11:30:00,0.0007306267233455882
2019-05-10 11:35:00,0.0008033303653492646
2019-05-10 11:40:00,0.0008760340073529411
2019-05-10 11:45:00,0.0009487376493566176
2019-05-10 11:50:00,0.001021441291360294
2019-05-10 11:55:00,0.0010941449333639705
2019-05-10 12:00:00,0.001166848575367647
2019-05-10 12:05:00,0.0012395522173713235
2019-05-10 12:10:00,0.001312255859375
2019-05-10 12:15:00,0.006471174734610098
2019-05-10 12:20:00,0.011630093609845196
2019-05-10 12:25:00,0.011345700864438656
2019-05-10 12:30:00,0.011061308119032118
2019-05-10 12:35:00,0.010776915373625578
2019-05-10 12:40:00,0.01049252262821904
2019-05-10 12:45:00,0.0102081298828125
2019-05-10 12:50:00,0.008470191955566406
2019-05-10 12:55:00,0.001529693603515625
2019-05-10 13:00:00,0.0008950233459472656
2019-05-10 13:05:00,0.00026035308837890625
2019-05-10 13:10:00,0.0006873607635498047
2019-05-10 13:15:00,0.0011143684387207031
2019-05-10 13:20:00,0.000431060791015625
2019-05-10 13:25:00,0.0028411865234375
2019-05-10 13:30:00,0.005251312255859375
2019-05-10 13:35:00,0.0076614379882812495
2019-05-10 13:40:00,0.010071563720703124
2019-05-10 13:45:00,0.012481689453125
2019-05-10 13:50:00,0.008376121520996094
2019-05-10 13:55:00,0.0042705535888671875
2019-05-10 14:00:00,0.00016498565673828125
2019-05-10 14:05:00,0.00016570091247558594
2019-05-10 14:10:00,0.00016641616821289062
2019-05-10 14:15:00,0.0019733428955078123
2019-05-10 14:20:00,0.0037802696228027345
2019-05-10 14:25:00,0.005587196350097657
2019-05-10 14:30:00,0.007394123077392578
2019-05-10 14:35:00,0.0092010498046875
2019-05-10 14:40:00,0.002532958984375
2019-05-10 14:45:00,0.0017906824747721353
2019-05-10 14:50:00,0.0010484059651692708
2019-05-10 14:55:00,0.00030612945556640625
2019-05-10 15:00:00,0.0007300376892089844
2019-05-10 15:05:00,0.0008203983306884766
2019-05-10 15:10:00,0.0009107589721679688
2019-05-10 15:15:00,0.0014281272888183594
2019-05-10 15:20:00,0.00194549560546875
2019-05-10 15:25:00,0.004029273986816406
2019-05-10 15:30:00,0.0061130523681640625
2019-05-10 15:35:00,0.008196830749511719
2019-05-10 15:40:00,0.010280609130859375
2019-05-10 15:45:00,0.012364387512207031
2019-05-10 15:50:00,0.014448165893554688
2019-05-10 15:55:00,0.016531944274902344
2019-05-10 16:00:00,0.01861572265625
2019-05-10 16:05:00,0.0
2019-05-10 16:10:00,3.8623809814453125e-05
2019-05-10 16:15:00,7.724761962890625e-05
2019-05-10 16:20:00,0.000152587890625
2019-05-10 16:25:00,0.00022792816162109375
2019-05-10 16:30:00,0.0003032684326171875
2019-05-10 16:35:00,0.00037860870361328125
2019-05-10 16:40:00,0.000453948974609375
2019-05-10 16:45:00,0.0009830474853515625
2019-05-10 16:50:00,0.00151214599609375
2019-05-10 16:55:00,0.002041244506835937
2019-05-10 17:00:00,0.002570343017578125
2019-05-10 17:05:00,0.010150527954101561
2019-05-10 17:10:00,0.017730712890625
2019-05-10 17:15:00,0.011820475260416668
2019-05-10 17:20:00,0.005910237630208334
2019-05-10 17:25:00,0.0
2019-05-10 17:30:00,0.0
2019-05-10 17:35:00,0.0
2019-05-10 17:40:00,0.0
2019-05-10 17:45:00,0.0
2019-05-10 17:50:00,0.00014255509447695604
2019-05-10 17:55:00,0.0002851101889539121
2019-05-10 18:00:00,0.0027708815104925807
2019-05-10 18:05:00,0.00525665283203125
2019-05-10 18:10:00,0.0039637088775634766
2019-05-10 18:15:00,0.002670764923095703
2019-05-10 18:20:00,0.0013778209686279297
2019-05-10 18:25:00,8.487701416015625e-05
2019-05-10 18:30:00,0.00011157989501953125
2019-05-10 18:35:00,0.0004151662190755208
2019-05-10 18:40:00,0.0007187525431315104
2019-05-10 18:45:00,0.0010223388671875
2019-05-10 18:50:00,0.003261566162109375
2019-05-10 18:55:00,0.00550079345703125
2019-05-10 19:00:00,0.004774729410807292
2019-05-10 19:05:00,0.004048665364583334
2019-05-10 19:10:00,0.003322601318359375
2019-05-10 19:15:00,0.00435638427734375
2019-05-10 19:20:00,0.005390167236328125
2019-05-10 19:25:00,0.0064239501953125
2019-05-10 19:30:00,0.0033203854280359603
2019-05-10 19:35:00,0.00021682066075942095
2019-05-10 19:40:00,0.0013651679543887868
2019-05-10 19:45:00,0.002513515248018153
2019-05-10 19:50:00,0.0036618625416475186
2019-05-10 19:55:00,0.004810209835276884
2019-05-10 20:00:00,0.00595855712890625
2019-05-10 20:05:00,0.0031027793884277344
2019-05-10 20:10:00,0.00024700164794921875
2019-05-10 20:15:00,0.0032782554626464844
2019-05-10 20:20:00,0.00630950927734375
2019-05-10 20:25:00,0.0032997131347656254
2019-05-10 20:30:00,0.0002899169921875
2019-05-10 20:35:00,0.00987548828125
2019-05-10 20:40:00,0.0194610595703125
2019-05-10 20:45:00,0.029046630859375002
2019-05-10 20:50:00,0.0386322021484375
2019-05-10 20:55:00,0.0482177734375
2019-05-10 21:00:00,0.0351409912109375
2019-05-10 21:05:00,0.022064208984375
2019-05-10 21:10:00,0.0089874267578125
2019-05-10 21:15:00,0.0034942626953125
2019-05-10 21:20:00,0.003398895263671875
2019-05-10 21:25:00,0.023223876953125
2019-05-10 21:30:00,0.01235802968343099
2019-05-10 21:35:00,0.0014921824137369792
2019-05-10 21:40:00,0.0015835762023925781
2019-05-10 21:45:00,0.0016749699910481772
2019-05-10 21:50:00,0.0017663637797037761
2019-05-10 21:55:00,0.001857757568359375
2019-05-10 22:00:00,0.01749420166015625
2019-05-10 22:05:00,0.033130645751953125
2019-05-10 22:10:00,0.04876708984375
2019-05-10 22:15:00,0.042714476585388184
2019-05-10 22:20:00,0.03666186332702637
2019-05-10 22:25:00,0.03060925006866455
2019-05-10 22:30:00,0.024556636810302734
2019-05-10 22:35:00,0.018504023551940918
2019-05-10 22:40:00,0.012451410293579102
2019-05-10 22:45:00,0.006398797035217285
2019-05-10 22:50:00,0.00034618377685546875
2019-05-10 22:55:00,0.0004513263702392578
2019-05-10 23:00:00,0.0005564689636230469
2019-05-10 23:05:00,0.0006616115570068359
2019-05-10 23:10:00,0.000766754150390625
2019-05-10 23:15:00,0.000850465562608507
2019-05-10 23:20:00,0.0009341769748263889
2019-05-10 23:25:00,0.0010178883870442708
2019-05-10 23:30:00,0.0011015997992621528
2019-05-10 23:35:00,0.0011853112114800347
2019-05-10 23:40:00,0.0012690226236979165
2019-05-10 23:45:00,0.0013527340359157985
2019-05-10 23:50:00,0.0014364454481336805
2019-05-10 23:55:00,0.0015201568603515625
2019-05-11 00:00:00,0.007070170508490669
2019-05-11 00:05:00,0.012620184156629775
2019-05-11 00:10:00,0.01817019780476888
2019-05-11 00:15:00,0.023720211452907987
2019-05-11 00:20:00,0.02927022510104709
2019-05-11 00:25:00,0.034820238749186196
2019-05-11 00:30:00,0.029863766261509484
2019-05-11 00:35:00,0.024907293773832773
2019-05-11 00:40:00,0.019950821286156065
2019-05-11 00:45:00,0.014994348798479353
2019-05-11 00:50:00,0.010037876310802642
2019-05-11 00:55:00,0.005081403823125934
2019-05-11 01:00:00,0.00012493133544921875
2019-05-11 01:05:00,0.004342555999755859
2019-05-11 01:10:00,0.0085601806640625
2019-05-11 01:15:00,0.00984954833984375
2019-05-11 01:20:00,0.011138916015625
2019-05-11 01:25:00,0.01361083984375
2019-05-11 01:30:00,0.016082763671875
2019-05-11 01:35:00,0.0185546875
2019-05-11 01:40:00,0.021026611328125
2019-05-11 01:45:00,0.0004909096694574123
2019-05-11 01:50:00,0.007865114909846609
2019-05-11 01:55:00,0.015239320150235805
2019-05-11 02:00:00,0.022613525390625
2019-05-11 02:05:00,0.02082363764444987
2019-05-11 02:10:00,0.01903374989827474
2019-05-11 02:15:00,0.01724386215209961
2019-05-11 02:20:00,0.01545397440592448
2019-05-11 02:25:00,0.01366408665974935
2019-05-11 02:30:00,0.011874198913574219
2019-05-11 02:35:00,0.01008431116739909
2019-05-11 02:40:00,0.008294423421223959
2019-05-11 02:45:00,0.006504535675048828
2019-05-11 02:50:00,0.004714647928873699
2019-05-11 02:55:00,0.00292476018269857
2019-05-11 03:00:00,0.0011348724365234375
2019-05-11 03:05:00,0.0024410883585611978
2019-05-11 03:10:00,0.003747304280598958
2019-05-11 03:15:00,0.005053520202636719
2019-05-11 03:20:00,0.006359736124674479
2019-05-11 03:25:00,0.007665952046712239
2019-05-11 03:30:00,0.00897216796875
2019-05-11 03:35:00,0.0077266693115234375
2019-05-11 03:40:00,0.006481170654296875
2019-05-11 03:45:00,0.0052356719970703125
2019-05-11 03:50:00,0.003990173339843749
2019-05-11 03:55:00,0.0027446746826171866
2019-05-11 04:00:00,0.0014991760253906241
2019-05-11 04:05:00,0.0002536773681640625
2019-05-11 04:10:00,0.00011920928955078125
2019-05-11 04:15:00,0.00013828277587890625
2019-05-11 04:20:00,0.00011523564656575522
2019-05-11 04:25:00,9.218851725260417e-05
2019-05-11 04:30:00,6.914138793945312e-05
2019-05-11 04:35:00,4.609425862630209e-05
2019-05-11 04:40:00,2.3047129313151046e-05
2019-05-11 04:45:00,0.0
2019-05-11 04:50:00,0.00022220611572265625
2019-05-11 04:55:00,0.0004444122314453125
2019-05-11 05:00:00,0.007871627807617188
2019-05-11 05:05:00,0.015298843383789062
2019-05-11 05:10:00,0.0077648162841796875
2019-05-11 05:15:00,0.0002307891845703125
2019-05-11 05:20:00,0.023919105529785156
2019-05-11 05:25:00,0.047607421875
2019-05-11 05:30:00,0.031881650288899735
2019-05-11 05:35:00,0.016155878702799477
2019-05-11 05:40:00,0.00043010711669921875
2019-05-11 05:45:00,0.003713846206665039
2019-05-11 05:50:00,0.006997585296630859
2019-05-11 05:55:00,0.01028132438659668
2019-05-11 06:00:00,0.0135650634765625
2019-05-11 06:05:00,0.007620675223214286
2019-05-11 06:10:00,0.000293731689453125
2019-05-11 06:15:00,0.0
2019-05-11 06:20:00,0.0154266357421875
2019-05-11 06:25:00,0.00019073486328125
2019-05-11 06:30:00,0.005138397216796875
2019-05-11 06:35:00,0.0100860595703125
2019-05-11 06:40:00,0.008990287780761719
2019-05-11 06:45:00,0.007894515991210938
2019-05-11 06:50:00,0.006798744201660156
2019-05-11 06:55:00,0.005702972412109375
2019-05-11 07:00:00,0.004607200622558594
2019-05-11 07:05:00,0.0035114288330078125
2019-05-11 07:10:00,0.002415657043457032
2019-05-11 07:15:00,0.00131988525390625
2019-05-11 07:20:00,0.00022411346435546875
2019-05-11 07:25:00,0.00090789794921875
2019-05-11 07:30:00,0.0024255116780598955
2019-05-11 07:35:00,0.003943125406901041
2019-05-11 07:40:00,0.0054607391357421875
2019-05-11 07:45:00,0.0174560546875
2019-05-11 07:50:00,0.0181640625
2019-05-11 07:55:00,0.0188720703125
2019-05-11 08:00:00,0.019580078125
2019-05-11 08:05:00,0.0202880859375
2019-05-11 08:10:00,0.02099609375
2019-05-11 08:15:00,0.020292154947916665
2019-05-11 08:20:00,0.019588216145833334
2019-05-11 08:25:00,0.01888427734375
2019-05-11 08:30:00,0.018180338541666667
2019-05-11 08:35:00,0.017476399739583332
2019-05-11 08:40:00,0.0167724609375
2019-05-11 08:45:00,0.016068522135416666
2019-05-11 08:50:00,0.015364583333333334
2019-05-11 08:55:00,0.01466064453125
2019-05-11 09:00:00,0.013956705729166666
2019-05-11 09:05:00,0.013252766927083333
2019-05-11 09:10:00,0.012548828125
2019-05-11 09:15:00,0.011844889322916666
2019-05-11 09:20:00,0.011140950520833333
2019-05-11 09:25:00,0.01043701171875
2019-05-11 09:30:00,0.005389690399169922
2019-05-11 09:35:00,0.00034236907958984375
2019-05-11 09:40:00,0.00010204315185546875
2019-05-11 09:45:00,0.0001773834228515625
2019-05-11 09:50:00,0.00025272369384765625
2019-05-11 09:55:00,0.00032806396484375
2019-05-11 10:00:00,0.0002384185791015625
2019-05-11 10:05:00,0.0005564689636230469
2019-05-11 10:10:00,0.0008745193481445312
2019-05-11 10:15:00,0.0018111637660435268
2019-05-11 10:20:00,0.0027478081839425223
2019-05-11 10:25:00,0.0036844526018415175
2019-05-11 10:30:00,0.004621097019740513
2019-05-11 10:35:00,0.0055577414376395086
2019-05-11 10:40:00,0.006494385855538504
2019-05-11 10:45:00,0.0074310302734375
2019-05-11 10:50:00,0.005663394927978516
2019-05-11 10:55:00,0.0038957595825195312
2019-05-11 11:00:00,0.002128124237060547
2019-05-11 11:05:00,0.0003604888916015625
2019-05-11 11:10:00,0.0014600753784179688
2019-05-11 11:15:00,0.002559661865234375
2019-05-11 11:20:00,0.05487060546875
2019-05-11 11:25:00,0.027883052825927734
2019-05-11 11:30:00,0.0008955001831054688
2019-05-11 11:35:00,0.008127450942993164
2019-05-11 11:40:00,0.01535940170288086
2019-05-11 11:45:00,0.022591352462768555
2019-05-11 11:50:00,0.02982330322265625
2019-05-11 11:55:00,0.024385833740234376
2019-05-11 12:00:00,0.018948364257812503
2019-05-11 12:05:00,0.013510894775390626
2019-05-11 12:10:00,0.008073425292968752
2019-05-11 12:15:00,0.002635955810546875
2019-05-11 12:20:00,0.006591796875
2019-05-11 12:25:00,0.00653076171875
2019-05-11 12:30:00,0.0064697265625
2019-05-11 12:35:00,0.00640869140625
2019-05-11 12:40:00,0.018096923828125
2019-05-11 12:45:00,0.016504287719726562
2019-05-11 12:50:00,0.014911651611328125
2019-05-11 12:55:00,0.013319015502929688
2019-05-11 13:00:00,0.01172637939453125
2019-05-11 13:05:00,0.010133743286132812
2019-05-11 13:10:00,0.008541107177734375
2019-05-11 13:15:00,0.0069484710693359375
2019-05-11 13:20:00,0.0053558349609375
2019-05-11 13:25:00,0.0037631988525390608
2019-05-11 13:30:00,0.002170562744140625
2019-05-11 13:35:00,0.0016489028930664062
2019-05-11 13:40:00,0.0011272430419921875
2019-05-11 13:45:00,0.0006055831909179688
2019-05-11 13:50:00,8.392333984375e-05
2019-05-11 13:55:00,0.0028047561645507812
2019-05-11 14:00:00,0.0055255889892578125
2019-05-11 14:05:00,0.008246421813964844
2019-05-11 14:10:00,0.010967254638671875
2019-05-11 14:15:00,0.013688087463378906
2019-05-11 14:20:00,0.016408920288085938
2019-05-11 14:25:00,0.01912975311279297
2019-05-11 14:30:00,0.0218505859375
2019-05-11 14:35:00,0.01899862289428711
2019-05-11 14:40:00,0.01614665985107422
2019-05-11 14:45:00,0.013294696807861328
2019-05-11 14:50:00,0.010442733764648436
2019-05-11 14:55:00,0.007590770721435547
2019-05-11 15:00:00,0.006812731424967448
2019-05-11 15:05:00,0.006034692128499349
2019-05-11 15:10:00,0.00525665283203125
2019-05-11 15:15:00,0.0721435546875
2019-05-11 15:20:00,0.050154685974121094
2019-05-11 15:25:00,0.028165817260742188
2019-05-11 15:30:00,0.006176948547363281
2019-05-11 15:35:00,0.0075685183207194005
2019-05-11 15:40:00,0.00896008809407552
2019-05-11 15:45:00,0.01035165786743164
2019-05-11 15:50:00,0.01174322764078776
2019-05-11 15:55:00,0.013134797414143879
2019-05-11 16:00:00,0.0145263671875
2019-05-11 16:05:00,0.00164031982421875
2019-05-11 16:10:00,0.0008940696716308594
2019-05-11 16:15:00,0.00014781951904296875
2019-05-11 16:20:00,0.0022708347865513395
2019-05-11 16:25:00,0.00439385005405971
2019-05-11 16:30:00,0.0065168653215680805
2019-05-11 16:35:00,0.008639880589076452
2019-05-11 16:40:00,0.010762895856584822
2019-05-11 16:45:00,0.00418853759765625
2019-05-11 16:50:00,0.0389404296875
2019-05-11 16:55:00,0.02627849578857422
2019-05-11 17:00:00,0.013616561889648438
2019-05-11 17:05:00,0.0009546279907226562
2019-05-11 17:10:00,0.000530242919921875
2019-05-11 17:15:00,0.00257110595703125
2019-05-11 17:20:00,0.00617218017578125
2019-05-11 17:25:00,0.007238883160530253
2019-05-11 17:30:00,0.00489013617765819
2019-05-11 17:35:00,0.0025413891947861263
2019-05-11 17:40:00,0.0001926422119140625
2019-05-11 17:45:00,0.0034895608591478926
2019-05-11 17:50:00,0.006813048524317947
2019-05-11 17:55:00,0.010136536189488001
2019-05-11 18:00:00,0.0071961337296420295
2019-05-11 18:05:00,0.004255731269796058
2019-05-11 18:10:00,0.0013153288099500868
2019-05-11 18:15:00,0.000820265875922309
2019-05-11 18:20:00,0.00032520294189453125
2019-05-11 18:25:00,0.0011113882064819336
2019-05-11 18:30:00,0.001897573471069336
2019-05-11 18:35:00,0.0026837587356567383
2019-05-11 18:40:00,0.0034699440002441406
2019-05-11 18:45:00,0.002152078801935369
2019-05-11 18:50:00,0.002595282220221185
2019-05-11 18:55:00,0.003038485638507001
2019-05-11 19:00:00,0.0034816890567928166
2019-05-11 19:05:00,0.003924892475078632
2019-05-11 19:10:00,0.004368095893364448
2019-05-11 19:15:00,0.004811299311650264
2019-05-11 19:20:00,0.00525450272993608
2019-05-11 19:25:00,0.005697706148221895
2019-05-11 19:30:00,0.0061409095665077105
2019-05-11 19:35:00,0.006584112984793528
2019-05-11 19:40:00,0.007027316403079343
2019-05-11 19:45:00,0.007470519821365158
2019-05-11 19:50:00,0.007913723239650974
2019-05-11 19:55:00,0.00835692665793679
2019-05-11 20:00:00,0.008800130076222606
2019-05-11 20:05:00,0.009243333494508421
2019-05-11 20:10:00,0.009686536912794237
2019-05-11 20:15:00,0.010129740331080052
2019-05-11 20:20:00,0.010572943749365868
2019-05-11 20:25:00,0.011016147167651685
2019-05-11 20:30:00,0.0114593505859375
2019-05-11 20:35:00,0.0135345458984375
2019-05-11 20:40:00,0.03343505859375
2019-05-11 20:45:00,0.0533355712890625
2019-05-11 20:50:00,0.073236083984375
2019-05-11 20:55:00,0.0931365966796875
2019-05-11 21:00:00,0.113037109375
2019-05-11 21:05:00,0.10414955832741478
2019-05-11 21:10:00,0.09526200727982954
2019-05-11 21:15:00,0.08637445623224432
2019-05-11 21:20:00,0.07748690518465909
2019-05-11 21:25:00,0.06859935413707387
2019-05-11 21:30:00,0.05971180308948864
2019-05-11 21:35:00,0.05082425204190341
2019-05-11 21:40:00,0.04193670099431819
2019-05-11 21:45:00,0.033049149946732956
2019-05-11 21:50:00,0.024161598899147735
2019-05-11 21:55:00,0.0152740478515625
2019-05-11 22:00:00,0.02671051025390625
2019-05-11 22:05:00,0.03814697265625
2019-05-11 22:10:00,0.031865994135538735
2019-05-11 22:15:00,0.025585015614827476
2019-05-11 22:20:00,0.01930403709411621
2019-05-11 22:25:00,0.013023058573404949
2019-05-11 22:30:00,0.006742080052693687
2019-05-11 22:35:00,0.0004611015319824219
2019-05-11 22:40:00,0.0006156648908342634
2019-05-11 22:45:00,0.0007702282496861049
2019-05-11 22:50:00,0.0009247916085379464
2019-05-11 22:55:00,0.0010793549673897879
2019-05-11 23:00:00,0.0012339183262416293
2019-05-11 23:05:00,0.0013884816850934709
2019-05-11 23:10:00,0.0015430450439453125
2019-05-11 23:15:00,0.002139568328857422
2019-05-11 23:20:00,0.0027360916137695312
2019-05-11 23:25:00,0.0033326148986816406
2019-05-11 23:30:00,0.00392913818359375
2019-05-11 23:35:00,0.0010986328125
2019-05-11 23:40:00,0.0019397735595703125
2019-05-11 23:45:00,0.002780914306640625
2019-05-11 23:50:00,0.0036220550537109375
2019-05-11 23:55:00,0.00446319580078125
2019-05-12 00:00:00,0.0053043365478515625
2019-05-12 00:05:00,0.006145477294921875
2019-05-12 00:10:00,0.0069866180419921875
2019-05-12 00:15:00,0.0078277587890625
2019-05-12 00:20:00,0.0017861588018871697
2019-05-12 00:25:00,0.0
2019-05-12 00:30:00,0.008365390537021396
2019-05-12 00:35:00,0.00762635308343011
2019-05-12 00:40:00,0.006887315629838823
2019-05-12 00:45:00,0.006148278176247537
2019-05-12 00:50:00,0.00540924072265625
2019-05-12 00:55:00,0.005460103352864583
2019-05-12 01:00:00,0.005510965983072917
2019-05-12 01:05:00,0.00556182861328125
2019-05-12 01:10:00,0.006900787353515625
2019-05-12 01:15:00,0.00823974609375
2019-05-12 01:20:00,0.0002651214599609375
2019-05-12 01:25:00,0.0023453235626220703
2019-05-12 01:30:00,0.004425525665283203
2019-05-12 01:35:00,0.006505727767944336
2019-05-12 01:40:00,0.008585929870605469
2019-05-12 01:45:00,0.010666131973266602
2019-05-12 01:50:00,0.012746334075927734
2019-05-12 01:55:00,0.014826536178588867
2019-05-12 02:00:00,0.01690673828125
2019-05-12 02:05:00,0.0010175704956054688
2019-05-12 02:10:00,0.0005083084106445312
2019-05-12 02:15:00,0.0018558502197265625
2019-05-12 02:20:00,0.0009708404541015625
2019-05-12 02:25:00,8.58306884765625e-05
2019-05-12 02:30:00,0.0102996826171875
2019-05-12 02:35:00,0.00514984130859375
2019-05-12 02:40:00,0.0
2019-05-12 02:45:00,0.00017261505126953125
2019-05-12 02:50:00,0.0001926422119140625
2019-05-12 02:55:00,5.054473876953125e-05
2019-05-12 03:00:00,0.00021457672119140625
2019-05-12 03:05:00,0.02377608328154593
2019-05-12 03:10:00,0.00025844573974609375
2019-05-12 03:15:00,0.0011341571807861328
2019-05-12 03:20:00,0.002009868621826172
2019-05-12 03:25:00,0.002885580062866211
2019-05-12 03:30:00,0.00376129150390625
2019-05-12 03:35:00,0.00481414794921875
2019-05-12 03:40:00,0.005047191273082386
2019-05-12 03:45:00,0.005280234596946023
2019-05-12 03:50:00,0.005513277920809659
2019-05-12 03:55:00,0.005746321244673295
2019-05-12 04:00:00,0.005979364568536932
2019-05-12 04:05:00,0.006212407892400568
2019-05-12 04:10:00,0.006445451216264204
2019-05-12 04:15:00,0.006678494540127841
2019-05-12 04:20:00,0.006911537863991477
2019-05-12 04:25:00,0.007144581187855114
2019-05-12 04:30:00,0.00737762451171875
2019-05-12 04:35:00,0.0049406687418619795
2019-05-12 04:40:00,0.002503712972005209
2019-05-12 04:45:00,6.67572021484375e-05
2019-05-12 04:50:00,9.806950887044272e-05
2019-05-12 04:55:00,0.00012938181559244793
2019-05-12 05:00:00,0.00016069412231445312
2019-05-12 05:05:00,0.00019200642903645834
2019-05-12 05:10:00,0.00022331873575846353
2019-05-12 05:15:00,0.00025463104248046875
2019-05-12 05:20:00,0.0002307891845703125
2019-05-12 05:25:00,0.00020694732666015625
2019-05-12 05:30:00,0.00018310546875
2019-05-12 05:35:00,0.009366861979166665
2019-05-12 05:40:00,0.01855061848958333
2019-05-12 05:45:00,0.027734375
2019-05-12 05:50:00,0.00569915771484375
2019-05-12 05:55:00,0.0029587745666503906
2019-05-12 06:00:00,0.00021839141845703125
2019-05-12 06:05:00,0.00019219138405539773
2019-05-12 06:10:00,0.0001659913496537642
2019-05-12 06:15:00,0.00013979131525213067
2019-05-12 06:20:00,0.00011359128085049715
2019-05-12 06:25:00,8.739124644886364e-05
2019-05-12 06:30:00,0.0005385225469415839
2019-05-12 06:35:00,0.000989653847434304
2019-05-12 06:40:00,0.0014407851479270243
2019-05-12 06:45:00,0.0018919164484197445
2019-05-12 06:50:00,0.002343047748912464
2019-05-12 06:55:00,0.0027941790494051847
2019-05-12 07:00:00,0.003245310349897905
2019-05-12 07:05:00,0.003696441650390625
2019-05-12 07:10:00,0.01220703125
2019-05-12 07:15:00,0.011415417989095053
2019-05-12 07:20:00,0.010623804728190104
2019-05-12 07:25:00,0.009832191467285156
2019-05-12 07:30:00,0.009040578206380209
2019-05-12 07:35:00,0.008248964945475262
2019-05-12 07:40:00,0.007457351684570313
2019-05-12 07:45:00,0.006665738423665365
2019-05-12 07:50:00,0.005874125162760417
2019-05-12 07:55:00,0.005082511901855469
2019-05-12 08:00:00,0.004290898640950521
2019-05-12 08:05:00,0.0034992853800455727
2019-05-12 08:10:00,0.0027076721191406257
2019-05-12 08:15:00,0.001916058858235677
2019-05-12 08:20:00,0.00112444559733073
2019-05-12 08:25:00,0.00033283233642578125
2019-05-12 08:30:00,0.0012501716613769532
2019-05-12 08:35:00,0.002167510986328125
2019-05-12 08:40:00,0.003084850311279297
2019-05-12 08:45:00,0.004002189636230469
2019-05-12 08:50:00,0.004919528961181641
2019-05-12 08:55:00,0.005836868286132813
2019-05-12 09:00:00,0.0067542076110839845
2019-05-12 09:05:00,0.007671546936035157
2019-05-12 09:10:00,0.008588886260986328
2019-05-12 09:15:00,0.0095062255859375
2019-05-12 09:20:00,0.0137939453125
2019-05-12 09:25:00,0.0180816650390625
2019-05-12 09:30:00,0.022369384765625
2019-05-12 09:35:00,0.0266571044921875
2019-05-12 09:40:00,0.03094482421875
2019-05-12 09:45:00,0.002356552476973536
2019-05-12 09:50:00,0.0006999969482421875
2019-05-12 09:55:00,0.0008405049641927084
2019-05-12 10:00:00,0.0009810129801432292
2019-05-12 10:05:00,0.00112152099609375
2019-05-12 10:10:00,0.0007801055908203125
2019-05-12 10:15:00,0.000438690185546875
2019-05-12 10:20:00,9.72747802734375e-05
2019-05-12 10:25:00,0.0006208419799804688
2019-05-12 10:30:00,0.02499071756998698
2019-05-12 10:35:00,0.04936059315999349
2019-05-12 10:40:00,0.07373046875
2019-05-12 10:45:00,0.03732847130816916
2019-05-12 10:50:00,0.0009264738663383152
2019-05-12 10:55:00,0.02923583984375
2019-05-12 11:00:00,0.026737213134765625
2019-05-12 11:05:00,0.02423858642578125
2019-05-12 11:10:00,0.021739959716796875
2019-05-12 11:15:00,0.0192413330078125
2019-05-12 11:20:00,0.016742706298828125
2019-05-12 11:25:00,0.01424407958984375
2019-05-12 11:30:00,0.011745452880859375
2019-05-12 11:35:00,0.009246826171875
2019-05-12 11:40:00,0.007640838623046875
2019-05-12 11:45:00,0.00603485107421875
2019-05-12 11:50:00,0.007593790690104167
2019-05-12 11:55:00,0.009152730305989584
2019-05-12 12:00:00,0.010711669921875
2019-05-12 12:05:00,0.01806640625
2019-05-12 12:10:00,0.025421142578125
2019-05-12 12:15:00,0.0
2019-05-12 12:20:00,0.0069637298583984375
2019-05-12 12:25:00,0.013927459716796875
2019-05-12 12:30:00,0.0194671630859375
2019-05-12 12:35:00,0.025006866455078124
2019-05-12 12:40:00,0.03054656982421875
2019-05-12 12:45:00,0.03608627319335937
2019-05-12 12:50:00,0.0416259765625
2019-05-12 12:55:00,0.03132392565409342
2019-05-12 13:00:00,0.02102187474568685
2019-05-12 13:05:00,0.01071982383728027
2019-05-12 13:10:00,0.0004177729288736979
2019-05-12 13:15:00,0.04583740234375
2019-05-12 13:20:00,0.03192138671875
2019-05-12 13:25:00,0.01800537109375
2019-05-12 13:30:00,0.0196533203125
2019-05-12 13:35:00,0.02130126953125
2019-05-12 13:40:00,0.017751057942708332
2019-05-12 13:45:00,0.014200846354166668
2019-05-12 13:50:00,0.010650634765625
2019-05-12 13:55:00,0.007100423177083334
2019-05-12 14:00:00,0.003550211588541668
2019-05-12 14:05:00,0.0
2019-05-12 14:10:00,0.0017115275065104165
2019-05-12 14:15:00,0.003423055013020833
2019-05-12 14:20:00,0.00513458251953125
2019-05-12 14:25:00,0.005350748697916667
2019-05-12 14:30:00,0.005566914876302083
2019-05-12 14:35:00,0.0057830810546875
2019-05-12 14:40:00,0.0053424835205078125
2019-05-12 14:45:00,0.004901885986328125
2019-05-12 14:50:00,0.0044612884521484375
2019-05-12 14:55:00,0.00402069091796875
2019-05-12 15:00:00,0.0032488505045572915
2019-05-12 15:05:00,0.002477010091145833
2019-05-12 15:10:00,0.001705169677734375
2019-05-12 15:15:00,0.00560760498046875
2019-05-12 15:20:00,0.009510040283203125
2019-05-12 15:25:00,0.0134124755859375
2019-05-12 15:30:00,0.0001964569091796875
2019-05-12 15:35:00,0.004670143127441406
2019-05-12 15:40:00,0.009143829345703125
2019-05-12 15:45:00,0.013617515563964842
2019-05-12 15:50:00,0.018091201782226562
2019-05-12 15:55:00,0.02256488800048828
2019-05-12 16:00:00,0.02703857421875
2019-05-12 16:05:00,0.04917590778816376
2019-05-12 16:10:00,0.04419852019659157
2019-05-12 16:15:00,0.03922113260501938
2019-05-12 16:20:00,0.03424374501344719
2019-05-12 16:25:00,0.029266357421875
2019-05-12 16:30:00,0.02210378646850586
2019-05-12 16:35:00,0.014941215515136719
2019-05-12 16:40:00,0.007778644561767578
2019-05-12 16:45:00,0.0006160736083984375
2019-05-12 16:50:00,0.003315448760986328
2019-05-12 16:55:00,0.006014823913574219
2019-05-12 17:00:00,0.00871419906616211
2019-05-12 17:05:00,0.01141357421875
2019-05-12 17:10:00,0.010573636568509615
2019-05-12 17:15:00,0.000446319580078125
2019-05-12 17:20:00,0.0004911422729492188
2019-05-12 17:25:00,0.4736328125
2019-05-12 17:30:00,0.0130767822265625
2019-05-12 17:35:00,0.00537872314453125
2019-05-12 17:40:00,0.006505330403645833
2019-05-12 17:45:00,0.007631937662760416
2019-05-12 17:50:00,0.008758544921875
2019-05-12 17:55:00,0.007322152455647786
2019-05-12 18:00:00,0.005885759989420572
2019-05-12 18:05:00,0.004449367523193359
2019-05-12 18:10:00,0.0030129750569661455
2019-05-12 18:15:00,0.0015765825907389317
2019-05-12 18:20:00,0.00014019012451171875
2019-05-12 18:25:00,0.00014797846476236978
2019-05-12 18:30:00,0.00015576680501302084
2019-05-12 18:35:00,0.00016355514526367188
2019-05-12 18:40:00,0.0001713434855143229
2019-05-12 18:45:00,0.00017913182576497397
2019-05-12 18:50:00,0.000186920166015625
2019-05-12 18:55:00,0.0003571510314941406
2019-05-12 19:00:00,0.0005273818969726562
2019-05-12 19:05:00,0.000797271728515625
2019-05-12 19:10:00,0.004153660365513393
2019-05-12 19:15:00,0.007510049002511161
2019-05-12 19:20:00,0.010866437639508928
2019-05-12 19:25:00,0.014222826276506697
2019-05-12 19:30:00,0.017579214913504462
2019-05-12 19:35:00,0.02093560355050223
2019-05-12 19:40:00,0.0242919921875
2019-05-12 19:45:00,0.0
2019-05-12 19:50:00,7.2479248046875e-05
2019-05-12 19:55:00,0.00014495849609375
2019-05-12 20:00:00,0.000217437744140625
2019-05-12 20:05:00,0.00078582763671875
2019-05-12 20:10:00,0.001354217529296875
2019-05-12 20:15:00,0.001922607421875
2019-05-12 20:20:00,0.002490997314453125
2019-05-12 20:25:00,0.002087974548339844
2019-05-12 20:30:00,0.0016849517822265625
2019-05-12 20:35:00,0.001281929016113281
2019-05-12 20:40:00,0.0008789062499999999
2019-05-12 20:45:00,0.00047588348388671875
2019-05-12 20:50:00,0.00418853759765625
2019-05-12 20:55:00,0.00606536865234375
2019-05-12 21:00:00,0.009179433186848959
2019-05-12 21:05:00,0.012293497721354168
2019-05-12 21:10:00,0.015407562255859375
2019-05-12 21:15:00,0.018521626790364586
2019-05-12 21:20:00,0.02163569132486979
2019-05-12 21:25:00,0.024749755859375
2019-05-12 21:30:00,0.01867079734802246
2019-05-12 21:35:00,0.012591838836669922
2019-05-12 21:40:00,0.006512880325317383
2019-05-12 21:45:00,0.00043392181396484375
2019-05-12 21:50:00,0.0186767578125
2019-05-12 21:55:00,0.00028896331787109375
2019-05-12 22:00:00,0.01776123046875
2019-05-12 22:05:00,0.013416051864624023
2019-05-12 22:10:00,0.009070873260498047
2019-05-12 22:15:00,0.00472569465637207
2019-05-12 22:20:00,0.00038051605224609375
2019-05-12 22:25:00,0.0003800392150878906
2019-05-12 22:30:00,0.0003795623779296875
2019-05-12 22:35:00,0.008722782135009766
2019-05-12 22:40:00,0.017066001892089844
2019-05-12 22:45:00,0.025409221649169922
2019-05-12 22:50:00,0.03375244140625
2019-05-12 22:55:00,0.00635528564453125
2019-05-12 23:00:00,0.000545501708984375
2019-05-12 23:05:00,0.0013580322265625
2019-05-12 23:10:00,0.002170562744140625
2019-05-12 23:15:00,0.00298309326171875
2019-05-12 23:20:00,0.001095136006673177
2019-05-12 23:25:00,0.0012561480204264321
2019-05-12 23:30:00,0.0014171600341796875
2019-05-12 23:35:00,0.0015651996319110577
2019-05-12 23:40:00,0.00447845458984375
2019-05-12 23:45:00,0.0030651092529296875
2019-05-12 23:50:00,0.001651763916015625
2019-05-12 23:55:00,0.0002384185791015625
2019-05-13 00:00:00,0.0017860532588133808
2019-05-13 00:05:00,0.003333687938525199
2019-05-13 00:10:00,0.004881322618237018
2019-05-13 00:15:00,0.006428957297948836
2019-05-13 00:20:00,0.007976591977660654
2019-05-13 00:25:00,0.009524226657372473
2019-05-13 00:30:00,0.01107186133708429
2019-05-13 00:35:00,0.005535930668542145
2019-05-13 00:40:00,0.0
2019-05-13 00:45:00,2.09808349609375e-05
2019-05-13 00:50:00,4.1961669921875e-05
2019-05-13 00:55:00,6.29425048828125e-05
2019-05-13 01:00:00,8.392333984375e-05
2019-05-13 01:05:00,0.00010490417480468749
2019-05-13 01:10:00,0.000125885009765625
2019-05-13 01:15:00,0.0001468658447265625
2019-05-13 01:20:00,0.009259223937988281
2019-05-13 01:25:00,0.01837158203125
2019-05-13 01:30:00,0.013904571533203125
2019-05-13 01:35:00,0.009437561035156252
2019-05-13 01:40:00,0.004970550537109377
2019-05-13 01:45:00,0.0005035400390625
2019-05-13 01:50:00,0.00045566558837890626
2019-05-13 01:55:00,0.0004077911376953125
2019-05-13 02:00:00,0.00035991668701171873
2019-05-13 02:05:00,0.00031204223632812504
2019-05-13 02:10:00,0.00026416778564453125
2019-05-13 02:15:00,0.0035307142469618055
2019-05-13 02:20:00,0.00679726070827908
2019-05-13 02:25:00,0.010063807169596354
2019-05-13 02:30:00,0.013330353630913628
2019-05-13 02:35:00,0.0165969000922309
2019-05-13 02:40:00,0.019863446553548176
2019-05-13 02:45:00,0.02312999301486545
2019-05-13 02:50:00,0.026396539476182725
2019-05-13 02:55:00,0.0296630859375
2019-05-13 03:00:00,0.026031494140625
2019-05-13 03:05:00,0.02239990234375
2019-05-13 03:10:00,0.018768310546875
2019-05-13 03:15:00,0.01513671875
2019-05-13 03:20:00,0.011505126953125
2019-05-13 03:25:00,0.0
2019-05-13 03:30:00,0.011871337890625
2019-05-13 03:35:00,0.01334381103515625
2019-05-13 03:40:00,0.0148162841796875
2019-05-13 03:45:00,0.013234456380208334
2019-05-13 03:50:00,0.011652628580729166
2019-05-13 03:55:00,0.01007080078125
2019-05-13 04:00:00,0.0018672943115234375
2019-05-13 04:05:00,0.04266357421875
2019-05-13 04:10:00,0.0128936767578125
2019-05-13 04:15:00,6.4849853515625e-05
2019-05-13 04:20:00,8.678436279296875e-05
2019-05-13 04:25:00,0.004278659820556641
2019-05-13 04:30:00,0.008470535278320312
2019-05-13 04:35:00,0.012662410736083984
2019-05-13 04:40:00,0.016854286193847656
2019-05-13 04:45:00,0.021046161651611328
2019-05-13 04:50:00,0.025238037109375
2019-05-13 04:55:00,0.0082855224609375
2019-05-13 05:00:00,0.0083770751953125
2019-05-13 05:05:00,0.0007658004760742188
2019-05-13 05:10:00,0.0108489990234375
2019-05-13 05:15:00,0.0055078814427057905
2019-05-13 05:20:00,0.0001667638619740804
2019-05-13 05:25:00,0.00014274815718332928
2019-05-13 05:30:00,0.00011873245239257812
2019-05-13 05:35:00,0.0009834766387939453
2019-05-13 05:40:00,0.003604888916015625
2019-05-13 05:45:00,0.0004146253907835329
2019-05-13 05:50:00,0.006486304394610517
2019-05-13 05:55:00,0.0125579833984375
2019-05-13 06:00:00,0.009418487548828125
2019-05-13 06:05:00,0.00627899169921875
2019-05-13 06:10:00,0.003139495849609375
2019-05-13 06:15:00,0.0
2019-05-13 06:20:00,0.0015513102213541667
2019-05-13 06:25:00,0.0031026204427083335
2019-05-13 06:30:00,0.0046539306640625
2019-05-13 06:35:00,0.003490447998046875
2019-05-13 06:40:00,0.00232696533203125
2019-05-13 06:45:00,0.0011634826660156246
2019-05-13 06:50:00,0.0
2019-05-13 06:55:00,0.0005445480346679688
2019-05-13 07:00:00,0.0010890960693359375
2019-05-13 07:05:00,0.0016336441040039062
2019-05-13 07:10:00,0.002178192138671875
2019-05-13 07:15:00,0.0027227401733398438
2019-05-13 07:20:00,0.0032672882080078125
2019-05-13 07:25:00,0.0038118362426757812
2019-05-13 07:30:00,0.00435638427734375
2019-05-13 07:35:00,0.0046787261962890625
2019-05-13 07:40:00,0.005001068115234375
2019-05-13 07:45:00,0.0053234100341796875
2019-05-13 07:50:00,0.005645751953125
2019-05-13 07:55:00,0.0059680938720703125
2019-05-13 08:00:00,0.006290435791015625
2019-05-13 08:05:00,0.0066127777099609375
2019-05-13 08:10:00,0.00693511962890625
2019-05-13 08:15:00,0.0
2019-05-13 08:20:00,0.00457763671875
2019-05-13 08:25:00,0.0091552734375
2019-05-13 08:30:00,0.007559967041015625
2019-05-13 08:35:00,0.00596466064453125
2019-05-13 08:40:00,0.004369354248046875
2019-05-13 08:45:00,0.0027740478515625
2019-05-13 08:50:00,0.001178741455078125
2019-05-13 08:55:00,0.018333973707976164
2019-05-13 09:00:00,0.009208471686751754
2019-05-13 09:05:00,8.296966552734375e-05
2019-05-13 09:10:00,0.00011689322335379464
2019-05-13 09:15:00,0.00015081678118024553
2019-05-13 09:20:00,0.00018474033900669644
2019-05-13 09:25:00,0.00021866389683314731
2019-05-13 09:30:00,0.00025258745465959825
2019-05-13 09:35:00,0.0002865110124860491
2019-05-13 09:40:00,0.0003204345703125
2019-05-13 09:45:00,0.002948760986328125
2019-05-13 09:50:00,0.00557708740234375
2019-05-13 09:55:00,0.0041828155517578125
2019-05-13 10:00:00,0.002788543701171875
2019-05-13 10:05:00,0.0013942718505859375
2019-05-13 10:10:00,0.0
2019-05-13 10:15:00,0.00137481689453125
2019-05-13 10:20:00,0.0027496337890625
2019-05-13 10:25:00,0.004124450683593749
2019-05-13 10:30:00,0.005499267578125
2019-05-13 10:35:00,0.00687408447265625
2019-05-13 10:40:00,0.047607421875
2019-05-13 10:45:00,0.031945546468098954
2019-05-13 10:50:00,0.016283671061197914
2019-05-13 10:55:00,0.000621795654296875
2019-05-13 11:00:00,0.0006856918334960938
2019-05-13 11:05:00,0.0006687641143798828
2019-05-13 11:10:00,0.0006518363952636719
2019-05-13 11:15:00,0.0006349086761474609
2019-05-13 11:20:00,0.00061798095703125
2019-05-13 11:25:00,0.033642532576375936
2019-05-13 11:30:00,0.029988568813646612
2019-05-13 11:35:00,0.026334605050917288
2019-05-13 11:40:00,0.022680641288187968
2019-05-13 11:45:00,0.019026677525458644
2019-05-13 11:50:00,0.01537271376272932
2019-05-13 11:55:00,0.01171875
2019-05-13 12:00:00,0.007781709943498884
2019-05-13 12:05:00,0.003844669886997768
2019-05-13 12:10:00,8.296966552734375e-05
2019-05-13 12:15:00,4.148483276367188e-05
2019-05-13 12:20:00,0.0
2019-05-13 12:25:00,8.344650268554688e-05
2019-05-13 12:30:00,0.0012760162353515625
2019-05-13 12:35:00,0.0124664306640625
2019-05-13 12:40:00,0.02039337158203125
2019-05-13 12:45:00,0.0283203125
2019-05-13 12:50:00,0.0234832763671875
2019-05-13 12:55:00,0.018646240234375
2019-05-13 13:00:00,0.0138092041015625
2019-05-13 13:05:00,0.011604626973470053
2019-05-13 13:10:00,0.009400049845377605
2019-05-13 13:15:00,0.007195472717285156
2019-05-13 13:20:00,0.004990895589192709
2019-05-13 13:25:00,0.00278631846110026
2019-05-13 13:30:00,0.0005817413330078125
2019-05-13 13:35:00,0.0044708251953125
2019-05-13 13:40:00,0.0010800361633300781
2019-05-13 13:45:00,0.004583495003836495
2019-05-13 13:50:00,0.008086953844342912
2019-05-13 13:55:00,0.011590412684849331
2019-05-13 14:00:00,0.015093871525355749
2019-05-13 14:05:00,0.018597330365862166
2019-05-13 14:10:00,0.022100789206368585
2019-05-13 14:15:00,0.025604248046875
2019-05-13 14:20:00,0.022370020548502605
2019-05-13 14:25:00,0.01913579305013021
2019-05-13 14:30:00,0.015901565551757812
2019-05-13 14:35:00,0.012667338053385418
2019-05-13 14:40:00,0.009433110555013023
2019-05-13 14:45:00,0.006198883056640625
2019-05-13 14:50:00,0.154541015625
2019-05-13 14:55:00,0.089111328125
2019-05-13 15:00:00,0.023681640625
2019-05-13 15:05:00,0.0006208419799804688
2019-05-13 15:10:00,0.0005023479461669922
2019-05-13 15:15:00,0.0003838539123535156
2019-05-13 15:20:00,0.00026535987854003906
2019-05-13 15:25:00,0.0001468658447265625
2019-05-13 15:30:00,0.02191162109375
2019-05-13 15:35:00,0.005470666018399325
2019-05-13 15:40:00,6.4849853515625e-05
2019-05-13 15:45:00,0.002269744873046875
2019-05-13 15:50:00,0.005510965983072916
2019-05-13 15:55:00,0.008752187093098957
2019-05-13 16:00:00,0.011993408203125
2019-05-13 16:05:00,0.006347179412841797
2019-05-13 16:10:00,0.0007009506225585938
2019-05-13 16:15:00,0.007231950759887695
2019-05-13 16:20:00,0.013762950897216797
2019-05-13 16:25:00,0.0202939510345459
2019-05-13 16:30:00,0.026824951171875
2019-05-13 16:35:00,0.013762474060058594
2019-05-13 16:40:00,0.0006999969482421875
2019-05-13 16:45:00,5.8650970458984375e-05
2019-05-13 16:50:00,0.00039839744567871094
2019-05-13 16:55:00,0.0007381439208984375
2019-05-13 17:00:00,0.0005819797515869141
2019-05-13 17:05:00,0.0004258155822753906
2019-05-13 17:10:00,0.0002696514129638672
2019-05-13 17:15:00,0.00011348724365234375
2019-05-13 17:20:00,0.0003955066204071045
2019-05-13 17:25:00,0.0006775259971618652
2019-05-13 17:30:00,0.000959545373916626
2019-05-13 17:35:00,0.0012415647506713867
2019-05-13 17:40:00,0.0015235841274261475
2019-05-13 17:45:00,0.0018056035041809082
2019-05-13 17:50:00,0.002087622880935669
2019-05-13 17:55:00,0.0023696422576904297
2019-05-13 18:00:00,0.0032659530639648437
2019-05-13 18:05:00,0.004162263870239258
2019-05-13 18:10:00,0.005058574676513672
2019-05-13 18:15:00,0.005954885482788086
2019-05-13 18:20:00,0.0068511962890625
2019-05-13 18:25:00,0.003490447998046875
2019-05-13 18:30:00,0.00012969970703125
2019-05-13 18:35:00,0.0046749114990234375
2019-05-13 18:40:00,0.009220123291015625
2019-05-13 18:45:00,0.013765335083007814
2019-05-13 18:50:00,0.018310546875
2019-05-13 18:55:00,0.016843155743604038
2019-05-13 19:00:00,0.015375764612208076
2019-05-13 19:05:00,0.013908373480812114
2019-05-13 19:10:00,0.012440982349416152
2019-05-13 19:15:00,0.01097359121802019
2019-05-13 19:20:00,0.007388524618165804
2019-05-13 19:25:00,0.0038034580183114175
2019-05-13 19:30:00,0.00021839141845703125
2019-05-13 19:35:00,0.0018952687581380208
2019-05-13 19:40:00,0.0035721460978190103
2019-05-13 19:45:00,0.0052490234375
2019-05-13 19:50:00,0.005794525146484375
2019-05-13 19:55:00,0.00634002685546875
2019-05-13 20:00:00,0.004286527633666992
2019-05-13 20:05:00,0.0022330284118652344
2019-05-13 20:10:00,0.006570736567179362
2019-05-13 20:15:00,0.01090844472249349
2019-05-13 20:20:00,0.015246152877807617
2019-05-13 20:25:00,0.019583861033121746
2019-05-13 20:30:00,0.023921569188435875
2019-05-13 20:35:00,0.02825927734375
2019-05-13 20:40:00,0.022607421875
2019-05-13 20:45:00,0.01695556640625
2019-05-13 20:50:00,0.0113037109375
2019-05-13 20:55:00,0.005651855468750001
2019-05-13 21:00:00,0.0
2019-05-13 21:05:00,0.0124053955078125
2019-05-13 21:10:00,0.0108642578125
2019-05-13 21:15:00,0.0093231201171875
2019-05-13 21:20:00,0.008219401041666666
2019-05-13 21:25:00,0.007115681966145834
2019-05-13 21:30:00,0.006011962890625
2019-05-13 21:35:00,0.004908243815104167
2019-05-13 21:40:00,0.003804524739583333
2019-05-13 21:45:00,0.0027008056640625
2019-05-13 21:50:00,0.0014967918395996094
2019-05-13 21:55:00,0.00029277801513671875
2019-05-13 22:00:00,0.000537872314453125
2019-05-13 22:05:00,0.04696083068847656
2019-05-13 22:10:00,0.0933837890625
2019-05-13 22:15:00,0.01971435546875
2019-05-13 22:20:00,0.00011730194091796875
2019-05-13 22:25:00,0.00011648450578962053
2019-05-13 22:30:00,0.00011566707066127233
2019-05-13 22:35:00,0.00011484963553292411
2019-05-13 22:40:00,0.00011403220040457589
2019-05-13 22:45:00,0.00011321476527622767
2019-05-13 22:50:00,0.00011239733014787947
2019-05-13 22:55:00,0.00011157989501953125
2019-05-13 23:00:00,0.00031414031982421873
2019-05-13 23:05:00,0.011113484700520834
2019-05-13 23:10:00,0.005747477213541666
2019-05-13 23:15:00,0.0003814697265625
2019-05-13 23:20:00,0.0115966796875
2019-05-13 23:25:00,0.032470703125
2019-05-13 23:30:00,0.013214111328125
2019-05-13 23:35:00,0.006639003753662109
2019-05-13 23:40:00,6.389617919921875e-05
2019-05-13 23:45:00,0.0004717508951822917
2019-05-13 23:50:00,0.0008796056111653646
2019-05-13 23:55:00,0.0012874603271484375
2019-05-14 00:00:00,0.0008799235026041666
2019-05-14 00:05:00,0.00047238667805989576
2019-05-14 00:10:00,6.4849853515625e-05
2019-05-14 00:15:00,0.0005569038391113281
2019-05-14 00:20:00,0.0010489578247070313
2019-05-14 00:25:00,0.0015410118103027345
2019-05-14 00:30:00,0.0020330657958984376
2019-05-14 00:35:00,0.002525119781494141
2019-05-14 00:40:00,0.0036060206095377603
2019-05-14 00:45:00,0.00468692143758138
2019-05-14 00:50:00,0.005767822265625
2019-05-14 00:55:00,0.016147189670138888
2019-05-14 01:00:00,0.026526557074652776
2019-05-14 01:05:00,0.036905924479166664
2019-05-14 01:10:00,0.03025258382161458
2019-05-14 01:15:00,0.0235992431640625
2019-05-14 01:20:00,0.016945902506510416
2019-05-14 01:25:00,0.010292561848958333
2019-05-14 01:30:00,0.00363922119140625
2019-05-14 01:35:00,0.0031398773193359376
2019-05-14 01:40:00,0.002640533447265625
2019-05-14 01:45:00,0.0021411895751953123
2019-05-14 01:50:00,0.001641845703125
2019-05-14 01:55:00,0.0011425018310546875
2019-05-14 02:00:00,0.0013648033142089843
2019-05-14 02:05:00,0.0015871047973632813
2019-05-14 02:10:00,0.0018094062805175783
2019-05-14 02:15:00,0.002031707763671875
2019-05-14 02:20:00,0.002254009246826172
2019-05-14 02:25:00,0.00301516056060791
2019-05-14 02:30:00,0.0037763118743896484
2019-05-14 02:35:00,0.004537463188171387
2019-05-14 02:40:00,0.005298614501953125
2019-05-14 02:45:00,0.004465738932291667
2019-05-14 02:50:00,0.0036328633626302085
2019-05-14 02:55:00,0.00279998779296875
2019-05-14 03:00:00,0.000278472900390625
2019-05-14 03:05:00,0.0003509521484375
2019-05-14 03:10:00,0.000423431396484375
2019-05-14 03:15:00,0.0008554458618164062
2019-05-14 03:20:00,0.01593017578125
2019-05-14 03:25:00,0.0106658935546875
2019-05-14 03:30:00,0.005401611328125
2019-05-14 03:35:00,0.004101991653442383
2019-05-14 03:40:00,0.0028023719787597656
2019-05-14 03:45:00,0.0015027523040771484
2019-05-14 03:50:00,0.00020313262939453125
2019-05-14 03:55:00,0.0007253526311824756
2019-05-14 04:00:00,0.00124757263297042
2019-05-14 04:05:00,0.0017697926347583642
2019-05-14 04:10:00,0.001378286565068324
2019-05-14 04:15:00,0.000986780495378284
2019-05-14 04:20:00,0.000595274425688244
2019-05-14 04:25:00,0.0005303882417224702
2019-05-14 04:30:00,0.00046550205775669636
2019-05-14 04:35:00,0.0004006158737909226
2019-05-14 04:40:00,0.00033572968982514877
2019-05-14 04:45:00,0.000270843505859375
2019-05-14 04:50:00,0.000457763671875
2019-05-14 04:55:00,0.000644683837890625
2019-05-14 05:00:00,0.0024017333984375
2019-05-14 05:05:00,0.004158782958984375
2019-05-14 05:10:00,0.00591583251953125
2019-05-14 05:15:00,0.007672882080078125
2019-05-14 05:20:00,0.009429931640625
2019-05-14 05:25:00,0.0003784497578938802
2019-05-14 05:30:00,0.0802001953125
2019-05-14 05:35:00,0.00022029876708984375
2019-05-14 05:40:00,0.006366252899169922
2019-05-14 05:45:00,0.01251220703125
2019-05-14 05:50:00,0.00360107421875
2019-05-14 05:55:00,0.004019927978515625
2019-05-14 06:00:00,0.01906929016113281
2019-05-14 06:05:00,0.03411865234375
2019-05-14 06:10:00,0.0318603515625
2019-05-14 06:15:00,0.0640869140625
2019-05-14 06:20:00,0.05130329132080078
2019-05-14 06:25:00,0.038519668579101565
2019-05-14 06:30:00,0.025736045837402348
2019-05-14 06:35:00,0.01295242309570313
2019-05-14 06:40:00,0.00016880035400390625
2019-05-14 06:45:00,0.0011138916015625
2019-05-14 06:50:00,0.004721641540527344
2019-05-14 06:55:00,0.008329391479492188
2019-05-14 07:00:00,0.011937141418457031
2019-05-14 07:05:00,0.015544891357421875
2019-05-14 07:10:00,0.01915264129638672
2019-05-14 07:15:00,0.022760391235351562
2019-05-14 07:20:00,0.026368141174316406
2019-05-14 07:25:00,0.02997589111328125
2019-05-14 07:30:00,0.00026035308837890625
2019-05-14 07:35:00,0.00022220611572265625
2019-05-14 07:40:00,0.00018405914306640625
2019-05-14 07:45:00,0.00014591217041015625
2019-05-14 07:50:00,0.00010776519775390625
2019-05-14 07:55:00,0.0
2019-05-14 08:00:00,0.0004863739013671875
2019-05-14 08:05:00,0.0013300577799479165
2019-05-14 08:10:00,0.0021737416585286455
2019-05-14 08:15:00,0.003017425537109375
2019-05-14 08:20:00,0.0009527206420898438
2019-05-14 08:25:00,0.003323793411254883
2019-05-14 08:30:00,0.005694866180419922
2019-05-14 08:35:00,0.008065938949584961
2019-05-14 08:40:00,0.01043701171875
2019-05-14 08:45:00,0.00027942657470703125
2019-05-14 08:50:00,0.0005350112915039062
2019-05-14 08:55:00,0.0004849433898925781
2019-05-14 09:00:00,0.00043487548828125
2019-05-14 09:05:00,0.0003848075866699219
2019-05-14 09:10:00,0.00033473968505859375
2019-05-14 09:15:00,0.0002846717834472656
2019-05-14 09:20:00,0.0002346038818359375
2019-05-14 09:25:00,0.00018453598022460938
2019-05-14 09:30:00,0.00013446807861328125
2019-05-14 09:35:00,0.00043582916259765625
2019-05-14 09:40:00,0.010076522827148438
2019-05-14 09:45:00,0.01971721649169922
2019-05-14 09:50:00,0.02935791015625
2019-05-14 09:55:00,0.02413177490234375
2019-05-14 10:00:00,0.0189056396484375
2019-05-14 10:05:00,0.01367950439453125
2019-05-14 10:10:00,0.008453369140625
2019-05-14 10:15:00,0.005858421325683594
2019-05-14 10:20:00,0.0032634735107421875
2019-05-14 10:25:00,0.0006685256958007812
2019-05-14 10:30:00,0.0235595703125
2019-05-14 10:35:00,0.005854728005149148
2019-05-14 10:40:00,0.00021457672119140625
2019-05-14 10:45:00,0.017433881759643555
2019-05-14 10:50:00,0.0346531867980957
2019-05-14 10:55:00,0.05187249183654785
2019-05-14 11:00:00,0.069091796875
2019-05-14 11:05:00,0.03564643859863281
2019-05-14 11:10:00,0.002201080322265625
2019-05-14 11:15:00,0.008270263671875
2019-05-14 11:20:00,0.007659912109375
2019-05-14 11:25:00,0.007049560546875
2019-05-14 11:30:00,0.006439208984375
2019-05-14 11:35:00,0.0031003952026367188
2019-05-14 11:40:00,0.00015163421630859375
2019-05-14 11:45:00,0.00023301442464192707
2019-05-14 11:50:00,0.0003143946329752604
2019-05-14 11:55:00,0.00039577484130859375
2019-05-14 12:00:00,0.0007247652326311385
2019-05-14 12:05:00,0.0010537556239536832
2019-05-14 12:10:00,0.0013827460152762278
2019-05-14 12:15:00,0.0017117364065987726
2019-05-14 12:20:00,0.002040726797921317
2019-05-14 12:25:00,0.002369717189243862
2019-05-14 12:30:00,0.0026987075805664064
2019-05-14 12:35:00,8.106231689453125e-05
2019-05-14 12:40:00,0.002240753173828125
2019-05-14 12:45:00,0.004400444030761719
2019-05-14 12:50:00,0.006560134887695313
2019-05-14 12:55:00,0.008719825744628906
2019-05-14 13:00:00,0.0108795166015625
2019-05-14 13:05:00,0.009979248046875
2019-05-14 13:10:00,0.0080108642578125
2019-05-14 13:15:00,0.00604248046875
2019-05-14 13:20:00,0.0135955810546875
2019-05-14 13:25:00,0.007678031921386719
2019-05-14 13:30:00,0.0017604827880859375
2019-05-14 13:35:00,0.006195871453536184
2019-05-14 13:40:00,0.0046367645263671875
2019-05-14 13:45:00,0.0006580352783203125
2019-05-14 13:50:00,0.0030450820922851562
2019-05-14 13:55:00,0.00543212890625
2019-05-14 14:00:00,0.0198974609375
2019-05-14 14:05:00,0.016441611143258903
2019-05-14 14:10:00,0.012985761349017803
2019-05-14 14:15:00,0.009529911554776706
2019-05-14 14:20:00,0.006074061760535607
2019-05-14 14:25:00,0.0003390312194824219
2019-05-14 14:30:00,0.00033402442932128906
2019-05-14 14:35:00,0.00032901763916015625
2019-05-14 14:40:00,0.0029296875
2019-05-14 14:45:00,0.011871337890625
2019-05-14 14:50:00,0.0005168914794921875
2019-05-14 14:55:00,0.001373291015625
2019-05-14 15:00:00,0.0010204315185546875
2019-05-14 15:05:00,0.0008039474487304688
2019-05-14 15:10:00,0.017242431640625
2019-05-14 15:15:00,0.015920003255208332
2019-05-14 15:20:00,0.014597574869791666
2019-05-14 15:25:00,0.013275146484375
2019-05-14 15:30:00,0.011952718098958332
2019-05-14 15:35:00,0.010630289713541666
2019-05-14 15:40:00,0.009307861328125
2019-05-14 15:45:00,0.0
2019-05-14 15:50:00,0.007408142089843751
2019-05-14 15:55:00,0.0148162841796875
2019-05-14 16:00:00,0.00750732421875
2019-05-14 16:05:00,0.00778961181640625
2019-05-14 16:10:00,0.030952212685032895
2019-05-14 16:15:00,0.0002841949462890625
2019-05-14 16:20:00,0.00098419189453125
2019-05-14 16:25:00,0.006622314453125
2019-05-14 16:30:00,0.00590424310593378
2019-05-14 16:35:00,0.00518617175874256
2019-05-14 16:40:00,0.004468100411551339
2019-05-14 16:45:00,0.003750029064360119
2019-05-14 16:50:00,0.0030319577171688985
2019-05-14 16:55:00,0.002313886369977678
2019-05-14 17:00:00,0.0015958150227864583
2019-05-14 17:05:00,0.0013490782843695746
2019-05-14 17:10:00,0.0011023415459526908
2019-05-14 17:15:00,0.0008556048075358073
2019-05-14 17:20:00,0.0006088680691189235
2019-05-14 17:25:00,0.0003621313307020399
2019-05-14 17:30:00,0.00011539459228515625
2019-05-14 17:35:00,0.0039323170979817705
2019-05-14 17:40:00,0.007749239603678385
2019-05-14 17:45:00,0.011566162109375
2019-05-14 17:50:00,0.001583099365234375
2019-05-14 17:55:00,0.0031757354736328125
2019-05-14 18:00:00,0.00476837158203125
2019-05-14 18:05:00,0.0061054229736328125
2019-05-14 18:10:00,0.007442474365234375
2019-05-14 18:15:00,0.008779525756835938
2019-05-14 18:20:00,0.0101165771484375
2019-05-14 18:25:00,0.009189060756138392
2019-05-14 18:30:00,0.008261544363839286
2019-05-14 18:35:00,0.007334027971540178
2019-05-14 18:40:00,0.006406511579241071
2019-05-14 18:45:00,0.005478995186941964
2019-05-14 18:50:00,0.004551478794642857
2019-05-14 18:55:00,0.00362396240234375
2019-05-14 19:00:00,0.0029773712158203125
2019-05-14 19:05:00,0.002330780029296875
2019-05-14 19:10:00,0.0041904449462890625
2019-05-14 19:15:00,0.00605010986328125
2019-05-14 19:20:00,0.0048923492431640625
2019-05-14 19:25:00,0.003734588623046875
2019-05-14 19:30:00,0.002576828002929688
2019-05-14 19:35:00,0.0014190673828125
2019-05-14 19:40:00,0.0002613067626953125
2019-05-14 19:45:00,0.0
2019-05-14 19:50:00,5.7220458984375e-05
2019-05-14 19:55:00,0.00011444091796875
2019-05-14 20:00:00,0.000171661376953125
2019-05-14 20:05:00,0.0002288818359375
2019-05-14 20:10:00,0.00027370452880859375
2019-05-14 20:15:00,0.00027751922607421875
2019-05-14 20:20:00,0.0009578704833984375
2019-05-14 20:25:00,0.0016382217407226562
2019-05-14 20:30:00,0.002318572998046875
2019-05-14 20:35:00,0.0029989242553710937
2019-05-14 20:40:00,0.002761363983154297
2019-05-14 20:45:00,0.0025238037109375
2019-05-14 20:50:00,0.0022862434387207033
2019-05-14 20:55:00,0.002048683166503906
2019-05-14 21:00:00,0.0018111228942871093
2019-05-14 21:05:00,0.0015735626220703125
2019-05-14 21:10:00,0.0141448974609375
2019-05-14 21:15:00,0.00707244873046875
2019-05-14 21:20:00,0.0
2019-05-14 21:25:00,0.00011205673217773438
2019-05-14 21:30:00,0.0105743408203125
2019-05-14 21:35:00,0.007342974344889323
2019-05-14 21:40:00,0.004111607869466146
2019-05-14 21:45:00,0.0008802413940429688
2019-05-14 21:50:00,0.0007658004760742188
2019-05-14 21:55:00,0.0006513595581054688
2019-05-14 22:00:00,0.0005369186401367188
2019-05-14 22:05:00,0.002392450968424479
2019-05-14 22:10:00,0.004247983296712239
2019-05-14 22:15:00,0.006103515625
2019-05-14 22:20:00,0.004298845926920572
2019-05-14 22:25:00,0.0024941762288411455
2019-05-14 22:30:00,0.0006895065307617188
2019-05-14 22:35:00,0.0007003148396809896
2019-05-14 22:40:00,0.0007111231486002604
2019-05-14 22:45:00,0.0007219314575195312
2019-05-14 22:50:00,0.003373228473427855
2019-05-14 22:55:00,0.0060245254893361785
2019-05-14 23:00:00,0.008675822505244502
2019-05-14 23:05:00,0.011327119521152826
2019-05-14 23:10:00,0.01397841653706115
2019-05-14 23:15:00,0.016629713552969473
2019-05-14 23:20:00,0.019281010568877797
2019-05-14 23:25:00,0.02193230758478612
2019-05-14 23:30:00,0.024583604600694444
2019-05-14 23:35:00,0.01235569847954644
2019-05-14 23:40:00,0.0001277923583984375
2019-05-14 23:45:00,0.01092529296875
2019-05-14 23:50:00,0.008283138275146484
2019-05-14 23:55:00,0.005640983581542969
2019-05-15 00:00:00,0.002998828887939453
2019-05-15 00:05:00,0.0003566741943359375
2019-05-15 00:10:00,0.0003326204087999132
2019-05-15 00:15:00,0.0003085666232638889
2019-05-15 00:20:00,0.0002845128377278646
2019-05-15 00:25:00,0.00026045905219184025
2019-05-15 00:30:00,0.000236405266655816
2019-05-15 00:35:00,0.00021235148111979168
2019-05-15 00:40:00,0.00018829769558376737
2019-05-15 00:45:00,0.00016424391004774306
2019-05-15 00:50:00,0.00014019012451171875
2019-05-15 00:55:00,0.00038242340087890625
2019-05-15 01:00:00,0.013116603944359756
2019-05-15 01:05:00,0.008379819916515815
2019-05-15 01:10:00,0.003643035888671875
2019-05-15 01:15:00,0.001987934112548828
2019-05-15 01:20:00,0.00033283233642578125
2019-05-15 01:25:00,0.002097658208898596
2019-05-15 01:30:00,0.0038624840813714107
2019-05-15 01:35:00,0.006951383642248205
2019-05-15 01:40:00,0.010040283203125
2019-05-15 01:45:00,0.01603846786045792
2019-05-15 01:50:00,0.022036652517790842
2019-05-15 01:55:00,0.028034837175123763
2019-05-15 02:00:00,0.034033021832456684
2019-05-15 02:05:00,0.040031206489789604
2019-05-15 02:10:00,0.0006494522094726562
2019-05-15 02:15:00,0.000453948974609375
2019-05-15 02:20:00,0.0002584457397460938
2019-05-15 02:25:00,6.29425048828125e-05
2019-05-15 02:30:00,0.00014543533325195312
2019-05-15 02:35:00,0.00022792816162109375
2019-05-15 02:40:00,0.002227783203125
2019-05-15 02:45:00,0.0016918182373046875
2019-05-15 02:50:00,0.001155853271484375
2019-05-15 02:55:00,0.0006198883056640625
2019-05-15 03:00:00,8.392333984375e-05
2019-05-15 03:05:00,8.761882781982422e-05
2019-05-15 03:10:00,9.131431579589844e-05
2019-05-15 03:15:00,9.500980377197266e-05
2019-05-15 03:20:00,9.870529174804688e-05
2019-05-15 03:25:00,0.0001024007797241211
2019-05-15 03:30:00,0.00010609626770019531
2019-05-15 03:35:00,0.00010979175567626953
2019-05-15 03:40:00,0.00011348724365234375
2019-05-15 03:45:00,8.96453857421875e-05
2019-05-15 03:50:00,0.0009860992431640625
2019-05-15 03:55:00,0.0008843739827473959
2019-05-15 04:00:00,0.0007826487223307291
2019-05-15 04:05:00,0.0006809234619140625
2019-05-15 04:10:00,0.0005791982014973958
2019-05-15 04:15:00,0.00047747294108072913
2019-05-15 04:20:00,0.0003757476806640625
2019-05-15 04:25:00,0.00013065338134765625
2019-05-15 04:30:00,0.00012254714965820312
2019-05-15 04:35:00,0.00011444091796875
2019-05-15 04:40:00,0.009449866510206652
2019-05-15 04:45:00,0.002269744873046875
2019-05-15 04:50:00,0.012105941772460938
2019-05-15 04:55:00,0.021942138671875
2019-05-15 05:00:00,0.01622772216796875
2019-05-15 05:05:00,0.0105133056640625
2019-05-15 05:10:00,0.007485707600911458
2019-05-15 05:15:00,0.004458109537760416
2019-05-15 05:20:00,0.001430511474609375
2019-05-15 05:25:00,0.0020294189453125
2019-05-15 05:30:00,0.002628326416015625
2019-05-15 05:35:00,0.00322723388671875
2019-05-15 05:40:00,0.003826141357421875
2019-05-15 05:45:00,0.004425048828125
2019-05-15 05:50:00,0.005496978759765625
2019-05-15 05:55:00,0.00656890869140625
2019-05-15 06:00:00,0.019000244140625
2019-05-15 06:05:00,0.03143157958984375
2019-05-15 06:10:00,0.0438629150390625
2019-05-15 06:15:00,0.05629425048828125
2019-05-15 06:20:00,0.0687255859375
2019-05-15 06:25:00,0.035549163818359375
2019-05-15 06:30:00,0.00237274169921875
2019-05-15 06:35:00,0.00030517578125
2019-05-15 06:40:00,0.00020074844360351562
2019-05-15 06:45:00,9.632110595703125e-05
2019-05-15 06:50:00,7.390975952148438e-05
2019-05-15 06:55:00,0.0027416229248046877
2019-05-15 07:00:00,0.005409336090087891
2019-05-15 07:05:00,0.008077049255371093
2019-05-15 07:10:00,0.010744762420654298
2019-05-15 07:15:00,0.0134124755859375
2019-05-15 07:20:00,0.014392852783203125
2019-05-15 07:25:00,0.01537322998046875
2019-05-15 07:30:00,0.016353607177734375
2019-05-15 07:35:00,0.017333984375
2019-05-15 07:40:00,0.0183258056640625
2019-05-15 07:45:00,0.019317626953125
2019-05-15 07:50:00,0.01765714372907366
2019-05-15 07:55:00,0.015996660505022322
2019-05-15 08:00:00,0.014336177280970981
2019-05-15 08:05:00,0.012675694056919644
2019-05-15 08:10:00,0.011015210832868303
2019-05-15 08:15:00,0.009354727608816964
2019-05-15 08:20:00,0.007694244384765625
2019-05-15 08:25:00,0.0148162841796875
2019-05-15 08:30:00,0.010674264695909288
2019-05-15 08:35:00,0.006532245212131077
2019-05-15 08:40:00,0.0023902257283528647
2019-05-15 08:45:00,0.002609507242838542
2019-05-15 08:50:00,0.002828788757324219
2019-05-15 08:55:00,0.0030480702718098957
2019-05-15 09:00:00,0.003267351786295573
2019-05-15 09:05:00,0.00348663330078125
2019-05-15 09:10:00,0.010173797607421875
2019-05-15 09:15:00,0.0168609619140625
2019-05-15 09:20:00,0.023548126220703125
2019-05-15 09:25:00,0.0010242462158203125
2019-05-15 09:30:00,0.00769805908203125
2019-05-15 09:35:00,0.0010700225830078125
2019-05-15 09:40:00,0.006770844155169548
2019-05-15 09:45:00,0.0005435943603515625
2019-05-15 09:50:00,0.00043201446533203125
2019-05-15 09:55:00,0.001894354820251465
2019-05-15 10:00:00,0.003356695175170899
2019-05-15 10:05:00,0.004819035530090332
2019-05-15 10:10:00,0.0062813758850097665
2019-05-15 10:15:00,0.0077437162399292
2019-05-15 10:20:00,0.009206056594848633
2019-05-15 10:25:00,0.010668396949768066
2019-05-15 10:30:00,0.0121307373046875
2019-05-15 10:35:00,0.009098052978515625
2019-05-15 10:40:00,0.00606536865234375
2019-05-15 10:45:00,0.003032684326171875
2019-05-15 10:50:00,0.0
2019-05-15 10:55:00,0.0364990234375
2019-05-15 11:00:00,0.003284454345703125
2019-05-15 11:05:00,0.004282671307760571
2019-05-15 11:10:00,0.005280888269818018
2019-05-15 11:15:00,0.006279105231875465
2019-05-15 11:20:00,0.0072773221939329115
2019-05-15 11:25:00,0.008275539155990358
2019-05-15 11:30:00,0.009273756118047805
2019-05-15 11:35:00,0.01442839607359871
2019-05-15 11:40:00,0.019583036029149615
2019-05-15 11:45:00,0.02473767598470052
2019-05-15 11:50:00,0.01471869150797526
2019-05-15 11:55:00,0.00469970703125
2019-05-15 12:00:00,0.00722503662109375
2019-05-15 12:05:00,0.0072964562310112845
2019-05-15 12:10:00,0.007367875840928819
2019-05-15 12:15:00,0.006245623848096567
2019-05-15 12:20:00,0.005123371855264316
2019-05-15 12:25:00,0.004001119862432065
2019-05-15 12:30:00,0.003009941266930621
2019-05-15 12:35:00,0.0020187626714291778
2019-05-15 12:40:00,0.0010275840759277344
2019-05-15 12:45:00,0.010248899459838869
2019-05-15 12:50:00,0.01947021484375
2019-05-15 12:55:00,0.013029734293619793
2019-05-15 13:00:00,0.006589253743489584
2019-05-15 13:05:00,0.000148773193359375
2019-05-15 13:10:00,0.0005311965942382812
2019-05-15 13:15:00,0.00017833709716796875
2019-05-15 13:20:00,0.00028896331787109375
2019-05-15 13:25:00,0.0012683868408203125
2019-05-15 13:30:00,0.0022478103637695312
2019-05-15 13:35:00,0.00322723388671875
2019-05-15 13:40:00,0.0022662480672200522
2019-05-15 13:45:00,0.0013052622477213542
2019-05-15 13:50:00,0.00034427642822265625
2019-05-15 13:55:00,0.0131988525390625
2019-05-15 14:00:00,0.006793558597564698
2019-05-15 14:05:00,0.00038826465606689453
2019-05-15 14:10:00,0.003353118896484375
2019-05-15 14:15:00,0.00010395050048828125
2019-05-15 14:20:00,0.00012079874674479167
2019-05-15 14:25:00,0.0001376469930013021
2019-05-15 14:30:00,0.0001544952392578125
2019-05-15 14:35:00,0.011136690775553385
2019-05-15 14:40:00,0.008909352620442708
2019-05-15 14:45:00,0.006682014465332032
2019-05-15 14:50:00,0.004454676310221355
2019-05-15 14:55:00,0.0022273381551106784
2019-05-15 15:00:00,0.0
2019-05-15 15:05:00,0.000225067138671875
2019-05-15 15:10:00,0.0005059242248535156
2019-05-15 15:15:00,0.0007867813110351562
2019-05-15 15:20:00,0.0010676383972167969
2019-05-15 15:25:00,0.0013484954833984375
2019-05-15 15:30:00,0.0006742477416992188
2019-05-15 15:35:00,0.0
2019-05-15 15:40:00,0.003604888916015625
2019-05-15 15:45:00,0.002154827117919922
2019-05-15 15:50:00,0.001224517822265625
2019-05-15 15:55:00,0.0014230211575826008
2019-05-15 16:00:00,0.001621524492899577
2019-05-15 16:05:00,0.0018200278282165527
2019-05-15 16:10:00,0.002018531163533529
2019-05-15 16:15:00,0.002217034498850505
2019-05-15 16:20:00,0.0024155378341674805
2019-05-15 16:25:00,0.00141143798828125
2019-05-15 16:30:00,0.0012861887613932292
2019-05-15 16:35:00,0.0011609395345052083
2019-05-15 16:40:00,0.0010356903076171875
2019-05-15 16:45:00,0.0009104410807291666
2019-05-15 16:50:00,0.0007851918538411459
2019-05-15 16:55:00,0.000659942626953125
2019-05-15 17:00:00,0.00392913818359375
2019-05-15 17:05:00,0.0083465576171875
2019-05-15 17:10:00,0.000179290771484375
2019-05-15 17:15:00,0.2691044807434082
2019-05-15 17:20:00,0.017333984375
2019-05-15 17:25:00,0.0
2019-05-15 17:30:00,0.0027923583984375
2019-05-15 17:35:00,0.002209345499674479
2019-05-15 17:40:00,0.0016263326009114583
2019-05-15 17:45:00,0.0010433197021484375
2019-05-15 17:50:00,0.0007319450378417969
2019-05-15 17:55:00,0.00042057037353515625
2019-05-15 18:00:00,0.017333984375
2019-05-15 18:05:00,0.015202840169270834
2019-05-15 18:10:00,0.013071695963541668
2019-05-15 18:15:00,0.0109405517578125
2019-05-15 18:20:00,0.008939552307128906
2019-05-15 18:25:00,0.006938552856445312
2019-05-15 18:30:00,0.004937553405761718
2019-05-15 18:35:00,0.002936553955078124
2019-05-15 18:40:00,0.0009355545043945312
2019-05-15 18:45:00,0.006540854771931966
2019-05-15 18:50:00,0.0121461550394694
2019-05-15 18:55:00,0.017751455307006836
2019-05-15 19:00:00,0.02335675557454427
2019-05-15 19:05:00,0.00125885009765625
2019-05-15 19:10:00,0.002087745877260661
2019-05-15 19:15:00,0.0029166416568650725
2019-05-15 19:20:00,0.002979953613321394
2019-05-15 19:25:00,0.0030432655697777158
2019-05-15 19:30:00,0.0021377063932872956
2019-05-15 19:35:00,0.001232147216796875
2019-05-15 19:40:00,0.0010399818420410156
2019-05-15 19:45:00,0.0008478164672851562
2019-05-15 19:50:00,0.0006556510925292969
2019-05-15 19:55:00,0.0004634857177734375
2019-05-15 20:00:00,0.0003876686096191406
2019-05-15 20:05:00,0.00031185150146484375
2019-05-15 20:10:00,0.00023603439331054688
2019-05-15 20:15:00,0.00016021728515625
2019-05-15 20:20:00,0.029926300048828125
2019-05-15 20:25:00,0.0596923828125
2019-05-15 20:30:00,0.04499626159667969
2019-05-15 20:35:00,0.030300140380859375
2019-05-15 20:40:00,0.015604019165039062
2019-05-15 20:45:00,0.00090789794921875
2019-05-15 20:50:00,5.53131103515625e-05
2019-05-15 20:55:00,8.678436279296875e-05
2019-05-15 21:00:00,0.000118255615234375
2019-05-15 21:05:00,0.00014972686767578125
2019-05-15 21:10:00,0.0001811981201171875
2019-05-15 21:15:00,0.0038744608561197915
2019-05-15 21:20:00,0.0075677235921223955
2019-05-15 21:25:00,0.011260986328125
2019-05-15 21:30:00,0.0154266357421875
2019-05-15 21:35:00,0.01959228515625
2019-05-15 21:40:00,0.001605987548828125
2019-05-15 21:45:00,0.0045757293701171875
2019-05-15 21:50:00,0.00754547119140625
2019-05-15 21:55:00,0.0015201568603515625
2019-05-15 22:00:00,0.004237651824951172
2019-05-15 22:05:00,0.006955146789550781
2019-05-15 22:10:00,0.00967264175415039
2019-05-15 22:15:00,0.01239013671875
2019-05-15 22:20:00,0.006392002105712891
2019-05-15 22:25:00,0.00039386749267578125
2019-05-15 22:30:00,0.026123046875
2019-05-15 22:35:00,6.771087646484375e-05
2019-05-15 22:40:00,0.0009679794311523436
2019-05-15 22:45:00,0.0018682479858398438
2019-05-15 22:50:00,0.04225492477416992
2019-05-15 22:55:00,0.0826416015625
2019-05-15 23:00:00,0.04142332077026367
2019-05-15 23:05:00,0.00020503997802734375
2019-05-15 23:10:00,0.00010251998901367188
2019-05-15 23:15:00,0.0
2019-05-15 23:20:00,0.00014432271321614584
2019-05-15 23:25:00,0.0002886454264322917
2019-05-15 23:30:00,0.0004329681396484375
2019-05-15 23:35:00,0.008257865905761719
2019-05-15 23:40:00,0.016082763671875
2019-05-15 23:45:00,0.0043182373046875
2019-05-15 23:50:00,0.001750946044921875
2019-05-15 23:55:00,0.0024650096893310547
2019-05-16 00:00:00,0.0031790733337402344
2019-05-16 00:05:00,0.003893136978149414
2019-05-16 00:10:00,0.0006990432739257812
2019-05-16 00:15:00,0.001781463623046875
2019-05-16 00:20:00,0.1102294921875
2019-05-16 00:25:00,0.05555031849787785
2019-05-16 00:30:00,0.0008711448082557091
2019-05-16 00:35:00,0.0008760860988071986
2019-05-16 00:40:00,0.0008810273893586881
2019-05-16 00:45:00,0.0008859686799101777
2019-05-16 00:50:00,0.0008909099704616672
2019-05-16 00:55:00,0.0008958512610131568
2019-05-16 01:00:00,0.0009007925515646463
2019-05-16 01:05:00,0.0009057338421161359
2019-05-16 01:10:00,0.0009106751326676254
2019-05-16 01:15:00,0.0009156164232191149
2019-05-16 01:20:00,0.0009205577137706044
2019-05-16 01:25:00,0.0009254990043220939
2019-05-16 01:30:00,0.0009304402948735835
2019-05-16 01:35:00,0.000935381585425073
2019-05-16 01:40:00,0.0009403228759765625
2019-05-16 01:45:00,0.0008187294006347656
2019-05-16 01:50:00,0.0006971359252929688
2019-05-16 01:55:00,0.010526180267333984
2019-05-16 02:00:00,0.020355224609375
2019-05-16 02:05:00,0.018123081752232144
2019-05-16 02:10:00,0.015890938895089288
2019-05-16 02:15:00,0.013658796037946428
2019-05-16 02:20:00,0.011426653180803572
2019-05-16 02:25:00,0.009194510323660714
2019-05-16 02:30:00,0.006962367466517856
2019-05-16 02:35:00,0.004730224609375
2019-05-16 02:40:00,0.002742767333984375
2019-05-16 02:45:00,0.00075531005859375
2019-05-16 02:50:00,0.004909515380859375
2019-05-16 02:55:00,0.009063720703125
2019-05-16 03:00:00,0.0062103271484375
2019-05-16 03:05:00,0.0032629966735839844
2019-05-16 03:10:00,0.00031566619873046875
2019-05-16 03:15:00,0.017488861083984376
2019-05-16 03:20:00,0.034662055969238284
2019-05-16 03:25:00,0.05183525085449219
2019-05-16 03:30:00,0.0690084457397461
2019-05-16 03:35:00,0.086181640625
2019-05-16 03:40:00,0.0051507082852450285
2019-05-16 03:45:00,0.002826170487837358
2019-05-16 03:50:00,0.0005016326904296875
2019-05-16 03:55:00,0.004500389099121094
2019-05-16 04:00:00,0.0084991455078125
2019-05-16 04:05:00,0.006428241729736328
2019-05-16 04:10:00,0.004357337951660156
2019-05-16 04:15:00,0.0022864341735839844
2019-05-16 04:20:00,0.0002155303955078125
2019-05-16 04:25:00,0.010550197213888168
2019-05-16 04:30:00,0.020884864032268524
2019-05-16 04:35:00,0.013966475923856098
2019-05-16 04:40:00,0.007048087815443674
2019-05-16 04:45:00,0.00012969970703125
2019-05-16 04:50:00,0.019007364908854168
2019-05-16 04:55:00,0.037885030110677086
2019-05-16 05:00:00,0.0567626953125
2019-05-16 05:05:00,0.04969179630279541
2019-05-16 05:10:00,0.04262089729309082
2019-05-16 05:15:00,0.03554999828338623
2019-05-16 05:20:00,0.02847909927368164
2019-05-16 05:25:00,0.02140820026397705
2019-05-16 05:30:00,0.014337301254272461
2019-05-16 05:35:00,0.007266402244567871
2019-05-16 05:40:00,0.00019550323486328125
2019-05-16 05:45:00,0.0082244873046875
2019-05-16 05:50:00,0.005557060241699219
2019-05-16 05:55:00,0.0028896331787109375
2019-05-16 06:00:00,0.00022220611572265625
2019-05-16 06:05:00,0.0002090930938720703
2019-05-16 06:10:00,0.00019598007202148438
2019-05-16 06:15:00,0.00018286705017089844
2019-05-16 06:20:00,0.0001697540283203125
2019-05-16 06:25:00,0.0005340576171875
2019-05-16 06:30:00,0.0008983612060546875
2019-05-16 06:35:00,0.001262664794921875
2019-05-16 06:40:00,0.0016269683837890625
2019-05-16 06:45:00,0.00199127197265625
2019-05-16 06:50:00,0.0023555755615234375
2019-05-16 06:55:00,0.002719879150390625
2019-05-16 07:00:00,0.0014123916625976562
2019-05-16 07:05:00,0.0001049041748046875
2019-05-16 07:10:00,0.00010395050048828125
2019-05-16 07:15:00,0.000102996826171875
2019-05-16 07:20:00,0.00010204315185546875
2019-05-16 07:25:00,0.00025177001953125
2019-05-16 07:30:00,0.0110321044921875
2019-05-16 07:35:00,0.020069122314453125
2019-05-16 07:40:00,0.02910614013671875
2019-05-16 07:45:00,0.038143157958984375
2019-05-16 07:50:00,0.04718017578125
2019-05-16 07:55:00,0.03701130727703652
2019-05-16 08:00:00,0.026842438772823034
2019-05-16 08:05:00,0.016673570268609553
2019-05-16 08:10:00,0.006504701764396067
2019-05-16 08:15:00,0.0050981875216023305
2019-05-16 08:20:00,0.0036916732788085938
2019-05-16 08:25:00,0.01847445580267137
2019-05-16 08:30:00,0.03607177734375
2019-05-16 08:35:00,0.028953361511230468
2019-05-16 08:40:00,0.021834945678710936
2019-05-16 08:45:00,0.014716529846191404
2019-05-16 08:50:00,0.007598114013671876
2019-05-16 08:55:00,0.00047969818115234375
2019-05-16 09:00:00,0.0066375732421875
2019-05-16 09:05:00,0.007568359375
2019-05-16 09:10:00,0.0084991455078125
2019-05-16 09:15:00,0.03143310546875
2019-05-16 09:20:00,0.016339695642864895
2019-05-16 09:25:00,0.0012462858169797867
2019-05-16 09:30:00,0.012723362635052395
2019-05-16 09:35:00,0.024200439453125
2019-05-16 09:40:00,0.012166976928710938
2019-05-16 09:45:00,0.000133514404296875
2019-05-16 09:50:00,0.000225067138671875
2019-05-16 09:55:00,0.000316619873046875
2019-05-16 10:00:00,0.000408172607421875
2019-05-16 10:05:00,0.000499725341796875
2019-05-16 10:10:00,7.05718994140625e-05
2019-05-16 10:15:00,0.0013715199061802455
2019-05-16 10:20:00,0.0026724679129464285
2019-05-16 10:25:00,0.001805169241768973
2019-05-16 10:30:00,0.0009378705705915178
2019-05-16 10:35:00,7.05718994140625e-05
2019-05-16 10:40:00,0.0
2019-05-16 10:45:00,0.0009223090277777778
2019-05-16 10:50:00,0.0018446180555555555
2019-05-16 10:55:00,0.0027669270833333335
2019-05-16 11:00:00,0.0015500386555989583
2019-05-16 11:05:00,0.0010972552829318577
2019-05-16 11:10:00,0.000644471910264757
2019-05-16 11:15:00,0.00019168853759765625
2019-05-16 11:20:00,0.0361328125
2019-05-16 11:25:00,0.025943756103515625
2019-05-16 11:30:00,0.01575469970703125
2019-05-16 11:35:00,0.005565643310546875
2019-05-16 11:40:00,0.026676731724892894
2019-05-16 11:45:00,0.025250500797676052
2019-05-16 11:50:00,0.02382426987045921
2019-05-16 11:55:00,0.022398038943242368
2019-05-16 12:00:00,0.020971808016025526
2019-05-16 12:05:00,0.019545577088808684
2019-05-16 12:10:00,0.018119346161591842
2019-05-16 12:15:00,0.016693115234375
2019-05-16 12:20:00,0.0125732421875
2019-05-16 12:25:00,0.008792877197265625
2019-05-16 12:30:00,0.00501251220703125
2019-05-16 12:35:00,0.001232147216796875
2019-05-16 12:40:00,0.0042119622230529785
2019-05-16 12:45:00,0.007191777229309082
2019-05-16 12:50:00,0.0037050843238830566
2019-05-16 12:55:00,0.00021839141845703125
2019-05-16 13:00:00,0.013308048248291016
2019-05-16 13:05:00,0.026397705078125
2019-05-16 13:10:00,0.0033408119564964658
2019-05-16 13:15:00,0.0019432981178243323
2019-05-16 13:20:00,0.0005457842791521991
2019-05-16 13:25:00,0.00016880035400390625
2019-05-16 13:30:00,0.0009837150573730469
2019-05-16 13:35:00,0.0017986297607421875
2019-05-16 13:40:00,0.02068964640299479
2019-05-16 13:45:00,0.03958066304524739
2019-05-16 13:50:00,0.0584716796875
2019-05-16 13:55:00,0.03985595703125
2019-05-16 14:00:00,0.021240234375
2019-05-16 14:05:00,0.00262451171875
2019-05-16 14:10:00,0.0003193446568080357
2019-05-16 14:15:00,0.0005850986558563855
2019-05-16 14:20:00,0.0008508526549047353
2019-05-16 14:25:00,0.001116606653953085
2019-05-16 14:30:00,0.001382360653001435
2019-05-16 14:35:00,0.0016481146520497848
2019-05-16 14:40:00,0.0019138686510981346
2019-05-16 14:45:00,0.0021796226501464844
2019-05-16 14:50:00,0.02947998046875
2019-05-16 14:55:00,0.0091552734375
2019-05-16 15:00:00,0.000823974609375
2019-05-16 15:05:00,0.0005970001220703125
2019-05-16 15:10:00,0.000370025634765625
2019-05-16 15:15:00,7.915496826171875e-05
2019-05-16 15:20:00,0.07106372921965844
2019-05-16 15:25:00,0.04744782189066096
2019-05-16 15:30:00,0.02383191456166349
2019-05-16 15:35:00,0.00021600723266601562
2019-05-16 15:40:00,0.0023895899454752603
2019-05-16 15:45:00,0.004563172658284505
2019-05-16 15:50:00,0.00673675537109375
2019-05-16 15:55:00,0.0037336349487304688
2019-05-16 16:00:00,0.0007305145263671875
2019-05-16 16:05:00,0.0137939453125
2019-05-16 16:10:00,0.00689697265625
2019-05-16 16:15:00,0.0
2019-05-16 16:20:00,0.0027923583984375
2019-05-16 16:25:00,0.005584716796875
2019-05-16 16:30:00,0.0005998611450195312
2019-05-16 16:35:00,0.016538492838541665
2019-05-16 16:40:00,0.00766754150390625
2019-05-16 16:45:00,0.006000518798828125
2019-05-16 16:50:00,0.00433349609375
2019-05-16 16:55:00,0.002666473388671875
2019-05-16 17:00:00,0.00099945068359375
2019-05-16 17:05:00,0.0006663004557291667
2019-05-16 17:10:00,0.00033315022786458337
2019-05-16 17:15:00,0.0
2019-05-16 17:20:00,0.0
2019-05-16 17:25:00,0.0
2019-05-16 17:30:00,0.00604248046875
2019-05-16 17:35:00,0.00512542724609375
2019-05-16 17:40:00,0.0042083740234375
2019-05-16 17:45:00,0.00329132080078125
2019-05-16 17:50:00,0.002374267578125
2019-05-16 17:55:00,0.00145721435546875
2019-05-16 18:00:00,0.028774261474609375
2019-05-16 18:05:00,0.05609130859375
2019-05-16 18:10:00,0.0081024169921875
2019-05-16 18:15:00,0.0052700042724609375
2019-05-16 18:20:00,0.002437591552734375
2019-05-16 18:25:00,0.0024709701538085938
2019-05-16 18:30:00,0.0025043487548828125
2019-05-16 18:35:00,0.0025377273559570312
2019-05-16 18:40:00,0.00257110595703125
2019-05-16 18:45:00,0.0024099349975585938
2019-05-16 18:50:00,0.0022487640380859375
2019-05-16 18:55:00,0.0020875930786132812
2019-05-16 19:00:00,0.0037568410237630205
2019-05-16 19:05:00,0.00542608896891276
2019-05-16 19:10:00,0.0070953369140625
2019-05-16 19:15:00,0.004817008972167969
2019-05-16 19:20:00,0.0025386810302734375
2019-05-16 19:25:00,0.00026035308837890625
2019-05-16 19:30:00,0.0003566741943359375
2019-05-16 19:35:00,0.00045299530029296875
2019-05-16 19:40:00,0.00054931640625
2019-05-16 19:45:00,0.00044727325439453125
2019-05-16 19:50:00,0.0003452301025390625
2019-05-16 19:55:00,0.005153656005859375
2019-05-16 20:00:00,0.009962081909179688
2019-05-16 20:05:00,0.0147705078125
2019-05-16 20:10:00,0.012517929077148438
2019-05-16 20:15:00,0.010265350341796875
2019-05-16 20:20:00,0.008012771606445312
2019-05-16 20:25:00,0.00576019287109375
2019-05-16 20:30:00,0.0015316009521484375
2019-05-16 20:35:00,0.01568603515625
2019-05-16 20:40:00,0.0144195556640625
2019-05-16 20:45:00,0.013153076171875
2019-05-16 20:50:00,0.0118865966796875
2019-05-16 20:55:00,0.0106201171875
2019-05-16 21:00:00,0.005480766296386719
2019-05-16 21:05:00,0.0003414154052734375
2019-05-16 21:10:00,0.00031223297119140623
2019-05-16 21:15:00,0.000283050537109375
2019-05-16 21:20:00,0.00025386810302734374
2019-05-16 21:25:00,0.0002246856689453125
2019-05-16 21:30:00,0.00019550323486328125
2019-05-16 21:35:00,0.00011920928955078125
2019-05-16 21:40:00,0.0015926361083984375
2019-05-16 21:45:00,0.0013719558715820312
2019-05-16 21:50:00,0.001151275634765625
2019-05-16 21:55:00,0.0009305953979492187
2019-05-16 22:00:00,0.0007099151611328125
2019-05-16 22:05:00,0.0004892349243164062
2019-05-16 22:10:00,0.0007162094116210938
2019-05-16 22:15:00,0.0020668407281239825
2019-05-16 22:20:00,0.0034174720446268716
2019-05-16 22:25:00,0.004768103361129761
2019-05-16 22:30:00,0.0104217529296875
2019-05-16 22:35:00,0.007873296737670898
2019-05-16 22:40:00,0.005324840545654297
2019-05-16 22:45:00,0.0027763843536376944
2019-05-16 22:50:00,0.00022792816162109375
2019-05-16 22:55:00,0.0003035863240559896
2019-05-16 23:00:00,0.00037924448649088543
2019-05-16 23:05:00,0.00045490264892578125
2019-05-16 23:10:00,0.0005305608113606771
2019-05-16 23:15:00,0.000606218973795573
2019-05-16 23:20:00,0.0006818771362304688
2019-05-16 23:25:00,0.00049591064453125
2019-05-16 23:30:00,0.00030994415283203125
2019-05-16 23:35:00,0.0001239776611328125
2019-05-16 23:40:00,0.0008141199747721355
2019-05-16 23:45:00,0.0015042622884114585
2019-05-16 23:50:00,0.0021944046020507812
2019-05-16 23:55:00,0.0028845469156901045
2019-05-17 00:00:00,0.0035746892293294272
2019-05-17 00:05:00,0.00426483154296875
2019-05-17 00:10:00,0.002213001251220703
2019-05-17 00:15:00,0.00016117095947265625
2019-05-17 00:20:00,0.0020637777116563586
2019-05-17 00:25:00,0.003966384463840061
2019-05-17 00:30:00,0.005868991216023764
2019-05-17 00:35:00,0.0077715979682074655
2019-05-17 00:40:00,0.005781880131474248
2019-05-17 00:45:00,0.00379216229474103
2019-05-17 00:50:00,0.0018024444580078125
2019-05-17 00:55:00,0.002262115478515625
2019-05-17 01:00:00,0.0007028579711914062
2019-05-17 01:05:00,0.012873649597167969
2019-05-17 01:10:00,0.02504444122314453
2019-05-17 01:15:00,0.037215232849121094
2019-05-17 01:20:00,0.020649194717407227
2019-05-17 01:25:00,0.004083156585693359
2019-05-17 01:30:00,0.0031250715255737305
2019-05-17 01:35:00,0.0021669864654541016
2019-05-17 01:40:00,0.0012089014053344727
2019-05-17 01:45:00,0.00025081634521484375
2019-05-17 01:50:00,0.0002190272013346354
2019-05-17 01:55:00,0.00018723805745442707
2019-05-17 02:00:00,0.00015544891357421875
2019-05-17 02:05:00,0.00022530555725097656
2019-05-17 02:10:00,0.0002951622009277344
2019-05-17 02:15:00,0.0003650188446044922
2019-05-17 02:20:00,0.00043487548828125
2019-05-17 02:25:00,0.0019849141438802085
2019-05-17 02:30:00,0.003534952799479167
2019-05-17 02:35:00,0.005084991455078125
2019-05-17 02:40:00,0.006635030110677084
2019-05-17 02:45:00,0.008185068766276043
2019-05-17 02:50:00,0.009735107421875
2019-05-17 02:55:00,0.006564776102701822
2019-05-17 03:00:00,0.0033944447835286455
2019-05-17 03:05:00,0.00022411346435546875
2019-05-17 03:10:00,0.0007781982421875
2019-05-17 03:15:00,0.0051422119140625
2019-05-17 03:20:00,0.0095062255859375
2019-05-17 03:25:00,0.009918212890625
2019-05-17 03:30:00,0.0103302001953125
2019-05-17 03:35:00,0.0107421875
2019-05-17 03:40:00,0.0111541748046875
2019-05-17 03:45:00,0.00269317626953125
2019-05-17 03:50:00,0.00048351287841796875
2019-05-17 03:55:00,0.011868000030517578
2019-05-17 04:00:00,0.023252487182617188
2019-05-17 04:05:00,0.0346369743347168
2019-05-17 04:10:00,0.02309131622314453
2019-05-17 04:15:00,0.011545658111572266
2019-05-17 04:20:00,0.0
2019-05-17 04:25:00,0.003472900390625
2019-05-17 04:30:00,0.00694580078125
2019-05-17 04:35:00,0.010418701171875
2019-05-17 04:40:00,0.0138916015625
2019-05-17 04:45:00,0.017364501953125
2019-05-17 04:50:00,0.014734903971354166
2019-05-17 04:55:00,0.012105305989583332
2019-05-17 05:00:00,0.0094757080078125
2019-05-17 05:05:00,0.006846110026041666
2019-05-17 05:10:00,0.004216512044270832
2019-05-17 05:15:00,0.0015869140625
2019-05-17 05:20:00,0.0015218702413268008
2019-05-17 05:25:00,0.0014568264201536016
2019-05-17 05:30:00,0.0013917825989804026
2019-05-17 05:35:00,0.0013267387778072035
2019-05-17 05:40:00,0.0012616949566340043
2019-05-17 05:45:00,0.0
2019-05-17 05:50:00,0.0003916422526041667
2019-05-17 05:55:00,0.0007832845052083334
2019-05-17 06:00:00,0.0011749267578125
2019-05-17 06:05:00,0.0003299713134765625
2019-05-17 06:10:00,0.022369384765625
2019-05-17 06:15:00,0.023091634114583332
2019-05-17 06:20:00,0.023813883463541668
2019-05-17 06:25:00,0.0245361328125
2019-05-17 06:30:00,0.01226806640625
2019-05-17 06:35:00,0.0
2019-05-17 06:40:00,5.412101745605469e-05
2019-05-17 06:45:00,0.00010824203491210938
2019-05-17 06:50:00,0.00016236305236816406
2019-05-17 06:55:00,0.00021648406982421875
2019-05-17 07:00:00,0.0018556382921006945
2019-05-17 07:05:00,0.0034947925143771702
2019-05-17 07:10:00,0.0051339467366536455
2019-05-17 07:15:00,0.006773100958930122
2019-05-17 07:20:00,0.008412255181206597
2019-05-17 07:25:00,0.010051409403483072
2019-05-17 07:30:00,0.011690563625759548
2019-05-17 07:35:00,0.013329717848036025
2019-05-17 07:40:00,0.0149688720703125
2019-05-17 07:45:00,0.0003986358642578125
2019-05-17 07:50:00,0.0005521774291992188
2019-05-17 07:55:00,0.00026702880859375
2019-05-17 08:00:00,0.0002800941467285156
2019-05-17 08:05:00,0.00029315948486328123
2019-05-17 08:10:00,0.0003062248229980469
2019-05-17 08:15:00,0.0003192901611328125
2019-05-17 08:20:00,0.0003323554992675781
2019-05-17 08:25:00,0.00016689300537109375
2019-05-17 08:30:00,0.018306732177734375
2019-05-17 08:35:00,0.012792678106398808
2019-05-17 08:40:00,0.007278624035063243
2019-05-17 08:45:00,0.0017645699637276785
2019-05-17 08:50:00,0.0014438629150390625
2019-05-17 08:55:00,0.001132647196451823
2019-05-17 09:00:00,0.0008214314778645834
2019-05-17 09:05:00,0.0005102157592773438
2019-05-17 09:10:00,0.004433870315551758
2019-05-17 09:15:00,0.008357524871826172
2019-05-17 09:20:00,0.012281179428100586
2019-05-17 09:25:00,0.016204833984375
2019-05-17 09:30:00,0.01206207275390625
2019-05-17 09:35:00,0.0079193115234375
2019-05-17 09:40:00,0.00653839111328125
2019-05-17 09:45:00,0.005157470703125
2019-05-17 09:50:00,0.0108642578125
2019-05-17 09:55:00,0.0024233702774886247
2019-05-17 10:00:00,0.003952187496227223
2019-05-17 10:05:00,0.00548100471496582
2019-05-17 10:10:00,0.004806840861285174
2019-05-17 10:15:00,0.0041326770076045285
2019-05-17 10:20:00,0.003458513153923882
2019-05-17 10:25:00,0.0027843493002432363
2019-05-17 10:30:00,0.0021101854465625904
2019-05-17 10:35:00,0.0014360215928819445
2019-05-17 10:40:00,0.0008019341362847222
2019-05-17 10:45:00,0.0001678466796875
2019-05-17 10:50:00,0.0008996725082397461
2019-05-17 10:55:00,0.0016314983367919922
2019-05-17 11:00:00,0.0023633241653442383
2019-05-17 11:05:00,0.0030951499938964844
2019-05-17 11:10:00,0.002265294392903646
2019-05-17 11:15:00,0.0014354387919108074
2019-05-17 11:20:00,0.0006055831909179688
2019-05-17 11:25:00,0.01214599609375
2019-05-17 11:30:00,0.008169174194335938
2019-05-17 11:35:00,0.004192352294921875
2019-05-17 11:40:00,0.0002155303955078125
2019-05-17 11:45:00,0.002129872639973958
2019-05-17 11:50:00,0.004044214884440104
2019-05-17 11:55:00,0.00595855712890625
2019-05-17 12:00:00,0.0105712890625
2019-05-17 12:05:00,0.01518402099609375
2019-05-17 12:10:00,0.0197967529296875
2019-05-17 12:15:00,0.02440948486328125
2019-05-17 12:20:00,0.029022216796875
2019-05-17 12:25:00,0.02100086212158203
2019-05-17 12:30:00,0.012979507446289062
2019-05-17 12:35:00,0.026056357309327906
2019-05-17 12:40:00,0.03913320717236675
2019-05-17 12:45:00,0.052210057035405585
2019-05-17 12:50:00,0.00482940673828125
2019-05-17 12:55:00,0.003908348083496094
2019-05-17 13:00:00,0.0029872894287109376
2019-05-17 13:05:00,0.002066230773925781
2019-05-17 13:10:00,0.0011451721191406252
2019-05-17 13:15:00,0.00022411346435546875
2019-05-17 13:20:00,0.0009466807047526041
2019-05-17 13:25:00,0.0016692479451497395
2019-05-17 13:30:00,0.002391815185546875
2019-05-17 13:35:00,0.004288196563720703
2019-05-17 13:40:00,0.006184577941894531
2019-05-17 13:45:00,0.00808095932006836
2019-05-17 13:50:00,0.005785306294759115
2019-05-17 13:55:00,0.00348965326944987
2019-05-17 14:00:00,0.001194000244140625
2019-05-17 14:05:00,0.0007123947143554688
2019-05-17 14:10:00,0.0002307891845703125
2019-05-17 14:15:00,0.000370025634765625
2019-05-17 14:20:00,0.0005092620849609375
2019-05-17 14:25:00,0.0004611015319824219
2019-05-17 14:30:00,0.00041294097900390625
2019-05-17 14:35:00,0.0069930553436279306
2019-05-17 14:40:00,0.013573169708251955
2019-05-17 14:45:00,0.020153284072875977
2019-05-17 14:50:00,0.0267333984375
2019-05-17 14:55:00,0.02141742706298828
2019-05-17 15:00:00,0.01610145568847656
2019-05-17 15:05:00,0.010785484313964845
2019-05-17 15:10:00,0.005469512939453126
2019-05-17 15:15:00,0.00015354156494140625
2019-05-17 15:20:00,0.0005464553833007812
2019-05-17 15:25:00,0.000568389892578125
2019-05-17 15:30:00,0.0005903244018554688
2019-05-17 15:35:00,0.0006122589111328125
2019-05-17 15:40:00,0.00041484832763671875
2019-05-17 15:45:00,0.003081353505452474
2019-05-17 15:50:00,0.005747858683268229
2019-05-17 15:55:00,0.008414363861083985
2019-05-17 16:00:00,0.01108086903889974
2019-05-17 16:05:00,0.013747374216715496
2019-05-17 16:10:00,0.01641387939453125
2019-05-17 16:15:00,0.016943359375
2019-05-17 16:20:00,0.017472839355468752
2019-05-17 16:25:00,0.0180023193359375
2019-05-17 16:30:00,0.01853179931640625
2019-05-17 16:35:00,0.019061279296875
2019-05-17 16:40:00,0.01959075927734375
2019-05-17 16:45:00,0.0201202392578125
2019-05-17 16:50:00,0.02064971923828125
2019-05-17 16:55:00,0.02117919921875
2019-05-17 17:00:00,0.029754638671875
2019-05-17 17:05:00,0.0294342041015625
2019-05-17 17:10:00,0.02911376953125
2019-05-17 17:15:00,0.0287933349609375
2019-05-17 17:20:00,0.028472900390625
2019-05-17 17:25:00,0.0281524658203125
2019-05-17 17:30:00,0.02783203125
2019-05-17 17:35:00,0.0275115966796875
2019-05-17 17:40:00,0.027191162109375
2019-05-17 17:45:00,0.0268707275390625
2019-05-17 17:50:00,0.02655029296875
2019-05-17 17:55:00,0.00020627781478437242
2019-05-17 18:00:00,0.0003198766437493468
2019-05-17 18:05:00,0.0004334754727143212
2019-05-17 18:10:00,0.0005470743016792956
2019-05-17 18:15:00,0.00066067313064427
2019-05-17 18:20:00,0.0007742719596092444
2019-05-17 18:25:00,0.0008878707885742188
2019-05-17 18:30:00,0.026735687255859376
2019-05-17 18:35:00,0.052583503723144534
2019-05-17 18:40:00,0.07843132019042968
2019-05-17 18:45:00,0.10427913665771485
2019-05-17 18:50:00,0.130126953125
2019-05-17 18:55:00,0.09879557291666667
2019-05-17 19:00:00,0.06746419270833334
2019-05-17 19:05:00,0.0361328125
2019-05-17 19:10:00,0.02890625
2019-05-17 19:15:00,0.021679687500000003
2019-05-17 19:20:00,0.014453125
2019-05-17 19:25:00,0.007226562500000002
2019-05-17 19:30:00,0.0
2019-05-17 19:35:00,0.0005764961242675781
2019-05-17 19:40:00,0.0011529922485351562
2019-05-17 19:45:00,0.000922393798828125
2019-05-17 19:50:00,0.0006917953491210937
2019-05-17 19:55:00,0.0004611968994140625
2019-05-17 20:00:00,0.0002305984497070312
2019-05-17 20:05:00,0.0
2019-05-17 20:10:00,0.04681396484375
2019-05-17 20:15:00,0.048248291015625
2019-05-17 20:20:00,0.0496826171875
2019-05-17 20:25:00,0.03328434626261393
2019-05-17 20:30:00,0.01688607533772786
2019-05-17 20:35:00,0.0004878044128417969
2019-05-17 20:40:00,0.0050275325775146484
2019-05-17 20:45:00,0.0095672607421875
2019-05-17 20:50:00,0.00283050537109375
2019-05-17 20:55:00,0.0010833740234375
2019-05-17 21:00:00,0.0007839202880859375
2019-05-17 21:05:00,0.000484466552734375
2019-05-17 21:10:00,0.006744384765625
2019-05-17 21:15:00,0.00374603271484375
2019-05-17 21:20:00,0.0007476806640625
2019-05-17 21:25:00,0.0
2019-05-17 21:30:00,0.028350830078125
2019-05-17 21:35:00,0.017125463485717772
2019-05-17 21:40:00,0.005900096893310547
2019-05-17 21:45:00,0.004507585005326705
2019-05-17 21:50:00,0.004763819954612039
2019-05-17 21:55:00,0.005020054903897372
2019-05-17 22:00:00,0.005276289853182706
2019-05-17 22:05:00,0.00553252480246804
2019-05-17 22:10:00,0.005788759751753374
2019-05-17 22:15:00,0.006044994701038708
2019-05-17 22:20:00,0.006301229650324041
2019-05-17 22:25:00,0.006557464599609375
2019-05-17 22:30:00,0.01055908203125
2019-05-17 22:35:00,0.0225830078125
2019-05-17 22:40:00,0.03460693359375
2019-05-17 22:45:00,0.02543922706886574
2019-05-17 22:50:00,0.016271520543981486
2019-05-17 22:55:00,0.007103814019097222
2019-05-17 23:00:00,0.01991362041897244
2019-05-17 23:05:00,0.032723426818847656
2019-05-17 23:10:00,0.020504474639892578
2019-05-17 23:15:00,0.0082855224609375
2019-05-17 23:20:00,0.004281520843505859
2019-05-17 23:25:00,0.00027751922607421875
2019-05-17 23:30:00,0.015176482316924304
2019-05-17 23:35:00,0.03007544540777439
2019-05-17 23:40:00,0.022574227030684308
2019-05-17 23:45:00,0.015073008653594226
2019-05-17 23:50:00,0.007571790276504144
2019-05-17 23:55:00,7.05718994140625e-05
2019-05-18 00:00:00,0.0015167236328125
2019-05-18 00:05:00,0.0029628753662109377
2019-05-18 00:10:00,0.004409027099609375
2019-05-18 00:15:00,0.005855178833007813
2019-05-18 00:20:00,0.00730133056640625
2019-05-18 00:25:00,0.0
2019-05-18 00:30:00,0.00023954741808832907
2019-05-18 00:35:00,0.00047909483617665814
2019-05-18 00:40:00,0.00033348433825434467
2019-05-18 00:45:00,0.00018787384033203125
2019-05-18 00:50:00,0.0003452301025390625
2019-05-18 00:55:00,0.00830078125
2019-05-18 01:00:00,0.005806922912597656
2019-05-18 01:05:00,0.0033130645751953125
2019-05-18 01:10:00,0.0008192062377929688
2019-05-18 01:15:00,0.006195068359375
2019-05-18 01:20:00,0.004044991952401621
2019-05-18 01:25:00,0.0018949155454282408
2019-05-18 01:30:00,0.001029473763925058
2019-05-18 01:35:00,0.000164031982421875
2019-05-18 01:40:00,0.016073226928710938
2019-05-18 01:45:00,0.031982421875
2019-05-18 01:50:00,0.02691802978515625
2019-05-18 01:55:00,0.0218536376953125
2019-05-18 02:00:00,0.016789245605468753
2019-05-18 02:05:00,0.011724853515625001
2019-05-18 02:10:00,0.00666046142578125
2019-05-18 02:15:00,0.007990519205729166
2019-05-18 02:20:00,0.009320576985677084
2019-05-18 02:25:00,0.010650634765625
2019-05-18 02:30:00,0.0
2019-05-18 02:35:00,0.0010166168212890625
2019-05-18 02:40:00,0.002033233642578125
2019-05-18 02:45:00,0.0030498504638671875
2019-05-18 02:50:00,0.00406646728515625
2019-05-18 02:55:00,0.0012531280517578125
2019-05-18 03:00:00,0.0
2019-05-18 03:05:00,0.004023234049479167
2019-05-18 03:10:00,0.008046468098958334
2019-05-18 03:15:00,0.0120697021484375
2019-05-18 03:20:00,0.011425018310546875
2019-05-18 03:25:00,0.01078033447265625
2019-05-18 03:30:00,0.010135650634765625
2019-05-18 03:35:00,0.009490966796875
2019-05-18 03:40:00,0.008846282958984375
2019-05-18 03:45:00,0.00820159912109375
2019-05-18 03:50:00,0.007556915283203125
2019-05-18 03:55:00,0.0069122314453125
2019-05-18 04:00:00,0.006267547607421875
2019-05-18 04:05:00,0.005622863769531249
2019-05-18 04:10:00,0.004978179931640624
2019-05-18 04:15:00,0.004333496093749999
2019-05-18 04:20:00,0.003688812255859375
2019-05-18 04:25:00,0.00304412841796875
2019-05-18 04:30:00,0.002399444580078125
2019-05-18 04:35:00,0.0017547607421875
2019-05-18 04:40:00,0.06778691772721772
2019-05-18 04:45:00,0.04524023376638733
2019-05-18 04:50:00,0.022693549805556948
2019-05-18 04:55:00,0.0001468658447265625
2019-05-18 05:00:00,0.0001983642578125
2019-05-18 05:05:00,0.0009708404541015625
2019-05-18 05:10:00,0.0026254653930664062
2019-05-18 05:15:00,0.00428009033203125
2019-05-18 05:20:00,0.0032558441162109375
2019-05-18 05:25:00,0.002231597900390625
2019-05-18 05:30:00,0.0012073516845703125
2019-05-18 05:35:00,0.00018310546875
2019-05-18 05:40:00,0.00036648341587611606
2019-05-18 05:45:00,0.0005498613630022321
2019-05-18 05:50:00,0.0007332393101283481
2019-05-18 05:55:00,0.0009166172572544643
2019-05-18 06:00:00,0.0010999952043805803
2019-05-18 06:05:00,0.0012833731515066963
2019-05-18 06:10:00,0.0014667510986328125
2019-05-18 06:15:00,0.0014919281005859376
2019-05-18 06:20:00,0.0015171051025390625
2019-05-18 06:25:00,0.0015422821044921875
2019-05-18 06:30:00,0.0015674591064453124
2019-05-18 06:35:00,0.0015926361083984375
2019-05-18 06:40:00,0.00513458251953125
2019-05-18 06:45:00,0.0001373291015625
2019-05-18 06:50:00,0.01068115234375
2019-05-18 06:55:00,0.015116373697916668
2019-05-18 07:00:00,0.019551595052083336
2019-05-18 07:05:00,0.02398681640625
2019-05-18 07:10:00,0.028422037760416668
2019-05-18 07:15:00,0.032857259114583336
2019-05-18 07:20:00,0.03729248046875
2019-05-18 07:25:00,0.027740478515625
2019-05-18 07:30:00,0.0181884765625
2019-05-18 07:35:00,0.00435638427734375
2019-05-18 07:40:00,0.0
2019-05-18 07:45:00,0.000125885009765625
2019-05-18 07:50:00,0.0021619796752929688
2019-05-18 07:55:00,0.0041980743408203125
2019-05-18 08:00:00,0.006234169006347656
2019-05-18 08:05:00,0.008270263671875
2019-05-18 08:10:00,0.017537434895833336
2019-05-18 08:15:00,0.026804606119791668
2019-05-18 08:20:00,0.03607177734375
2019-05-18 08:25:00,0.01865863800048828
2019-05-18 08:30:00,0.0012454986572265625
2019-05-18 08:35:00,0.011395454406738281
2019-05-18 08:40:00,0.02154541015625
2019-05-18 08:45:00,0.00109100341796875
2019-05-18 08:50:00,0.003429412841796875
2019-05-18 08:55:00,0.0041980743408203125
2019-05-18 09:00:00,0.00496673583984375
2019-05-18 09:05:00,0.0130767822265625
2019-05-18 09:10:00,0.007849799262152778
2019-05-18 09:15:00,0.004004531436496312
2019-05-18 09:20:00,0.00015926361083984375
2019-05-18 09:25:00,0.0003509521484375
2019-05-18 09:30:00,0.00033092498779296875
2019-05-18 09:35:00,0.000396728515625
2019-05-18 09:40:00,0.0006281534830729166
2019-05-18 09:45:00,0.0008595784505208333
2019-05-18 09:50:00,0.00109100341796875
2019-05-18 09:55:00,0.0023696422576904297
2019-05-18 10:00:00,0.0036482810974121094
2019-05-18 10:05:00,0.0
2019-05-18 10:10:00,0.00010442733764648438
2019-05-18 10:15:00,0.00020885467529296875
2019-05-18 10:20:00,0.0002209345499674479
2019-05-18 10:25:00,0.0002330144246419271
2019-05-18 10:30:00,0.00024509429931640625
2019-05-18 10:35:00,0.0016219615936279297
2019-05-18 10:40:00,0.002998828887939453
2019-05-18 10:45:00,0.0043756961822509766
2019-05-18 10:50:00,0.0057525634765625
2019-05-18 10:55:00,0.003907203674316406
2019-05-18 11:00:00,0.0020618438720703125
2019-05-18 11:05:00,0.00021648406982421875
2019-05-18 11:10:00,0.00010585784912109375
2019-05-18 11:15:00,0.00016091086647727272
2019-05-18 11:20:00,0.0002159638838334517
2019-05-18 11:25:00,0.0002710169011896307
2019-05-18 11:30:00,0.00032606991854580963
2019-05-18 11:35:00,0.0003811229359019886
2019-05-18 11:40:00,0.0004361759532581676
2019-05-18 11:45:00,0.0004912289706143465
2019-05-18 11:50:00,0.0005462819879705255
2019-05-18 11:55:00,0.0006013350053267045
2019-05-18 12:00:00,0.0006563880226828835
2019-05-18 12:05:00,0.0007114410400390625
2019-05-18 12:10:00,0.0006542205810546875
2019-05-18 12:15:00,0.0005970001220703125
2019-05-18 12:20:00,0.0005397796630859375
2019-05-18 12:25:00,0.0004825592041015625
2019-05-18 12:30:00,0.0004253387451171875
2019-05-18 12:35:00,0.0003681182861328125
2019-05-18 12:40:00,0.0003108978271484375
2019-05-18 12:45:00,0.0002536773681640625
2019-05-18 12:50:00,0.0001964569091796875
2019-05-18 12:55:00,0.000667572021484375
2019-05-18 13:00:00,0.0011386871337890625
2019-05-18 13:05:00,0.00160980224609375
2019-05-18 13:10:00,0.0009007453918457031
2019-05-18 13:15:00,0.00019168853759765625
2019-05-18 13:20:00,0.0019103458949497768
2019-05-18 13:25:00,0.0036290032523018973
2019-05-18 13:30:00,0.005347660609654017
2019-05-18 13:35:00,0.007066317967006138
2019-05-18 13:40:00,0.008784975324358258
2019-05-18 13:45:00,0.010503632681710378
2019-05-18 13:50:00,0.0122222900390625
2019-05-18 13:55:00,0.0103912353515625
2019-05-18 14:00:00,0.0085601806640625
2019-05-18 14:05:00,0.009718831380208334
2019-05-18 14:10:00,0.010877482096354167
2019-05-18 14:15:00,0.0120361328125
2019-05-18 14:20:00,0.013194783528645834
2019-05-18 14:25:00,0.014353434244791668
2019-05-18 14:30:00,0.0155120849609375
2019-05-18 14:35:00,0.016670735677083333
2019-05-18 14:40:00,0.017829386393229167
2019-05-18 14:45:00,0.018988037109375
2019-05-18 14:50:00,0.020146687825520836
2019-05-18 14:55:00,0.021305338541666666
2019-05-18 15:00:00,0.0224639892578125
2019-05-18 15:05:00,0.02362263997395833
2019-05-18 15:10:00,0.024781290690104166
2019-05-18 15:15:00,0.02593994140625
2019-05-18 15:20:00,0.014911651611328125
2019-05-18 15:25:00,0.00388336181640625
2019-05-18 15:30:00,0.00021266937255859375
2019-05-18 15:35:00,0.0026092529296875
2019-05-18 15:40:00,0.003932952880859375
2019-05-18 15:45:00,0.00525665283203125
2019-05-18 15:50:00,0.006580352783203125
2019-05-18 15:55:00,0.007904052734375
2019-05-18 16:00:00,0.0244598388671875
2019-05-18 16:05:00,0.041015625
2019-05-18 16:10:00,0.00621795654296875
2019-05-18 16:15:00,0.00530242919921875
2019-05-18 16:20:00,0.011406898498535156
2019-05-18 16:25:00,0.017511367797851562
2019-05-18 16:30:00,0.02361583709716797
2019-05-18 16:35:00,0.02972030639648437
2019-05-18 16:40:00,0.03582477569580078
2019-05-18 16:45:00,0.04192924499511719
2019-05-18 16:50:00,0.048033714294433594
2019-05-18 16:55:00,0.05413818359375
2019-05-18 17:00:00,0.04648167746407645
2019-05-18 17:05:00,0.0388251713344029
2019-05-18 17:10:00,0.03116866520472935
2019-05-18 17:15:00,0.023512159075055803
2019-05-18 17:20:00,0.01585565294538225
2019-05-18 17:25:00,0.0081991468157087
2019-05-18 17:30:00,0.0005426406860351562
2019-05-18 17:35:00,0.0032142639160156247
2019-05-18 17:40:00,0.005885887145996093
2019-05-18 17:45:00,0.008557510375976561
2019-05-18 17:50:00,0.01122913360595703
2019-05-18 17:55:00,0.0139007568359375
2019-05-18 18:00:00,0.011942727225167411
2019-05-18 18:05:00,0.009984697614397322
2019-05-18 18:10:00,0.008026668003627231
2019-05-18 18:15:00,0.006068638392857142
2019-05-18 18:20:00,0.004110608782087053
2019-05-18 18:25:00,0.002152579171316964
2019-05-18 18:30:00,0.000194549560546875
2019-05-18 18:35:00,0.0002177556355794271
2019-05-18 18:40:00,0.00024096171061197916
2019-05-18 18:45:00,0.00026416778564453125
2019-05-18 18:50:00,0.014129638671875
2019-05-18 18:55:00,0.0160980224609375
2019-05-18 19:00:00,0.01806640625
2019-05-18 19:05:00,0.013206768557022179
2019-05-18 19:10:00,0.008347130864044356
2019-05-18 19:15:00,0.003487493171066534
2019-05-18 19:20:00,0.015716552734375
2019-05-18 19:25:00,0.01430511474609375
2019-05-18 19:30:00,0.0128936767578125
2019-05-18 19:35:00,0.01148223876953125
2019-05-18 19:40:00,0.01007080078125
2019-05-18 19:45:00,0.008703867594401041
2019-05-18 19:50:00,0.007336934407552084
2019-05-18 19:55:00,0.005970001220703125
2019-05-18 20:00:00,0.004603068033854167
2019-05-18 20:05:00,0.003236134847005209
2019-05-18 20:10:00,0.00186920166015625
2019-05-18 20:15:00,0.00023937225341796875
2019-05-18 20:20:00,0.0002712836632361779
2019-05-18 20:25:00,0.000303195073054387
2019-05-18 20:30:00,0.00033510648287259613
2019-05-18 20:35:00,0.00036701789269080526
2019-05-18 20:40:00,0.00039892930250901444
2019-05-18 20:45:00,0.00043084071232722356
2019-05-18 20:50:00,0.0004627521221454327
2019-05-18 20:55:00,0.0004946635319636418
2019-05-18 21:00:00,0.000526574941781851
2019-05-18 21:05:00,0.0005584863516000601
2019-05-18 21:10:00,0.0005903977614182692
2019-05-18 21:15:00,0.0006223091712364784
2019-05-18 21:20:00,0.0006542205810546875
2019-05-18 21:25:00,0.007658640543619792
2019-05-18 21:30:00,0.014663060506184896
2019-05-18 21:35:00,0.02166748046875
2019-05-18 21:40:00,0.011297225952148438
2019-05-18 21:45:00,0.000926971435546875
2019-05-18 21:50:00,0.0016771952311197915
2019-05-18 21:55:00,0.002427419026692708
2019-05-18 22:00:00,0.003177642822265625
2019-05-18 22:05:00,0.003917741186824846
2019-05-18 22:10:00,0.004657839551384066
2019-05-18 22:15:00,0.005397937915943287
2019-05-18 22:20:00,0.006138036280502508
2019-05-18 22:25:00,0.006878134645061729
2019-05-18 22:30:00,0.007618233009620949
2019-05-18 22:35:00,0.00835833137418017
2019-05-18 22:40:00,0.00909842973873939
2019-05-18 22:45:00,0.009838528103298612
2019-05-18 22:50:00,0.0006160736083984375
2019-05-18 22:55:00,0.028472900390625
2019-05-18 23:00:00,0.01859283447265625
2019-05-18 23:05:00,0.0087127685546875
2019-05-18 23:10:00,0.007814324420431385
2019-05-18 23:15:00,0.006915880286175272
2019-05-18 23:20:00,0.006017436151919157
2019-05-18 23:25:00,0.005118992017663043
2019-05-18 23:30:00,0.004122485285219938
2019-05-18 23:35:00,0.003125978552776834
2019-05-18 23:40:00,0.0021294718203337297
2019-05-18 23:45:00,0.001132965087890625
2019-05-18 23:50:00,0.0222930908203125
2019-05-18 23:55:00,0.043453216552734375
2019-05-19 00:00:00,0.021793842315673828
2019-05-19 00:05:00,0.00013446807861328125
2019-05-19 00:10:00,0.00096893310546875
2019-05-19 00:15:00,0.0028896331787109375
2019-05-19 00:20:00,0.004810333251953125
2019-05-19 00:25:00,0.0067310333251953125
2019-05-19 00:30:00,0.0086517333984375
2019-05-19 00:35:00,0.010612964630126953
2019-05-19 00:40:00,0.012574195861816406
2019-05-19 00:45:00,0.01453542709350586
2019-05-19 00:50:00,0.016496658325195312
2019-05-19 00:55:00,0.032470703125
2019-05-19 01:00:00,0.01251220703125
2019-05-19 01:05:00,0.009407281875610352
2019-05-19 01:10:00,0.006302356719970703
2019-05-19 01:15:00,0.0031974315643310547
2019-05-19 01:20:00,9.250640869140625e-05
2019-05-19 01:25:00,9.036064147949219e-05
2019-05-19 01:30:00,8.821487426757812e-05
2019-05-19 01:35:00,8.606910705566406e-05
2019-05-19 01:40:00,8.392333984375e-05
2019-05-19 01:45:00,0.00196075439453125
2019-05-19 01:50:00,0.004506429036458334
2019-05-19 01:55:00,0.007052103678385417
2019-05-19 02:00:00,0.0095977783203125
2019-05-19 02:05:00,0.0004405975341796875
2019-05-19 02:10:00,0.00033473968505859375
2019-05-19 02:15:00,0.0002288818359375
2019-05-19 02:20:00,0.00012302398681640625
2019-05-19 02:25:00,0.00015997886657714844
2019-05-19 02:30:00,0.00019693374633789062
2019-05-19 02:35:00,0.0002338886260986328
2019-05-19 02:40:00,0.000270843505859375
2019-05-19 02:45:00,0.0002486705780029297
2019-05-19 02:50:00,0.00022649765014648438
2019-05-19 02:55:00,0.00020432472229003906
2019-05-19 03:00:00,0.00018215179443359375
2019-05-19 03:05:00,0.0016155242919921875
2019-05-19 03:10:00,0.0011043548583984375
2019-05-19 03:15:00,0.0005931854248046875
2019-05-19 03:20:00,8.20159912109375e-05
2019-05-19 03:25:00,0.022200014533066168
2019-05-19 03:30:00,0.0443180130749214
2019-05-19 03:35:00,0.04240341496661427
2019-05-19 03:40:00,0.04048881685830713
2019-05-19 03:45:00,0.03857421875
2019-05-19 03:50:00,0.030884170532226564
2019-05-19 03:55:00,0.023194122314453124
2019-05-19 04:00:00,0.015504074096679688
2019-05-19 04:05:00,0.007814025878906249
2019-05-19 04:10:00,0.0001239776611328125
2019-05-19 04:15:00,0.00035603841145833337
2019-05-19 04:20:00,0.0005880991617838542
2019-05-19 04:25:00,0.000820159912109375
2019-05-19 04:30:00,0.0005335807800292969
2019-05-19 04:35:00,0.00024700164794921875
2019-05-19 04:40:00,0.0115814208984375
2019-05-19 04:45:00,0.009940828595842634
2019-05-19 04:50:00,0.008300236293247769
2019-05-19 04:55:00,0.0066596439906529015
2019-05-19 05:00:00,0.005019051688058036
2019-05-19 05:05:00,0.0033784593854631704
2019-05-19 05:10:00,0.001737867082868303
2019-05-19 05:15:00,9.72747802734375e-05
2019-05-19 05:20:00,0.00054168701171875
2019-05-19 05:25:00,0.0009860992431640625
2019-05-19 05:30:00,0.0031639734903971357
2019-05-19 05:35:00,0.005341847737630209
2019-05-19 05:40:00,0.007519721984863281
2019-05-19 05:45:00,0.009697596232096355
2019-05-19 05:50:00,0.011875470479329428
2019-05-19 05:55:00,0.0140533447265625
2019-05-19 06:00:00,0.010905742645263672
2019-05-19 06:05:00,0.007758140563964844
2019-05-19 06:10:00,0.004610538482666016
2019-05-19 06:15:00,0.0014629364013671875
2019-05-19 06:20:00,0.004874229431152344
2019-05-19 06:25:00,0.0082855224609375
2019-05-19 06:30:00,0.0
2019-05-19 06:35:00,0.001085618821458407
2019-05-19 06:40:00,0.002171237642916814
2019-05-19 06:45:00,0.0032568564643752204
2019-05-19 06:50:00,0.004342475285833628
2019-05-19 06:55:00,0.005428094107292034
2019-05-19 07:00:00,0.005385340927508572
2019-05-19 07:05:00,0.0053425877477251095
2019-05-19 07:10:00,0.0052998345679416475
2019-05-19 07:15:00,0.005257081388158185
2019-05-19 07:20:00,0.005214328208374723
2019-05-19 07:25:00,0.005171575028591261
2019-05-19 07:30:00,0.005128821848807798
2019-05-19 07:35:00,0.005086068669024336
2019-05-19 07:40:00,0.005043315489240873
2019-05-19 07:45:00,0.005000562309457411
2019-05-19 07:50:00,0.004957809129673948
2019-05-19 07:55:00,0.004915055949890486
2019-05-19 08:00:00,0.004872302770107024
2019-05-19 08:05:00,0.0048295495903235616
2019-05-19 08:10:00,0.0047867964105401
2019-05-19 08:15:00,0.004744043230756637
2019-05-19 08:20:00,0.004701290050973175
2019-05-19 08:25:00,0.004658536871189712
2019-05-19 08:30:00,0.00461578369140625
2019-05-19 08:35:00,0.003922653198242187
2019-05-19 08:40:00,0.0003833770751953125
2019-05-19 08:45:00,0.0728759765625
2019-05-19 08:50:00,0.0119781494140625
2019-05-19 08:55:00,0.016645134819878473
2019-05-19 09:00:00,0.021312120225694446
2019-05-19 09:05:00,0.025979105631510416
2019-05-19 09:10:00,0.030646091037326392
2019-05-19 09:15:00,0.03531307644314236
2019-05-19 09:20:00,0.018252584669325087
2019-05-19 09:25:00,0.0011920928955078125
2019-05-19 09:30:00,0.00769805908203125
2019-05-19 09:35:00,0.004319659734176377
2019-05-19 09:40:00,0.00347079584154032
2019-05-19 09:45:00,0.0026219319489042634
2019-05-19 09:50:00,0.0017730680562682071
2019-05-19 09:55:00,0.0009242041636321504
2019-05-19 10:00:00,7.534027099609375e-05
2019-05-19 10:05:00,0.001576105753580729
2019-05-19 10:10:00,0.0030768712361653643
2019-05-19 10:15:00,0.00457763671875
2019-05-19 10:20:00,0.0035139719645182295
2019-05-19 10:25:00,0.0024503072102864585
2019-05-19 10:30:00,0.0013866424560546875
2019-05-19 10:35:00,0.0
2019-05-19 10:40:00,0.0003147125244140625
2019-05-19 10:45:00,0.000629425048828125
2019-05-19 10:50:00,0.0009441375732421875
2019-05-19 10:55:00,0.00125885009765625
2019-05-19 11:00:00,0.0015735626220703125
2019-05-19 11:05:00,0.0015842437744140625
2019-05-19 11:10:00,0.0015949249267578126
2019-05-19 11:15:00,0.0016056060791015624
2019-05-19 11:20:00,0.0016162872314453125
2019-05-19 11:25:00,0.0016269683837890625
2019-05-19 11:30:00,0.0016376495361328125
2019-05-19 11:35:00,0.0016483306884765626
2019-05-19 11:40:00,0.0016590118408203124
2019-05-19 11:45:00,0.0016696929931640625
2019-05-19 11:50:00,0.0016803741455078125
2019-05-19 11:55:00,0.0016910552978515625
2019-05-19 12:00:00,0.0017017364501953126
2019-05-19 12:05:00,0.0017124176025390624
2019-05-19 12:10:00,0.0017230987548828125
2019-05-19 12:15:00,0.0017337799072265625
2019-05-19 12:20:00,0.0009407997131347656
2019-05-19 12:25:00,0.00014781951904296875
2019-05-19 12:30:00,0.0002048015594482422
2019-05-19 12:35:00,0.0002617835998535156
2019-05-19 12:40:00,0.00031876564025878906
2019-05-19 12:45:00,0.0005321502685546875
2019-05-19 12:50:00,0.000354766845703125
2019-05-19 12:55:00,0.0001773834228515625
2019-05-19 13:00:00,0.0
2019-05-19 13:05:00,0.0012645721435546875
2019-05-19 13:10:00,0.002529144287109375
2019-05-19 13:15:00,0.00011539459228515625
2019-05-19 13:20:00,9.393692016601562e-05
2019-05-19 13:25:00,7.2479248046875e-05
2019-05-19 13:30:00,0.0007260640462239584
2019-05-19 13:35:00,0.0013796488444010417
2019-05-19 13:40:00,0.002033233642578125
2019-05-19 13:45:00,0.00014781951904296875
2019-05-19 13:50:00,0.017078638076782227
2019-05-19 13:55:00,0.034009456634521484
2019-05-19 14:00:00,0.05094027519226074
2019-05-19 14:05:00,0.06787109375
2019-05-19 14:10:00,0.0002307891845703125
2019-05-19 14:15:00,0.000194549560546875
2019-05-19 14:20:00,0.0019848163311298075
2019-05-19 14:25:00,0.00377508310171274
2019-05-19 14:30:00,0.005565349872295673
2019-05-19 14:35:00,0.007355616642878605
2019-05-19 14:40:00,0.009145883413461538
2019-05-19 14:45:00,0.010936150184044471
2019-05-19 14:50:00,0.012726416954627404
2019-05-19 14:55:00,0.014516683725210335
2019-05-19 15:00:00,0.016306950495793268
2019-05-19 15:05:00,0.0180972172663762
2019-05-19 15:10:00,0.019887484036959134
2019-05-19 15:15:00,0.021677750807542067
2019-05-19 15:20:00,0.023468017578125
2019-05-19 15:25:00,0.01577409108479818
2019-05-19 15:30:00,0.008080164591471355
2019-05-19 15:35:00,0.00038623809814453125
2019-05-19 15:40:00,0.000392913818359375
2019-05-19 15:45:00,0.00039958953857421875
2019-05-19 15:50:00,0.0015299782824160447
2019-05-19 15:55:00,0.002674102783203125
2019-05-19 16:00:00,0.00145721435546875
2019-05-19 16:05:00,0.000240325927734375
2019-05-19 16:10:00,0.0010158538818359375
2019-05-19 16:15:00,0.0017913818359375
2019-05-19 16:20:00,0.0025669097900390624
2019-05-19 16:25:00,0.003342437744140625
2019-05-19 16:30:00,0.0041179656982421875
2019-05-19 16:35:00,0.00489349365234375
2019-05-19 16:40:00,0.005669021606445313
2019-05-19 16:45:00,0.006444549560546875
2019-05-19 16:50:00,0.007220077514648438
2019-05-19 16:55:00,0.00799560546875
2019-05-19 17:00:00,0.0071659088134765625
2019-05-19 17:05:00,0.006336212158203125
2019-05-19 17:10:00,0.0055065155029296875
2019-05-19 17:15:00,0.00467681884765625
2019-05-19 17:20:00,0.0038471221923828125
2019-05-19 17:25:00,0.003017425537109375
2019-05-19 17:30:00,0.05653148733412356
2019-05-19 17:35:00,0.052202791826863756
2019-05-19 17:40:00,0.04787409631960395
2019-05-19 17:45:00,0.04354540081234415
2019-05-19 17:50:00,0.03921670530508434
2019-05-19 17:55:00,0.03488800979782453
2019-05-19 18:00:00,0.03055931429056473
2019-05-19 18:05:00,0.026230618783304925
2019-05-19 18:10:00,0.02190192327604512
2019-05-19 18:15:00,0.01757322776878531
2019-05-19 18:20:00,0.013244532261525506
2019-05-19 18:25:00,0.008915836754265702
2019-05-19 18:30:00,0.004587141247005898
2019-05-19 18:35:00,0.00025844573974609375
2019-05-19 18:40:00,0.0025436878204345703
2019-05-19 18:45:00,0.004828929901123047
2019-05-19 18:50:00,0.007114171981811523
2019-05-19 18:55:00,0.0093994140625
2019-05-19 19:00:00,0.0002288818359375
2019-05-19 19:05:00,0.010440826416015625
2019-05-19 19:10:00,0.02065277099609375
2019-05-19 19:15:00,0.030864715576171875
2019-05-19 19:20:00,0.04107666015625
2019-05-19 19:25:00,0.004791259765625
2019-05-19 19:30:00,0.002600193023681641
2019-05-19 19:35:00,0.00040912628173828125
2019-05-19 19:40:00,0.04156494140625
2019-05-19 19:45:00,0.0794677734375
2019-05-19 19:50:00,0.04004325737824311
2019-05-19 19:55:00,0.0006187413189862225
2019-05-19 20:00:00,0.0005329589586000184
2019-05-19 20:05:00,0.0004471765982138144
2019-05-19 20:10:00,0.0003613942378276103
2019-05-19 20:15:00,0.00027561187744140625
2019-05-19 20:20:00,0.0002498626708984375
2019-05-19 20:25:00,0.00022411346435546875
2019-05-19 20:30:00,0.0001983642578125
2019-05-19 20:35:00,0.00017261505126953125
2019-05-19 20:40:00,0.0001468658447265625
2019-05-19 20:45:00,0.01694965362548828
2019-05-19 20:50:00,0.03375244140625
2019-05-19 20:55:00,0.01416015625
2019-05-19 21:00:00,0.0010776519775390625
2019-05-19 21:05:00,0.0081634521484375
2019-05-19 21:10:00,0.008544041560246393
2019-05-19 21:15:00,0.008924630972055288
2019-05-19 21:20:00,0.009305220383864183
2019-05-19 21:25:00,0.009685809795673076
2019-05-19 21:30:00,0.020589975210336536
2019-05-19 21:35:00,0.031494140625
2019-05-19 21:40:00,0.0254058837890625
2019-05-19 21:45:00,0.019317626953125
2019-05-19 21:50:00,0.0132293701171875
2019-05-19 21:55:00,0.00714111328125
2019-05-19 22:00:00,0.007982526506696428
2019-05-19 22:05:00,0.008823939732142856
2019-05-19 22:10:00,0.009665352957589286
2019-05-19 22:15:00,0.010506766183035714
2019-05-19 22:20:00,0.011348179408482144
2019-05-19 22:25:00,0.012189592633928572
2019-05-19 22:30:00,0.013031005859375
2019-05-19 22:35:00,0.013872419084821428
2019-05-19 22:40:00,0.014713832310267856
2019-05-19 22:45:00,0.015555245535714286
2019-05-19 22:50:00,0.016396658761160712
2019-05-19 22:55:00,0.017238071986607144
2019-05-19 23:00:00,0.018079485212053572
2019-05-19 23:05:00,0.0189208984375
2019-05-19 23:10:00,0.0222625732421875
2019-05-19 23:15:00,0.025604248046875
2019-05-19 23:20:00,0.01840972900390625
2019-05-19 23:25:00,0.0112152099609375
2019-05-19 23:30:00,0.00402069091796875
2019-05-19 23:35:00,0.0041229248046875
2019-05-19 23:40:00,0.00422515869140625
2019-05-19 23:45:00,0.004327392578125
2019-05-19 23:50:00,0.00442962646484375
2019-05-19 23:55:00,0.0045318603515625
2019-05-20 00:00:00,0.003429889678955078
2019-05-20 00:05:00,0.0023279190063476562
2019-05-20 00:10:00,0.0012259483337402344
2019-05-20 00:15:00,0.0001239776611328125
2019-05-20 00:20:00,0.00024390220642089844
2019-05-20 00:25:00,0.0003638267517089844
2019-05-20 00:30:00,0.0004837512969970703
2019-05-20 00:35:00,0.0006036758422851562
2019-05-20 00:40:00,0.00045299530029296875
2019-05-20 00:45:00,0.00030231475830078125
2019-05-20 00:50:00,0.00015163421630859375
2019-05-20 00:55:00,0.006461381912231445
2019-05-20 01:00:00,0.012771129608154297
2019-05-20 01:05:00,0.01908087730407715
2019-05-20 01:10:00,0.025390625
2019-05-20 01:15:00,0.0577392578125
2019-05-20 01:20:00,0.0081329345703125
2019-05-20 01:25:00,0.0086212158203125
2019-05-20 01:30:00,0.0091094970703125
2019-05-20 01:35:00,0.0095977783203125
2019-05-20 01:40:00,0.0100860595703125
2019-05-20 01:45:00,0.0105743408203125
2019-05-20 01:50:00,0.011615753173828125
2019-05-20 01:55:00,0.01265716552734375
2019-05-20 02:00:00,0.013698577880859375
2019-05-20 02:05:00,0.014739990234375
2019-05-20 02:10:00,0.0143798828125
2019-05-20 02:15:00,0.014019775390625
2019-05-20 02:20:00,0.01365966796875
2019-05-20 02:25:00,0.013299560546875
2019-05-20 02:30:00,0.012939453125
2019-05-20 02:35:00,0.0119474728902181
2019-05-20 02:40:00,0.010955492655436199
2019-05-20 02:45:00,0.009963512420654297
2019-05-20 02:50:00,0.008971532185872396
2019-05-20 02:55:00,0.007979551951090496
2019-05-20 03:00:00,0.006987571716308594
2019-05-20 03:05:00,0.005995591481526693
2019-05-20 03:10:00,0.005003611246744793
2019-05-20 03:15:00,0.004011631011962891
2019-05-20 03:20:00,0.00301965077718099
2019-05-20 03:25:00,0.0020276705423990897
2019-05-20 03:30:00,0.0010356903076171875
2019-05-20 03:35:00,0.0016128540039062498
2019-05-20 03:40:00,0.002190017700195312
2019-05-20 03:45:00,0.002767181396484375
2019-05-20 03:50:00,0.0033443450927734372
2019-05-20 03:55:00,0.0039215087890625
2019-05-20 04:00:00,0.0035128063625759548
2019-05-20 04:05:00,0.0031041039360894095
2019-05-20 04:10:00,0.0026954015096028647
2019-05-20 04:15:00,0.0022866990831163195
2019-05-20 04:20:00,0.0018779966566297743
2019-05-20 04:25:00,0.0014692942301432295
2019-05-20 04:30:00,0.0010605918036566842
2019-05-20 04:35:00,0.000651889377170139
2019-05-20 04:40:00,0.00024318695068359375
2019-05-20 04:45:00,0.00021839141845703125
2019-05-20 04:50:00,0.00019359588623046875
2019-05-20 04:55:00,0.0014777183532714844
2019-05-20 05:00:00,0.0027618408203125
2019-05-20 05:05:00,0.00384521484375
2019-05-20 05:10:00,0.0049285888671875
2019-05-20 05:15:00,0.00398101806640625
2019-05-20 05:20:00,0.003033447265625
2019-05-20 05:25:00,0.0020858764648437503
2019-05-20 05:30:00,0.0011383056640625003
2019-05-20 05:35:00,0.00019073486328125
2019-05-20 05:40:00,0.00027942657470703125
2019-05-20 05:45:00,0.0003681182861328125
2019-05-20 05:50:00,0.0006275177001953125
2019-05-20 05:55:00,0.0008869171142578125
2019-05-20 06:00:00,0.0011463165283203125
2019-05-20 06:05:00,0.0014057159423828125
2019-05-20 06:10:00,0.0008606910705566406
2019-05-20 06:15:00,0.00031566619873046875
2019-05-20 06:20:00,0.0006891886393229167
2019-05-20 06:25:00,0.0010627110799153647
2019-05-20 06:30:00,0.0014362335205078125
2019-05-20 06:35:00,0.003714243570963542
2019-05-20 06:40:00,0.005992253621419271
2019-05-20 06:45:00,0.008270263671875
2019-05-20 06:50:00,0.004769325256347656
2019-05-20 06:55:00,0.0012683868408203125
2019-05-20 07:00:00,0.0012706756591796876
2019-05-20 07:05:00,0.0012729644775390625
2019-05-20 07:10:00,0.0012752532958984375
2019-05-20 07:15:00,0.0012775421142578124
2019-05-20 07:20:00,0.0012798309326171875
2019-05-20 07:25:00,0.014556884765625
2019-05-20 07:30:00,0.00740814208984375
2019-05-20 07:35:00,0.0002593994140625
2019-05-20 07:40:00,0.0018965840704215046
2019-05-20 07:45:00,0.003533768726780509
2019-05-20 07:50:00,0.005170953383139514
2019-05-20 07:55:00,0.0029965103219408507
2019-05-20 08:00:00,0.0008220672607421875
2019-05-20 08:05:00,0.0017344156901041667
2019-05-20 08:10:00,0.002646764119466146
2019-05-20 08:15:00,0.003559112548828125
2019-05-20 08:20:00,0.0068206787109375
2019-05-20 08:25:00,0.0169677734375
2019-05-20 08:30:00,0.0271148681640625
2019-05-20 08:35:00,0.037261962890625
2019-05-20 08:40:00,0.0474090576171875
2019-05-20 08:45:00,0.05755615234375
2019-05-20 08:50:00,0.0001220703125
2019-05-20 08:55:00,0.004692077636718749
2019-05-20 09:00:00,0.009262084960937498
2019-05-20 09:05:00,0.013832092285156248
2019-05-20 09:10:00,0.018402099609375
2019-05-20 09:15:00,0.012380282084147137
2019-05-20 09:20:00,0.006358464558919271
2019-05-20 09:25:00,0.00033664703369140625
2019-05-20 09:30:00,0.0005139614800987003
2019-05-20 09:35:00,0.0006912759265059944
2019-05-20 09:40:00,0.0008685903729132886
2019-05-20 09:45:00,0.0005286306787153829
2019-05-20 09:50:00,0.0001886709845174772
2019-05-20 09:55:00,0.0096435546875
2019-05-20 10:00:00,0.003131866455078125
2019-05-20 10:05:00,0.008960511949327257
2019-05-20 10:10:00,0.014789157443576388
2019-05-20 10:15:00,0.007444646623399522
2019-05-20 10:20:00,0.00010013580322265625
2019-05-20 10:25:00,0.000423431396484375
2019-05-20 10:30:00,0.00038123130798339844
2019-05-20 10:35:00,0.0003390312194824219
2019-05-20 10:40:00,0.0002968311309814453
2019-05-20 10:45:00,0.00025463104248046875
2019-05-20 10:50:00,0.0002334117889404297
2019-05-20 10:55:00,0.00021219253540039062
2019-05-20 11:00:00,0.00019097328186035156
2019-05-20 11:05:00,0.0001697540283203125
2019-05-20 11:10:00,0.00014853477478027344
2019-05-20 11:15:00,0.00012731552124023438
2019-05-20 11:20:00,0.00010609626770019531
2019-05-20 11:25:00,8.487701416015625e-05
2019-05-20 11:30:00,6.365776062011719e-05
2019-05-20 11:35:00,4.2438507080078125e-05
2019-05-20 11:40:00,2.1219253540039062e-05
2019-05-20 11:45:00,0.0
2019-05-20 11:50:00,0.0026656786600748696
2019-05-20 11:55:00,0.005331357320149739
2019-05-20 12:00:00,0.01821438471476237
2019-05-20 12:05:00,0.031097412109375
2019-05-20 12:10:00,0.02136993408203125
2019-05-20 12:15:00,0.0116424560546875
2019-05-20 12:20:00,0.010251363118489584
2019-05-20 12:25:00,0.008860270182291666
2019-05-20 12:30:00,0.00746917724609375
2019-05-20 12:35:00,0.002071380615234375
2019-05-20 12:40:00,0.0
2019-05-20 12:45:00,0.0010852813720703125
2019-05-20 12:50:00,0.0011579725477430555
2019-05-20 12:55:00,0.0012306637234157985
2019-05-20 13:00:00,0.0013033548990885417
2019-05-20 13:05:00,0.0013760460747612847
2019-05-20 13:10:00,0.0014487372504340278
2019-05-20 13:15:00,0.001521428426106771
2019-05-20 13:20:00,0.001594119601779514
2019-05-20 13:25:00,0.001666810777452257
2019-05-20 13:30:00,0.001739501953125
2019-05-20 13:35:00,0.001311620076497396
2019-05-20 13:40:00,0.0008837381998697917
2019-05-20 13:45:00,0.0004558563232421875
2019-05-20 13:50:00,0.0093994140625
2019-05-20 13:55:00,0.0053863525390625
2019-05-20 14:00:00,0.001373291015625
2019-05-20 14:05:00,0.0009722709655761719
2019-05-20 14:10:00,0.0005712509155273438
2019-05-20 14:15:00,0.00046380360921223957
2019-05-20 14:20:00,0.0003563563028971354
2019-05-20 14:25:00,0.00024890899658203125
2019-05-20 14:30:00,0.0
2019-05-20 14:35:00,0.00261688232421875
2019-05-20 14:40:00,0.0052337646484375
2019-05-20 14:45:00,0.005031585693359375
2019-05-20 14:50:00,0.00482940673828125
2019-05-20 14:55:00,0.010150909423828125
2019-05-20 15:00:00,0.015472412109375
2019-05-20 15:05:00,0.007791519165039062
2019-05-20 15:10:00,0.000110626220703125
2019-05-20 15:15:00,0.0063054561614990234
2019-05-20 15:20:00,0.012500286102294922
2019-05-20 15:25:00,0.01869511604309082
2019-05-20 15:30:00,0.02488994598388672
2019-05-20 15:35:00,0.011627674102783203
2019-05-20 15:40:00,0.009888728459676107
2019-05-20 15:45:00,0.00814978281656901
2019-05-20 15:50:00,0.006410837173461914
2019-05-20 15:55:00,0.004671891530354817
2019-05-20 16:00:00,0.0029329458872477208
2019-05-20 16:05:00,0.001194000244140625
2019-05-20 16:10:00,0.004302978515625
2019-05-20 16:15:00,0.0030727386474609375
2019-05-20 16:20:00,0.001842498779296875
2019-05-20 16:25:00,0.0006122589111328125
2019-05-20 16:30:00,0.0005626678466796875
2019-05-20 16:35:00,0.0005130767822265625
2019-05-20 16:40:00,0.0004634857177734375
2019-05-20 16:45:00,0.0004215240478515625
2019-05-20 16:50:00,0.0003795623779296875
2019-05-20 16:55:00,0.0004037221272786458
2019-05-20 17:00:00,0.0004278818766276042
2019-05-20 17:05:00,0.0004520416259765625
2019-05-20 17:10:00,0.030303955078125
2019-05-20 17:15:00,0.02427783012390137
2019-05-20 17:20:00,0.018251705169677734
2019-05-20 17:25:00,0.012225580215454102
2019-05-20 17:30:00,0.006199455261230467
2019-05-20 17:35:00,0.00017333030700683594
2019-05-20 17:40:00,0.031287829081217446
2019-05-20 17:45:00,0.0107269287109375
2019-05-20 17:50:00,0.005412101745605469
2019-05-20 17:55:00,9.72747802734375e-05
2019-05-20 18:00:00,4.863739013671876e-05
2019-05-20 18:05:00,0.0
2019-05-20 18:10:00,0.0026959087287396254
2019-05-20 18:15:00,0.005391817457479251
2019-05-20 18:20:00,0.00468336600413025
2019-05-20 18:25:00,0.00397491455078125
2019-05-20 18:30:00,0.0038617451985677085
2019-05-20 18:35:00,0.0037485758463541665
2019-05-20 18:40:00,0.003635406494140625
2019-05-20 18:45:00,0.0035222371419270835
2019-05-20 18:50:00,0.0034090677897135415
2019-05-20 18:55:00,0.0032958984375
2019-05-20 19:00:00,0.005872440338134766
2019-05-20 19:05:00,0.008448982238769533
2019-05-20 19:10:00,0.011025524139404297
2019-05-20 19:15:00,0.013602066040039064
2019-05-20 19:20:00,0.016178607940673828
2019-05-20 19:25:00,0.000698089599609375
2019-05-20 19:30:00,0.0005880991617838541
2019-05-20 19:35:00,0.00047810872395833337
2019-05-20 19:40:00,0.0003681182861328125
2019-05-20 19:45:00,0.0007176929050021701
2019-05-20 19:50:00,0.0010672675238715278
2019-05-20 19:55:00,0.0014168421427408853
2019-05-20 20:00:00,0.001766416761610243
2019-05-20 20:05:00,0.0021159913804796003
2019-05-20 20:10:00,0.002465565999348958
2019-05-20 20:15:00,0.0028151406182183158
2019-05-20 20:20:00,0.0031647152370876735
2019-05-20 20:25:00,0.003514289855957031
2019-05-20 20:30:00,0.0038638644748263886
2019-05-20 20:35:00,0.004213439093695747
2019-05-20 20:40:00,0.004563013712565104
2019-05-20 20:45:00,0.004912588331434461
2019-05-20 20:50:00,0.005262162950303819
2019-05-20 20:55:00,0.005611737569173177
2019-05-20 21:00:00,0.0059613121880425345
2019-05-20 21:05:00,0.006310886806911892
2019-05-20 21:10:00,0.00666046142578125
2019-05-20 21:15:00,0.020477294921875
2019-05-20 21:20:00,0.0001239776611328125
2019-05-20 21:25:00,0.0002897262573242187
2019-05-20 21:30:00,0.00045547485351562497
2019-05-20 21:35:00,0.0006212234497070312
2019-05-20 21:40:00,0.0007869720458984374
2019-05-20 21:45:00,0.0009527206420898438
2019-05-20 21:50:00,0.0084686279296875
2019-05-20 21:55:00,0.005173206329345703
2019-05-20 22:00:00,0.0018777847290039062
2019-05-20 22:05:00,0.0011196136474609375
2019-05-20 22:10:00,0.00036144256591796875
2019-05-20 22:15:00,0.0003056526184082031
2019-05-20 22:20:00,0.0002498626708984375
2019-05-20 22:25:00,0.0003933906555175781
2019-05-20 22:30:00,0.0005369186401367188
2019-05-20 22:35:00,0.006419742713540287
2019-05-20 22:40:00,0.012302566786943855
2019-05-20 22:45:00,0.01818539086034742
2019-05-20 22:50:00,0.02406821493375099
2019-05-20 22:55:00,0.02995103900715456
2019-05-20 23:00:00,0.003437519073486328
2019-05-20 23:05:00,0.0028674125671386717
2019-05-20 23:10:00,0.0022973060607910157
2019-05-20 23:15:00,0.0017271995544433595
2019-05-20 23:20:00,0.0011570930480957033
2019-05-20 23:25:00,0.0005869865417480469
2019-05-20 23:30:00,0.000978565216064453
2019-05-20 23:35:00,0.0013701438903808594
2019-05-20 23:40:00,0.0017617225646972656
2019-05-20 23:45:00,0.002153301239013672
2019-05-20 23:50:00,0.002544879913330078
2019-05-20 23:55:00,0.009465022520585493
2019-05-21 00:00:00,0.016385165127840908
2019-05-21 00:05:00,0.02415797617528346
2019-05-21 00:10:00,0.031930787222726006
2019-05-21 00:15:00,0.027008056640625
2019-05-21 00:20:00,0.022139231363932293
2019-05-21 00:25:00,0.017270406087239586
2019-05-21 00:30:00,0.012401580810546875
2019-05-21 00:35:00,0.012278292359424238
2019-05-21 00:40:00,0.012155003908301602
2019-05-21 00:45:00,0.012031715457178965
2019-05-21 00:50:00,0.01190842700605633
2019-05-21 00:55:00,0.011785138554933693
2019-05-21 01:00:00,0.011661850103811057
2019-05-21 01:05:00,0.01153856165268842
2019-05-21 01:10:00,0.0020904541015625
2019-05-21 01:15:00,0.02414703369140625
2019-05-21 01:20:00,0.04620361328125
2019-05-21 01:25:00,0.0108642578125
2019-05-21 01:30:00,0.010055343310038248
2019-05-21 01:35:00,0.009246428807576498
2019-05-21 01:40:00,0.008437514305114746
2019-05-21 01:45:00,0.007628599802652995
2019-05-21 01:50:00,0.004141887029012045
2019-05-21 01:55:00,0.0006551742553710938
2019-05-21 02:00:00,0.009471893310546875
2019-05-21 02:05:00,0.018288612365722656
2019-05-21 02:10:00,0.027105331420898438
2019-05-21 02:15:00,0.03592205047607422
2019-05-21 02:20:00,0.04473876953125
2019-05-21 02:25:00,0.02246570587158203
2019-05-21 02:30:00,0.0001926422119140625
2019-05-21 02:35:00,0.01910400390625
2019-05-21 02:40:00,0.0245513916015625
2019-05-21 02:45:00,0.029998779296875
2019-05-21 02:50:00,0.03565325055803571
2019-05-21 02:55:00,0.04130772181919643
2019-05-21 03:00:00,0.046962193080357144
2019-05-21 03:05:00,0.05261666434151786
2019-05-21 03:10:00,0.058271135602678575
2019-05-21 03:15:00,0.06392560686383929
2019-05-21 03:20:00,0.069580078125
2019-05-21 03:25:00,0.047580718994140625
2019-05-21 03:30:00,0.02558135986328125
2019-05-21 03:35:00,0.003582000732421875
2019-05-21 03:40:00,0.0009164810180664062
2019-05-21 03:45:00,0.0008587837219238281
2019-05-21 03:50:00,0.00080108642578125
2019-05-21 03:55:00,0.0007433891296386719
2019-05-21 04:00:00,0.0006856918334960938
2019-05-21 04:05:00,0.0008867263793945312
2019-05-21 04:10:00,0.0010877609252929687
2019-05-21 04:15:00,0.0012195905049641926
2019-05-21 04:20:00,0.0013514200846354166
2019-05-21 04:25:00,0.0014832496643066406
2019-05-21 04:30:00,0.0016150792439778646
2019-05-21 04:35:00,0.0017469088236490885
2019-05-21 04:40:00,0.0018787384033203125
2019-05-21 04:45:00,0.003612518310546875
2019-05-21 04:50:00,0.0041599273681640625
2019-05-21 04:55:00,0.00470733642578125
2019-05-21 05:00:00,0.0036156177520751953
2019-05-21 05:05:00,0.0025238990783691406
2019-05-21 05:10:00,0.001432180404663086
2019-05-21 05:15:00,0.00034046173095703125
2019-05-21 05:20:00,0.0003520647684733073
2019-05-21 05:25:00,0.0003636678059895833
2019-05-21 05:30:00,0.0003752708435058594
2019-05-21 05:35:00,0.00038687388102213543
2019-05-21 05:40:00,0.00039847691853841144
2019-05-21 05:45:00,0.0004100799560546875
2019-05-21 05:50:00,0.0003075599670410156
2019-05-21 05:55:00,0.00020503997802734375
2019-05-21 06:00:00,0.00010251998901367188
2019-05-21 06:05:00,0.0
2019-05-21 06:10:00,8.042653401692708e-05
2019-05-21 06:15:00,0.00016085306803385416
2019-05-21 06:20:00,0.00024127960205078125
2019-05-21 06:25:00,0.005224704742431641
2019-05-21 06:30:00,0.0102081298828125
2019-05-21 06:35:00,0.01611328125
2019-05-21 06:40:00,0.017903645833333332
2019-05-21 06:45:00,0.019694010416666668
2019-05-21 06:50:00,0.021484375
2019-05-21 06:55:00,0.01936349868774414
2019-05-21 07:00:00,0.017242622375488282
2019-05-21 07:05:00,0.015121746063232421
2019-05-21 07:10:00,0.013000869750976562
2019-05-21 07:15:00,0.010879993438720703
2019-05-21 07:20:00,0.008759117126464844
2019-05-21 07:25:00,0.006638240814208985
2019-05-21 07:30:00,0.004517364501953124
2019-05-21 07:35:00,0.002396488189697267
2019-05-21 07:40:00,0.00027561187744140625
2019-05-21 07:45:00,0.014801502227783203
2019-05-21 07:50:00,0.029327392578125
2019-05-21 07:55:00,0.019612948099772133
2019-05-21 08:00:00,0.00989850362141927
2019-05-21 08:05:00,0.00018405914306640625
2019-05-21 08:10:00,0.003166675567626953
2019-05-21 08:15:00,0.0061492919921875
2019-05-21 08:20:00,0.01067352294921875
2019-05-21 08:25:00,0.01519775390625
2019-05-21 08:30:00,0.011843681335449219
2019-05-21 08:35:00,0.008489608764648438
2019-05-21 08:40:00,0.005135536193847656
2019-05-21 08:45:00,0.001781463623046875
2019-05-21 08:50:00,0.00734710693359375
2019-05-21 08:55:00,0.014471435546875001
2019-05-21 09:00:00,0.021595764160156253
2019-05-21 09:05:00,0.0287200927734375
2019-05-21 09:10:00,0.035844421386718756
2019-05-21 09:15:00,0.04296875
2019-05-21 09:20:00,0.030069986979166664
2019-05-21 09:25:00,0.017171223958333332
2019-05-21 09:30:00,0.0042724609375
2019-05-21 09:35:00,0.008342718149160409
2019-05-21 09:40:00,0.012412975360820819
2019-05-21 09:45:00,0.011264759740788183
2019-05-21 09:50:00,0.010116544120755546
2019-05-21 09:55:00,0.00896832850072291
2019-05-21 10:00:00,0.007820112880690273
2019-05-21 10:05:00,0.006671897260657637
2019-05-21 10:10:00,0.005523681640625
2019-05-21 10:15:00,0.004907488822937012
2019-05-21 10:20:00,0.0042912960052490234
2019-05-21 10:25:00,0.003675103187561035
2019-05-21 10:30:00,0.003058910369873047
2019-05-21 10:35:00,0.0024427175521850586
2019-05-21 10:40:00,0.0018265247344970703
2019-05-21 10:45:00,0.001210331916809082
2019-05-21 10:50:00,0.0005941390991210938
2019-05-21 10:55:00,0.0009025732676188152
2019-05-21 11:00:00,0.0012110074361165366
2019-05-21 11:05:00,0.0015194416046142578
2019-05-21 11:10:00,0.0018278757731119792
2019-05-21 11:15:00,0.0012500551011827257
2019-05-21 11:20:00,0.0006722344292534722
2019-05-21 11:25:00,9.441375732421875e-05
2019-05-21 11:30:00,0.0014673471450805662
2019-05-21 11:35:00,0.0028402805328369136
2019-05-21 11:40:00,0.004213213920593262
2019-05-21 11:45:00,0.0055861473083496085
2019-05-21 11:50:00,0.006959080696105956
2019-05-21 11:55:00,0.008332014083862305
2019-05-21 12:00:00,0.009704947471618652
2019-05-21 12:05:00,0.011077880859375
2019-05-21 12:10:00,0.01202392578125
2019-05-21 12:15:00,0.012969970703125
2019-05-21 12:20:00,0.010649871826171876
2019-05-21 12:25:00,0.00832977294921875
2019-05-21 12:30:00,0.0060096740722656245
2019-05-21 12:35:00,0.0036895751953124993
2019-05-21 12:40:00,0.001369476318359375
2019-05-21 12:45:00,0.0008325576782226562
2019-05-21 12:50:00,0.0002956390380859375
2019-05-21 12:55:00,0.0002574920654296875
2019-05-21 13:00:00,0.0002193450927734375
2019-05-21 13:05:00,0.000217437744140625
2019-05-21 13:10:00,0.0008792792783522129
2019-05-21 13:15:00,0.0015411208125638007
2019-05-21 13:20:00,0.0022029623467753885
2019-05-21 13:25:00,0.0028648038809869765
2019-05-21 13:30:00,0.0035266454151985645
2019-05-21 13:35:00,0.004188486949410152
2019-05-21 13:40:00,0.00485032848362174
2019-05-21 13:45:00,0.005512170017833328
2019-05-21 13:50:00,0.006174011552044916
2019-05-21 13:55:00,0.006835853086256504
2019-05-21 14:00:00,0.007497694620468092
2019-05-21 14:05:00,0.008159536154679679
2019-05-21 14:10:00,0.008821377688891267
2019-05-21 14:15:00,0.010052585041919566
2019-05-21 14:20:00,0.011283792394947867
2019-05-21 14:25:00,0.012514999747976166
2019-05-21 14:30:00,0.013746207101004465
2019-05-21 14:35:00,0.0018215179443359375
2019-05-21 14:40:00,0.00588226318359375
2019-05-21 14:45:00,0.004431962966918945
2019-05-21 14:50:00,0.002981662750244141
2019-05-21 14:55:00,0.001531362533569336
2019-05-21 15:00:00,8.106231689453125e-05
2019-05-21 15:05:00,0.01316376619560774
2019-05-21 15:10:00,0.01077474549759266
2019-05-21 15:15:00,0.00838572479957758
2019-05-21 15:20:00,0.0059967041015625
2019-05-21 15:25:00,0.0011749267578125
2019-05-21 15:30:00,0.005467691395663957
2019-05-21 15:35:00,0.012541842439094963
2019-05-21 15:40:00,0.01961599348252597
2019-05-21 15:45:00,0.02669014452595698
2019-05-21 15:50:00,0.03376429556938798
2019-05-21 15:55:00,0.04083844661281899
2019-05-21 16:00:00,0.04791259765625
2019-05-21 16:05:00,0.0054264068603515625
2019-05-21 16:10:00,0.0098876953125
2019-05-21 16:15:00,0.007575273513793945
2019-05-21 16:20:00,0.005262851715087891
2019-05-21 16:25:00,0.002950429916381837
2019-05-21 16:30:00,0.0006380081176757812
2019-05-21 16:35:00,0.0009334882100423176
2019-05-21 16:40:00,0.001228968302408854
2019-05-21 16:45:00,0.0015244483947753906
2019-05-21 16:50:00,0.0005273818969726562
2019-05-21 16:55:00,0.009282588958740234
2019-05-21 17:00:00,0.005053043365478516
2019-05-21 17:05:00,0.0008234977722167969
2019-05-21 17:10:00,0.00024127960205078125
2019-05-21 17:15:00,0.015928268432617188
2019-05-21 17:20:00,0.031615257263183594
2019-05-21 17:25:00,0.04730224609375
2019-05-21 17:30:00,0.03810882568359375
2019-05-21 17:35:00,0.0289154052734375
2019-05-21 17:40:00,0.01972198486328125
2019-05-21 17:45:00,0.010528564453125
2019-05-21 17:50:00,0.007123311360677084
2019-05-21 17:55:00,0.003718058268229167
2019-05-21 18:00:00,0.00031280517578125
2019-05-21 18:05:00,0.00011730194091796875
2019-05-21 18:10:00,0.0023043155670166016
2019-05-21 18:15:00,0.004491329193115234
2019-05-21 18:20:00,0.006678342819213867
2019-05-21 18:25:00,0.0088653564453125
2019-05-21 18:30:00,0.00014972686767578125
2019-05-21 18:35:00,0.0014623914446149553
2019-05-21 18:40:00,0.0027750560215541293
2019-05-21 18:45:00,0.004087720598493303
2019-05-21 18:50:00,0.005400385175432477
2019-05-21 18:55:00,0.0067130497523716515
2019-05-21 19:00:00,0.008025714329310825
2019-05-21 19:05:00,0.00933837890625
2019-05-21 19:10:00,0.007498550415039063
2019-05-21 19:15:00,0.005658721923828125
2019-05-21 19:20:00,0.003818893432617187
2019-05-21 19:25:00,0.00197906494140625
2019-05-21 19:30:00,0.0001392364501953125
2019-05-21 19:35:00,0.00011934552873883928
2019-05-21 19:40:00,9.945460728236608e-05
2019-05-21 19:45:00,7.956368582589286e-05
2019-05-21 19:50:00,5.9672764369419654e-05
2019-05-21 19:55:00,3.9781842912946436e-05
2019-05-21 20:00:00,1.9890921456473218e-05
2019-05-21 20:05:00,0.0
2019-05-21 20:10:00,5.10896955217634e-05
2019-05-21 20:15:00,0.0001021793910435268
2019-05-21 20:20:00,0.00015326908656529019
2019-05-21 20:25:00,0.0002043587820870536
2019-05-21 20:30:00,0.000255448477608817
2019-05-21 20:35:00,0.00030653817313058037
2019-05-21 20:40:00,0.00035762786865234375
2019-05-21 20:45:00,0.0003490447998046875
2019-05-21 20:50:00,0.00034046173095703125
2019-05-21 20:55:00,0.000331878662109375
2019-05-21 21:00:00,0.0015223779176410876
2019-05-21 21:05:00,0.0027128771731728
2019-05-21 21:10:00,0.003903376428704513
2019-05-21 21:15:00,0.005093875684236225
2019-05-21 21:20:00,0.0055389404296875
2019-05-21 21:25:00,0.0011138916015625
2019-05-21 21:30:00,0.003575642903645833
2019-05-21 21:35:00,0.006037394205729166
2019-05-21 21:40:00,0.0084991455078125
2019-05-21 21:45:00,0.005084991455078125
2019-05-21 21:50:00,0.00167083740234375
2019-05-21 21:55:00,0.0026769638061523438
2019-05-21 22:00:00,0.0036830902099609375
2019-05-21 22:05:00,0.004689216613769531
2019-05-21 22:10:00,0.005695343017578125
2019-05-21 22:15:00,0.006701469421386719
2019-05-21 22:20:00,0.0077075958251953125
2019-05-21 22:25:00,0.00014400482177734375
2019-05-21 22:30:00,0.030314922332763672
2019-05-21 22:35:00,0.06048583984375
2019-05-21 22:40:00,0.031276702880859375
2019-05-21 22:45:00,0.00206756591796875
2019-05-21 22:50:00,0.0010919570922851562
2019-05-21 22:55:00,0.0001163482666015625
2019-05-21 23:00:00,0.011787117852105036
2019-05-21 23:05:00,0.02345788743760851
2019-05-21 23:10:00,0.00024509429931640625
2019-05-21 23:15:00,0.0002536773681640625
2019-05-21 23:20:00,0.00402069091796875
2019-05-21 23:25:00,0.0008907318115234375
2019-05-21 23:30:00,0.0006923675537109375
2019-05-21 23:35:00,0.0004940032958984375
2019-05-21 23:40:00,0.0007292127427946025
2019-05-21 23:45:00,0.0
2019-05-21 23:50:00,0.0007333755493164062
2019-05-21 23:55:00,0.0006158351898193359
2019-05-22 00:00:00,0.0004982948303222656
2019-05-22 00:05:00,0.0003807544708251953
2019-05-22 00:10:00,0.000263214111328125
2019-05-22 00:15:00,0.0003795623779296875
2019-05-22 00:20:00,0.0017484029134114583
2019-05-22 00:25:00,0.003117243448893229
2019-05-22 00:30:00,0.004486083984375
2019-05-22 00:35:00,0.0022430419921875
2019-05-22 00:40:00,0.0
2019-05-22 00:45:00,0.014678955078125
2019-05-22 00:50:00,0.02935791015625
2019-05-22 00:55:00,0.044036865234375
2019-05-22 01:00:00,0.0587158203125
2019-05-22 01:05:00,0.03127574920654297
2019-05-22 01:10:00,0.0038356781005859375
2019-05-22 01:15:00,0.0157470703125
2019-05-22 01:20:00,0.010661760965983072
2019-05-22 01:25:00,0.005576451619466145
2019-05-22 01:30:00,0.0004911422729492188
2019-05-22 01:35:00,0.037353515625
2019-05-22 01:40:00,0.03697858537946429
2019-05-22 01:45:00,0.03660365513392857
2019-05-22 01:50:00,0.036228724888392856
2019-05-22 01:55:00,0.035853794642857144
2019-05-22 02:00:00,0.03547886439732143
2019-05-22 02:05:00,0.03510393415178571
2019-05-22 02:10:00,0.03472900390625
2019-05-22 02:15:00,0.00018405914306640625
2019-05-22 02:20:00,0.004898548126220703
2019-05-22 02:25:00,0.009613037109375
2019-05-22 02:30:00,0.005012035369873047
2019-05-22 02:35:00,0.00041103363037109375
2019-05-22 02:40:00,0.001667141914367676
2019-05-22 02:45:00,0.0029232501983642582
2019-05-22 02:50:00,0.00417935848236084
2019-05-22 02:55:00,0.005435466766357423
2019-05-22 03:00:00,0.006691575050354005
2019-05-22 03:05:00,0.007947683334350586
2019-05-22 03:10:00,0.009203791618347168
2019-05-22 03:15:00,0.01045989990234375
2019-05-22 03:20:00,0.00033473968505859375
2019-05-22 03:25:00,0.0007367134094238281
2019-05-22 03:30:00,0.0011386871337890625
2019-05-22 03:35:00,0.001975165473090278
2019-05-22 03:40:00,0.002811643812391493
2019-05-22 03:45:00,0.003648122151692708
2019-05-22 03:50:00,0.0044846004909939235
2019-05-22 03:55:00,0.005321078830295139
2019-05-22 04:00:00,0.006157557169596354
2019-05-22 04:05:00,0.006994035508897569
2019-05-22 04:10:00,0.007830513848198785
2019-05-22 04:15:00,0.0086669921875
2019-05-22 04:20:00,0.006593465805053711
2019-05-22 04:25:00,0.004519939422607422
2019-05-22 04:30:00,0.002446413040161133
2019-05-22 04:35:00,0.00037288665771484375
2019-05-22 04:40:00,0.00554656982421875
2019-05-22 04:45:00,0.00011730194091796875
2019-05-22 04:50:00,0.001491546630859375
2019-05-22 04:55:00,0.001168966293334961
2019-05-22 05:00:00,0.0008463859558105469
2019-05-22 05:05:00,0.0005238056182861328
2019-05-22 05:10:00,0.00020122528076171875
2019-05-22 05:15:00,0.01024770736694336
2019-05-22 05:20:00,0.020294189453125
2019-05-22 05:25:00,0.0148468017578125
2019-05-22 05:30:00,0.0093994140625
2019-05-22 05:35:00,0.0076389312744140625
2019-05-22 05:40:00,0.005878448486328125
2019-05-22 05:45:00,0.0041179656982421875
2019-05-22 05:50:00,0.016265869140625
2019-05-22 05:55:00,0.013554890950520834
2019-05-22 06:00:00,0.010843912760416668
2019-05-22 06:05:00,0.0081329345703125
2019-05-22 06:10:00,0.005421956380208334
2019-05-22 06:15:00,0.002710978190104166
2019-05-22 06:20:00,0.0
2019-05-22 06:25:00,0.009768803914388021
2019-05-22 06:30:00,0.019537607828776043
2019-05-22 06:35:00,0.029306411743164062
2019-05-22 06:40:00,0.023967088971819196
2019-05-22 06:45:00,0.01862776620047433
2019-05-22 06:50:00,0.013288443429129465
2019-05-22 06:55:00,0.007949120657784598
2019-05-22 07:00:00,0.002609797886439732
2019-05-22 07:05:00,0.005295072283063616
2019-05-22 07:10:00,0.0079803466796875
2019-05-22 07:15:00,0.05364990234375
2019-05-22 07:20:00,0.018707275390625
2019-05-22 07:25:00,0.0184478759765625
2019-05-22 07:30:00,0.0181884765625
2019-05-22 07:35:00,0.0179290771484375
2019-05-22 07:40:00,0.017669677734375
2019-05-22 07:45:00,0.0174102783203125
2019-05-22 07:50:00,0.01715087890625
2019-05-22 07:55:00,0.012371063232421875
2019-05-22 08:00:00,0.00759124755859375
2019-05-22 08:05:00,0.0040505316949659784
2019-05-22 08:10:00,0.0005098158313382057
2019-05-22 08:15:00,0.00019168853759765625
2019-05-22 08:20:00,0.001616668701171875
2019-05-22 08:25:00,0.003041648864746094
2019-05-22 08:30:00,0.004466629028320313
2019-05-22 08:35:00,0.005891609191894531
2019-05-22 08:40:00,0.00731658935546875
2019-05-22 08:45:00,0.007288251604352679
2019-05-22 08:50:00,0.007259913853236607
2019-05-22 08:55:00,0.007231576102120536
2019-05-22 09:00:00,0.007203238351004464
2019-05-22 09:05:00,0.007174900599888393
2019-05-22 09:10:00,0.007146562848772321
2019-05-22 09:15:00,0.00711822509765625
2019-05-22 09:20:00,0.008782958984375
2019-05-22 09:25:00,0.01044769287109375
2019-05-22 09:30:00,0.0121124267578125
2019-05-22 09:35:00,0.01377716064453125
2019-05-22 09:40:00,0.01544189453125
2019-05-22 09:45:00,0.003570556640625
2019-05-22 09:50:00,0.00267791748046875
2019-05-22 09:55:00,0.0017852783203124998
2019-05-22 10:00:00,0.00089263916015625
2019-05-22 10:05:00,0.0
2019-05-22 10:10:00,0.0014834403991699219
2019-05-22 10:15:00,0.0029668807983398438
2019-05-22 10:20:00,0.0021796226501464844
2019-05-22 10:25:00,0.001392364501953125
2019-05-22 10:30:00,0.0013512770334879558
2019-05-22 10:35:00,0.0013101895650227864
2019-05-22 10:40:00,0.0012691020965576172
2019-05-22 10:45:00,0.001228014628092448
2019-05-22 10:50:00,0.0011869271596272786
2019-05-22 10:55:00,0.0011458396911621094
2019-05-22 11:00:00,0.0011047522226969402
2019-05-22 11:05:00,0.0010636647542317708
2019-05-22 11:10:00,0.0010225772857666016
2019-05-22 11:15:00,0.0009814898173014321
2019-05-22 11:20:00,0.000940402348836263
2019-05-22 11:25:00,0.0008993148803710938
2019-05-22 11:30:00,0.0028400421142578125
2019-05-22 11:35:00,0.004780769348144531
2019-05-22 11:40:00,0.00672149658203125
2019-05-22 11:45:00,0.007944742838541666
2019-05-22 11:50:00,0.009167989095052082
2019-05-22 11:55:00,0.0103912353515625
2019-05-22 12:00:00,0.011614481608072916
2019-05-22 12:05:00,0.012837727864583332
2019-05-22 12:10:00,0.01406097412109375
2019-05-22 12:15:00,0.015284220377604166
2019-05-22 12:20:00,0.016507466634114582
2019-05-22 12:25:00,0.017730712890625
2019-05-22 12:30:00,0.011868476867675781
2019-05-22 12:35:00,0.0060062408447265625
2019-05-22 12:40:00,0.00014400482177734375
2019-05-22 12:45:00,0.00010091167385295286
2019-05-22 12:50:00,0.020782470703125
2019-05-22 12:55:00,0.0173187255859375
2019-05-22 13:00:00,0.01385498046875
2019-05-22 13:05:00,0.0103912353515625
2019-05-22 13:10:00,0.006927490234375
2019-05-22 13:15:00,0.0034637451171875
2019-05-22 13:20:00,0.0
2019-05-22 13:25:00,0.001621246337890625
2019-05-22 13:30:00,0.00324249267578125
2019-05-22 13:35:00,0.03228759765625
2019-05-22 13:40:00,0.026086807250976562
2019-05-22 13:45:00,0.019886016845703125
2019-05-22 13:50:00,0.013685226440429688
2019-05-22 13:55:00,0.00748443603515625
2019-05-22 14:00:00,0.007567935519748264
2019-05-22 14:05:00,0.007651435004340278
2019-05-22 14:10:00,0.007734934488932292
2019-05-22 14:15:00,0.007818433973524306
2019-05-22 14:20:00,0.007901933458116319
2019-05-22 14:25:00,0.007985432942708334
2019-05-22 14:30:00,0.008068932427300347
2019-05-22 14:35:00,0.008152431911892362
2019-05-22 14:40:00,0.008235931396484375
2019-05-22 14:45:00,0.008319430881076388
2019-05-22 14:50:00,0.008402930365668403
2019-05-22 14:55:00,0.008486429850260416
2019-05-22 15:00:00,0.008569929334852431
2019-05-22 15:05:00,0.008653428819444444
2019-05-22 15:10:00,0.008736928304036459
2019-05-22 15:15:00,0.008820427788628472
2019-05-22 15:20:00,0.008903927273220487
2019-05-22 15:25:00,0.0089874267578125
2019-05-22 15:30:00,0.009473821851942274
2019-05-22 15:35:00,0.00996021694607205
2019-05-22 15:40:00,0.010446612040201824
2019-05-22 15:45:00,0.010086619059244793
2019-05-22 15:50:00,0.00972662607828776
2019-05-22 15:55:00,0.00936663309733073
2019-05-22 16:00:00,0.009006640116373699
2019-05-22 16:05:00,0.008646647135416666
2019-05-22 16:10:00,0.019948323567708336
2019-05-22 16:15:00,0.03125
2019-05-22 16:20:00,0.0255889892578125
2019-05-22 16:25:00,0.019927978515625
2019-05-22 16:30:00,0.0142669677734375
2019-05-22 16:35:00,0.00860595703125
2019-05-22 16:40:00,0.010984396934509278
2019-05-22 16:45:00,0.013362836837768555
2019-05-22 16:50:00,0.01122184991836548
2019-05-22 16:55:00,0.009080862998962403
2019-05-22 17:00:00,0.006939876079559326
2019-05-22 17:05:00,0.00479888916015625
2019-05-22 17:10:00,0.0028018951416015625
2019-05-22 17:15:00,0.000804901123046875
2019-05-22 17:20:00,0.015838623046875
2019-05-22 17:25:00,0.00818777084350586
2019-05-22 17:30:00,0.0005369186401367188
2019-05-22 17:35:00,0.002044518788655599
2019-05-22 17:40:00,0.0035521189371744795
2019-05-22 17:45:00,0.005059719085693359
2019-05-22 17:50:00,0.00656731923421224
2019-05-22 17:55:00,0.008074919382731121
2019-05-22 18:00:00,0.00958251953125
2019-05-22 18:05:00,0.004829883575439453
2019-05-22 18:10:00,7.724761962890625e-05
2019-05-22 18:15:00,0.002590656280517578
2019-05-22 18:20:00,0.00510406494140625
2019-05-22 18:25:00,0.00283050537109375
2019-05-22 18:30:00,0.00055694580078125
2019-05-22 18:35:00,0.00044608116149902344
2019-05-22 18:40:00,0.0003352165222167969
2019-05-22 18:45:00,0.0002243518829345703
2019-05-22 18:50:00,0.00011348724365234375
2019-05-22 18:55:00,6.389617919921875e-05
2019-05-22 19:00:00,9.780459933810764e-05
2019-05-22 19:05:00,0.00013171301947699653
2019-05-22 19:10:00,0.0001656214396158854
2019-05-22 19:15:00,0.0001995298597547743
2019-05-22 19:20:00,0.0002334382798936632
2019-05-22 19:25:00,0.00026734670003255207
2019-05-22 19:30:00,0.000301255120171441
2019-05-22 19:35:00,0.0003351635403103299
2019-05-22 19:40:00,0.00036907196044921875
2019-05-22 19:45:00,0.00600433349609375
2019-05-22 19:50:00,0.0103912353515625
2019-05-22 19:55:00,0.01477813720703125
2019-05-22 20:00:00,0.0191650390625
2019-05-22 20:05:00,0.017986297607421875
2019-05-22 20:10:00,0.01680755615234375
2019-05-22 20:15:00,0.015628814697265625
2019-05-22 20:20:00,0.0144500732421875
2019-05-22 20:25:00,0.009297847747802734
2019-05-22 20:30:00,0.004145622253417969
2019-05-22 20:35:00,0.0058765411376953125
2019-05-22 20:40:00,0.007607460021972656
2019-05-22 20:45:00,0.00933837890625
2019-05-22 20:50:00,0.0055999755859375
2019-05-22 20:55:00,0.0016880035400390625
2019-05-22 21:00:00,0.0008840560913085938
2019-05-22 21:05:00,0.010451793670654297
2019-05-22 21:10:00,0.02001953125
2019-05-22 21:15:00,0.011587142944335938
2019-05-22 21:20:00,0.003154754638671875
2019-05-22 21:25:00,0.002135753631591797
2019-05-22 21:30:00,0.0011167526245117188
2019-05-22 21:35:00,0.0006237030029296875
2019-05-22 21:40:00,0.00013065338134765625
2019-05-22 21:45:00,0.00037654240926106774
2019-05-22 21:50:00,0.0006224314371744792
2019-05-22 21:55:00,0.0008683204650878906
2019-05-22 22:00:00,0.0011142094930013022
2019-05-22 22:05:00,0.0013600985209147136
2019-05-22 22:10:00,0.001605987548828125
2019-05-22 22:15:00,0.00090789794921875
2019-05-22 22:20:00,0.0028839111328125
2019-05-22 22:25:00,0.00485992431640625
2019-05-22 22:30:00,0.0011425018310546875
2019-05-22 22:35:00,0.0009036064147949219
2019-05-22 22:40:00,0.0006647109985351562
2019-05-22 22:45:00,0.0004930496215820312
2019-05-22 22:50:00,0.00032138824462890625
2019-05-22 22:55:00,0.0026772022247314453
2019-05-22 23:00:00,0.05945587158203125
2019-05-22 23:05:00,0.03971592585245768
2019-05-22 23:10:00,0.01997598012288411
2019-05-22 23:15:00,0.00023603439331054688
2019-05-22 23:20:00,0.0002713544028145926
2019-05-22 23:25:00,0.0003066744123186384
2019-05-22 23:30:00,0.0003419944218226842
2019-05-22 23:35:00,0.00037731443132672993
2019-05-22 23:40:00,0.0004126344408307757
2019-05-22 23:45:00,0.00044795445033482144
2019-05-22 23:50:00,0.0004832744598388672
2019-05-22 23:55:00,0.000518594469342913
2019-05-23 00:00:00,0.0005539144788469588
2019-05-23 00:05:00,0.0005892344883510045
2019-05-23 00:10:00,0.0006245544978550502
2019-05-23 00:15:00,0.000659874507359096
2019-05-23 00:20:00,0.0006951945168631418
2019-05-23 00:25:00,0.0007305145263671875
2019-05-23 00:30:00,0.00040040697370256694
2019-05-23 00:35:00,0.0021513802664620534
2019-05-23 00:40:00,0.0039023535592215396
2019-05-23 00:45:00,0.005653326851981027
2019-05-23 00:50:00,0.007404300144740513
2019-05-23 00:55:00,0.0091552734375
2019-05-23 01:00:00,0.02537193298339844
2019-05-23 01:05:00,0.04158859252929688
2019-05-23 01:10:00,0.031971549987792974
2019-05-23 01:15:00,0.022354507446289064
2019-05-23 01:20:00,0.01273746490478516
2019-05-23 01:25:00,0.00312042236328125
2019-05-23 01:30:00,0.005786895751953125
2019-05-23 01:35:00,0.008453369140625
2019-05-23 01:40:00,0.00615692138671875
2019-05-23 01:45:00,0.0038604736328125
2019-05-23 01:50:00,0.0020279884338378906
2019-05-23 01:55:00,0.00019550323486328125
2019-05-23 02:00:00,0.00023221969604492188
2019-05-23 02:05:00,0.0002689361572265625
2019-05-23 02:10:00,0.0011126200358072915
2019-05-23 02:15:00,0.0019563039143880205
2019-05-23 02:20:00,0.00279998779296875
2019-05-23 02:25:00,0.00038909912109375
2019-05-23 02:30:00,0.04132080078125
2019-05-23 02:35:00,0.03622007369995117
2019-05-23 02:40:00,0.031119346618652344
2019-05-23 02:45:00,0.026018619537353516
2019-05-23 02:50:00,0.020917892456054688
2019-05-23 02:55:00,0.01581716537475586
2019-05-23 03:00:00,0.010716438293457031
2019-05-23 03:05:00,0.005615711212158203
2019-05-23 03:10:00,0.000514984130859375
2019-05-23 03:15:00,0.01566314697265625
2019-05-23 03:20:00,0.030811309814453125
2019-05-23 03:25:00,0.04595947265625
2019-05-23 03:30:00,0.0005886077880859375
2019-05-23 03:35:00,0.0009539689474958714
2019-05-23 03:40:00,0.0005113167491385607
2019-05-23 03:45:00,6.866455078125e-05
2019-05-23 03:50:00,0.00011577606201171876
2019-05-23 03:55:00,0.0001628875732421875
2019-05-23 04:00:00,0.00020999908447265624
2019-05-23 04:05:00,0.000257110595703125
2019-05-23 04:10:00,0.00030422210693359375
2019-05-23 04:15:00,0.0004010200500488281
2019-05-23 04:20:00,0.0004978179931640625
2019-05-23 04:25:00,0.13426685333251953
2019-05-23 04:30:00,0.268035888671875
2019-05-23 04:35:00,0.007904052734375
2019-05-23 04:40:00,0.0052979787190755205
2019-05-23 04:45:00,0.002691904703776041
2019-05-23 04:50:00,8.58306884765625e-05
2019-05-23 04:55:00,0.003513336181640625
2019-05-23 05:00:00,0.009828567504882812
2019-05-23 05:05:00,0.016143798828125
2019-05-23 05:10:00,0.012616157531738281
2019-05-23 05:15:00,0.009088516235351562
2019-05-23 05:20:00,0.005560874938964844
2019-05-23 05:25:00,0.002033233642578125
2019-05-23 05:30:00,0.0036468505859375
2019-05-23 05:35:00,0.005260467529296875
2019-05-23 05:40:00,0.00687408447265625
2019-05-23 05:45:00,0.008487701416015625
2019-05-23 05:50:00,0.010101318359375
2019-05-23 05:55:00,0.008858489990234374
2019-05-23 06:00:00,0.00761566162109375
2019-05-23 06:05:00,0.006372833251953125
2019-05-23 06:10:00,0.0051300048828125
2019-05-23 06:15:00,0.003887176513671875
2019-05-23 06:20:00,0.003023862838745117
2019-05-23 06:25:00,0.0021605491638183594
2019-05-23 06:30:00,0.0012972354888916016
2019-05-23 06:35:00,0.00043392181396484375
2019-05-23 06:40:00,0.00029754638671875
2019-05-23 06:45:00,0.0025583902994791665
2019-05-23 06:50:00,0.004819234212239583
2019-05-23 06:55:00,0.007080078125
2019-05-23 07:00:00,0.011187076568603516
2019-05-23 07:05:00,0.0003795623779296875
2019-05-23 07:10:00,0.0010045369466145835
2019-05-23 07:15:00,0.0016295115152994792
2019-05-23 07:20:00,0.002254486083984375
2019-05-23 07:25:00,0.0037736892700195312
2019-05-23 07:30:00,0.0052928924560546875
2019-05-23 07:35:00,0.006812095642089844
2019-05-23 07:40:00,0.008331298828125
2019-05-23 07:45:00,0.0088958740234375
2019-05-23 07:50:00,0.00946044921875
2019-05-23 07:55:00,0.0100250244140625
2019-05-23 08:00:00,0.010589599609375
2019-05-23 08:05:00,0.0111541748046875
2019-05-23 08:10:00,0.009678522745768229
2019-05-23 08:15:00,0.008202870686848957
2019-05-23 08:20:00,0.0067272186279296875
2019-05-23 08:25:00,0.005251566569010416
2019-05-23 08:30:00,0.0037759145100911455
2019-05-23 08:35:00,0.002300262451171875
2019-05-23 08:40:00,0.0011501312255859375
2019-05-23 08:45:00,0.0
2019-05-23 08:50:00,0.0009412765502929688
2019-05-23 08:55:00,0.0007892608642578125
2019-05-23 09:00:00,0.0006372451782226563
2019-05-23 09:05:00,0.0004852294921875
2019-05-23 09:10:00,0.00033321380615234384
2019-05-23 09:15:00,0.0001811981201171875
2019-05-23 09:20:00,0.00017261505126953125
2019-05-23 09:25:00,0.000164031982421875
2019-05-23 09:30:00,0.00015544891357421875
2019-05-23 09:35:00,0.00121307373046875
2019-05-23 09:40:00,0.0100860595703125
2019-05-23 09:45:00,0.006824493408203125
2019-05-23 09:50:00,0.00356292724609375
2019-05-23 09:55:00,0.000301361083984375
2019-05-23 10:00:00,0.0016279220581054688
2019-05-23 10:05:00,0.0029544830322265625
2019-05-23 10:10:00,0.004281044006347656
2019-05-23 10:15:00,0.00560760498046875
2019-05-23 10:20:00,0.0036878585815429688
2019-05-23 10:25:00,0.0017681121826171875
2019-05-23 10:30:00,0.000331878662109375
2019-05-23 10:35:00,0.0419921875
2019-05-23 10:40:00,0.035049120585123696
2019-05-23 10:45:00,0.028106053670247398
2019-05-23 10:50:00,0.021162986755371094
2019-05-23 10:55:00,0.014219919840494793
2019-05-23 11:00:00,0.007276852925618492
2019-05-23 11:05:00,0.0003337860107421875
2019-05-23 11:10:00,0.00054931640625
2019-05-23 11:15:00,0.0007648468017578125
2019-05-23 11:20:00,0.000980377197265625
2019-05-23 11:25:00,0.0011959075927734375
2019-05-23 11:30:00,0.00141143798828125
2019-05-23 11:35:00,0.0016269683837890625
2019-05-23 11:40:00,0.023871103922526043
2019-05-23 11:45:00,0.04611523946126302
2019-05-23 11:50:00,0.068359375
2019-05-23 11:55:00,0.0040130615234375
2019-05-23 12:00:00,0.00321044921875
2019-05-23 12:05:00,0.0024078369140625
2019-05-23 12:10:00,0.0016052246093749998
2019-05-23 12:15:00,0.0008026123046874999
2019-05-23 12:20:00,0.0
2019-05-23 12:25:00,0.003879547119140625
2019-05-23 12:30:00,0.00775909423828125
2019-05-23 12:35:00,0.006961149081849216
2019-05-23 12:40:00,0.00616320392541718
2019-05-23 12:45:00,0.005365258768985146
2019-05-23 12:50:00,0.004567313612553111
2019-05-23 12:55:00,0.003769368456121076
2019-05-23 13:00:00,0.0029714232996890418
2019-05-23 13:05:00,0.003333221402084618
2019-05-23 13:10:00,0.0036950195044801945
2019-05-23 13:15:00,0.004056817606875771
2019-05-23 13:20:00,0.004418615709271347
2019-05-23 13:25:00,0.004780413811666924
2019-05-23 13:30:00,0.0051422119140625
2019-05-23 13:35:00,0.00678253173828125
2019-05-23 13:40:00,0.007246653238932292
2019-05-23 13:45:00,0.007710774739583333
2019-05-23 13:50:00,0.008174896240234375
2019-05-23 13:55:00,0.008639017740885416
2019-05-23 14:00:00,0.009103139241536459
2019-05-23 14:05:00,0.0095672607421875
2019-05-23 14:10:00,0.005796909332275391
2019-05-23 14:15:00,0.0020265579223632812
2019-05-23 14:20:00,0.002084493637084961
2019-05-23 14:25:00,0.0021424293518066406
2019-05-23 14:30:00,0.0022003650665283203
2019-05-23 14:35:00,0.00225830078125
2019-05-23 14:40:00,0.0012641386552290483
2019-05-23 14:45:00,0.00026997652920809657
2019-05-23 14:50:00,0.0002719922499223189
2019-05-23 14:55:00,0.0002740079706365412
2019-05-23 15:00:00,0.0002760236913507635
2019-05-23 15:05:00,0.00027803941206498576
2019-05-23 15:10:00,0.00028005513277920807
2019-05-23 15:15:00,0.0002820708534934304
2019-05-23 15:20:00,0.0002840865742076527
2019-05-23 15:25:00,0.000286102294921875
2019-05-23 15:30:00,0.0006399154663085938
2019-05-23 15:35:00,0.0009937286376953125
2019-05-23 15:40:00,0.013512611389160156
2019-05-23 15:45:00,0.026031494140625
2019-05-23 15:50:00,0.015422821044921875
2019-05-23 15:55:00,0.00481414794921875
2019-05-23 16:00:00,0.0007734298706054688
2019-05-23 16:05:00,0.00038814544677734375
2019-05-23 16:10:00,2.86102294921875e-06
2019-05-23 16:15:00,0.001246770222981771
2019-05-23 16:20:00,0.002490679423014323
2019-05-23 16:25:00,0.003734588623046875
2019-05-23 16:30:00,0.006943702697753906
2019-05-23 16:35:00,0.010152816772460938
2019-05-23 16:40:00,0.013361930847167969
2019-05-23 16:45:00,0.016571044921875
2019-05-23 16:50:00,0.013885498046875
2019-05-23 16:55:00,0.011199951171875
2019-05-23 17:00:00,0.01168060302734375
2019-05-23 17:05:00,0.0121612548828125
2019-05-23 17:10:00,0.0013065338134765625
2019-05-23 17:15:00,0.0011105537414550781
2019-05-23 17:20:00,0.0009145736694335938
2019-05-23 17:25:00,0.010268688201904297
2019-05-23 17:30:00,0.019622802734375
2019-05-23 17:35:00,0.01746400197347005
2019-05-23 17:40:00,0.015305201212565105
2019-05-23 17:45:00,0.013146400451660156
2019-05-23 17:50:00,0.010987599690755209
2019-05-23 17:55:00,0.00882879892985026
2019-05-23 18:00:00,0.0066699981689453125
2019-05-23 18:05:00,0.004511197408040365
2019-05-23 18:10:00,0.002352396647135418
2019-05-23 18:15:00,0.00019359588623046875
2019-05-23 18:20:00,0.0026602745056152344
2019-05-23 18:25:00,0.005126953125
2019-05-23 18:30:00,6.866455078125e-05
2019-05-23 18:35:00,0.0004258155822753906
2019-05-23 18:40:00,0.0007829666137695312
2019-05-23 18:45:00,0.0011401176452636719
2019-05-23 18:50:00,0.0014972686767578125
2019-05-23 18:55:00,0.0011599858601888022
2019-05-23 19:00:00,0.0008227030436197917
2019-05-23 19:05:00,0.00048542022705078125
2019-05-23 19:10:00,0.0003763834635416667
2019-05-23 19:15:00,0.0002673467000325521
2019-05-23 19:20:00,0.0001583099365234375
2019-05-23 19:25:00,0.045553354116586536
2019-05-23 19:30:00,0.03104400634765625
2019-05-23 19:35:00,0.016962051391601562
2019-05-23 19:40:00,0.002880096435546875
2019-05-23 19:45:00,0.0005350112915039062
2019-05-23 19:50:00,0.0004115104675292969
2019-05-23 19:55:00,0.0002880096435546875
2019-05-23 20:00:00,0.00046062469482421875
2019-05-23 20:05:00,0.004930019378662109
2019-05-23 20:10:00,0.0093994140625
2019-05-23 20:15:00,8.0108642578125e-05
2019-05-23 20:20:00,0.00014909108479817707
2019-05-23 20:25:00,0.00021807352701822916
2019-05-23 20:30:00,0.00028705596923828125
2019-05-23 20:35:00,0.0002814928690592448
2019-05-23 20:40:00,0.0002759297688802083
2019-05-23 20:45:00,0.0002703666687011719
2019-05-23 20:50:00,0.00026480356852213543
2019-05-23 20:55:00,0.00025924046834309894
2019-05-23 21:00:00,0.0002536773681640625
2019-05-23 21:05:00,0.0010712452423878205
2019-05-23 21:10:00,0.0018888131166115783
2019-05-23 21:15:00,0.0027063809908353365
2019-05-23 21:20:00,0.00025653839111328125
2019-05-23 21:25:00,0.010547002156575521
2019-05-23 21:30:00,0.02083746592203776
2019-05-23 21:35:00,0.0311279296875
2019-05-23 21:40:00,0.02082538604736328
2019-05-23 21:45:00,0.010522842407226562
2019-05-23 21:50:00,0.00022029876708984375
2019-05-23 21:55:00,0.0001652240753173828
2019-05-23 22:00:00,0.00011014938354492188
2019-05-23 22:05:00,5.507469177246094e-05
2019-05-23 22:10:00,0.0
2019-05-23 22:15:00,5.578994750976563e-05
2019-05-23 22:20:00,0.00011157989501953126
2019-05-23 22:25:00,0.00016736984252929688
2019-05-23 22:30:00,0.0002231597900390625
2019-05-23 22:35:00,0.0015474955240885417
2019-05-23 22:40:00,0.002871831258138021
2019-05-23 22:45:00,0.0041961669921875
2019-05-23 22:50:00,0.00530242919921875
2019-05-23 22:55:00,0.011196136474609375
2019-05-23 23:00:00,0.01708984375
2019-05-23 23:05:00,0.01393585205078125
2019-05-23 23:10:00,0.0107818603515625
2019-05-23 23:15:00,0.00762786865234375
2019-05-23 23:20:00,0.004473876953125001
2019-05-23 23:25:00,0.00131988525390625
2019-05-23 23:30:00,0.00014781951904296875
2019-05-23 23:35:00,0.00017070770263671875
2019-05-23 23:40:00,0.00019359588623046875
2019-05-23 23:45:00,0.00021648406982421875
2019-05-23 23:50:00,0.00023937225341796875
2019-05-23 23:55:00,0.00026226043701171875
2019-05-24 00:00:00,0.0143280029296875
2019-05-24 00:05:00,0.011389732360839844
2019-05-24 00:10:00,0.008451461791992188
2019-05-24 00:15:00,0.005513191223144531
2019-05-24 00:20:00,0.002574920654296875
2019-05-24 00:25:00,0.0022411346435546875
2019-05-24 00:30:00,0.0019073486328125
2019-05-24 00:35:00,0.0015735626220703125
2019-05-24 00:40:00,0.001239776611328125
2019-05-24 00:45:00,0.0009059906005859375
2019-05-24 00:50:00,0.001300811767578125
2019-05-24 00:55:00,0.005292256673177083
2019-05-24 01:00:00,0.009283701578776041
2019-05-24 01:05:00,0.013275146484375
2019-05-24 01:10:00,0.010495185852050781
2019-05-24 01:15:00,0.0077152252197265625
2019-05-24 01:20:00,0.004935264587402344
2019-05-24 01:25:00,0.002155303955078125
2019-05-24 01:30:00,0.00264892578125
2019-05-24 01:35:00,0.003142547607421875
2019-05-24 01:40:00,0.00363616943359375
2019-05-24 01:45:00,0.004129791259765625
2019-05-24 01:50:00,0.0046234130859375
2019-05-24 01:55:00,0.005324840545654297
2019-05-24 02:00:00,0.006026268005371094
2019-05-24 02:05:00,0.006727695465087891
2019-05-24 02:10:00,0.0074291229248046875
2019-05-24 02:15:00,0.006704521179199219
2019-05-24 02:20:00,0.00597991943359375
2019-05-24 02:25:00,0.005255317687988282
2019-05-24 02:30:00,0.004530715942382813
2019-05-24 02:35:00,0.003806114196777344
2019-05-24 02:40:00,0.0030815124511718757
2019-05-24 02:45:00,0.0023569107055664068
2019-05-24 02:50:00,0.0016323089599609378
2019-05-24 02:55:00,0.0009077072143554689
2019-05-24 03:00:00,0.00018310546875
2019-05-24 03:05:00,0.0009258588155110676
2019-05-24 03:10:00,0.0016686121622721353
2019-05-24 03:15:00,0.002411365509033203
2019-05-24 03:20:00,0.010610262552897135
2019-05-24 03:25:00,0.018809159596761067
2019-05-24 03:30:00,0.027008056640625
2019-05-24 03:35:00,0.022216796875
2019-05-24 03:40:00,0.00015926361083984375
2019-05-24 03:45:00,0.0073897043863932295
2019-05-24 03:50:00,0.014620145161946615
2019-05-24 03:55:00,0.0218505859375
2019-05-24 04:00:00,0.012601451913433115
2019-05-24 04:05:00,0.036713265083931586
2019-05-24 04:10:00,0.023453068088840793
2019-05-24 04:15:00,0.01019287109375
2019-05-24 04:20:00,0.0609130859375
2019-05-24 04:25:00,0.0052032470703125
2019-05-24 04:30:00,0.0035937627156575522
2019-05-24 04:35:00,0.0019842783610026045
2019-05-24 04:40:00,0.00037479400634765625
2019-05-24 04:45:00,0.0002791086832682292
2019-05-24 04:50:00,0.0001834233601888021
2019-05-24 04:55:00,8.7738037109375e-05
2019-05-24 05:00:00,0.00032806396484375
2019-05-24 05:05:00,0.0035958290100097656
2019-05-24 05:10:00,0.006179690361022949
2019-05-24 05:15:00,0.008763551712036133
2019-05-24 05:20:00,0.011347413063049316
2019-05-24 05:25:00,0.0139312744140625
2019-05-24 05:30:00,0.003696441650390625
2019-05-24 05:35:00,0.0024290084838867188
2019-05-24 05:40:00,0.0011615753173828125
2019-05-24 05:45:00,0.0007615089416503906
2019-05-24 05:50:00,0.00036144256591796875
2019-05-24 05:55:00,0.0006847381591796875
2019-05-24 06:00:00,0.0012681143624441965
2019-05-24 06:05:00,0.0018514905657087053
2019-05-24 06:10:00,0.002434866768973214
2019-05-24 06:15:00,0.003018242972237723
2019-05-24 06:20:00,0.003601619175502232
2019-05-24 06:25:00,0.004184995378766741
2019-05-24 06:30:00,0.00476837158203125
2019-05-24 06:35:00,0.004104137420654297
2019-05-24 06:40:00,0.0034399032592773438
2019-05-24 06:45:00,0.00733184814453125
2019-05-24 06:50:00,0.0047359466552734375
2019-05-24 06:55:00,0.002140045166015625
2019-05-24 07:00:00,0.0048351287841796875
2019-05-24 07:05:00,0.00753021240234375
2019-05-24 07:10:00,0.0
2019-05-24 07:15:00,0.00020345052083333334
2019-05-24 07:20:00,0.0004069010416666667
2019-05-24 07:25:00,0.0006103515625
2019-05-24 07:30:00,0.00706787109375
2019-05-24 07:35:00,0.013525390625
2019-05-24 07:40:00,0.019982910156250002
2019-05-24 07:45:00,0.0264404296875
2019-05-24 07:50:00,0.03289794921875
2019-05-24 07:55:00,0.040802001953125
2019-05-24 08:00:00,0.0487060546875
2019-05-24 08:05:00,0.027446746826171875
2019-05-24 08:10:00,0.00618743896484375
2019-05-24 08:15:00,0.032958984375
2019-05-24 08:20:00,0.00026607513427734375
2019-05-24 08:25:00,0.003968477249145508
2019-05-24 08:30:00,0.007670879364013672
2019-05-24 08:35:00,0.011373281478881836
2019-05-24 08:40:00,0.01507568359375
2019-05-24 08:45:00,0.019419352213541668
2019-05-24 08:50:00,0.023763020833333336
2019-05-24 08:55:00,0.028106689453125
2019-05-24 09:00:00,0.03245035807291667
2019-05-24 09:05:00,0.036794026692708336
2019-05-24 09:10:00,0.0411376953125
2019-05-24 09:15:00,0.03534276144845145
2019-05-24 09:20:00,0.029547827584402903
2019-05-24 09:25:00,0.023752893720354353
2019-05-24 09:30:00,0.017957959856305807
2019-05-24 09:35:00,0.012163025992257256
2019-05-24 09:40:00,0.006368092128208706
2019-05-24 09:45:00,0.0005731582641601562
2019-05-24 09:50:00,0.00290679931640625
2019-05-24 09:55:00,0.00018024444580078125
2019-05-24 10:00:00,0.00016021728515625
2019-05-24 10:05:00,0.00014019012451171875
2019-05-24 10:10:00,0.0001201629638671875
2019-05-24 10:15:00,0.00010013580322265625
2019-05-24 10:20:00,8.010864257812499e-05
2019-05-24 10:25:00,6.0081481933593736e-05
2019-05-24 10:30:00,4.00543212890625e-05
2019-05-24 10:35:00,2.002716064453125e-05
2019-05-24 10:40:00,0.0
2019-05-24 10:45:00,0.0015640258789062498
2019-05-24 10:50:00,0.0031280517578124996
2019-05-24 10:55:00,0.00469207763671875
2019-05-24 11:00:00,0.001773834228515625
2019-05-24 11:05:00,0.003918965657552084
2019-05-24 11:10:00,0.006064097086588542
2019-05-24 11:15:00,0.008209228515625
2019-05-24 11:20:00,0.00978851318359375
2019-05-24 11:25:00,0.0113677978515625
2019-05-24 11:30:00,0.005912780761718749
2019-05-24 11:35:00,0.000457763671875
2019-05-24 11:40:00,0.01627349853515625
2019-05-24 11:45:00,0.0320892333984375
2019-05-24 11:50:00,0.04790496826171875
2019-05-24 11:55:00,0.063720703125
2019-05-24 12:00:00,0.05321078830295139
2019-05-24 12:05:00,0.042700873480902776
2019-05-24 12:10:00,0.032190958658854164
2019-05-24 12:15:00,0.016113122304280598
2019-05-24 12:20:00,3.528594970703125e-05
2019-05-24 12:25:00,0.0003662109375
2019-05-24 12:30:00,0.0006971359252929688
2019-05-24 12:35:00,0.0010280609130859375
2019-05-24 12:40:00,0.0013589859008789062
2019-05-24 12:45:00,0.001689910888671875
2019-05-24 12:50:00,0.002162933349609375
2019-05-24 12:55:00,0.002635955810546875
2019-05-24 13:00:00,0.003108978271484375
2019-05-24 13:05:00,0.003582000732421875
2019-05-24 13:10:00,0.01738942464192708
2019-05-24 13:15:00,0.03119684855143229
2019-05-24 13:20:00,0.0450042724609375
2019-05-24 13:25:00,0.003475189208984375
2019-05-24 13:30:00,0.0062366642364083905
2019-05-24 13:35:00,0.0057830810546875
2019-05-24 13:40:00,0.010223388671875
2019-05-24 13:45:00,0.0146636962890625
2019-05-24 13:50:00,0.007389545440673828
2019-05-24 13:55:00,0.00011539459228515625
2019-05-24 14:00:00,7.62939453125e-06
2019-05-24 14:05:00,0.007940673828125
2019-05-24 14:10:00,0.01587371826171875
2019-05-24 14:15:00,0.0238067626953125
2019-05-24 14:20:00,0.03173980712890625
2019-05-24 14:25:00,0.0396728515625
2019-05-24 14:30:00,0.0330810546875
2019-05-24 14:35:00,0.0264892578125
2019-05-24 14:40:00,0.0198974609375
2019-05-24 14:45:00,0.0133056640625
2019-05-24 14:50:00,0.0067138671875
2019-05-24 14:55:00,0.0001220703125
2019-05-24 15:00:00,0.00017038981119791666
2019-05-24 15:05:00,0.00021870930989583332
2019-05-24 15:10:00,0.00026702880859375
2019-05-24 15:15:00,0.00031534830729166663
2019-05-24 15:20:00,0.0003636678059895833
2019-05-24 15:25:00,0.0004119873046875
2019-05-24 15:30:00,0.00921420142764137
2019-05-24 15:35:00,0.01801641555059524
2019-05-24 15:40:00,0.02681862967354911
2019-05-24 15:45:00,0.03562084379650298
2019-05-24 15:50:00,0.044423057919456846
2019-05-24 15:55:00,0.0008846282958984375
2019-05-24 16:00:00,0.003150653839111328
2019-05-24 16:05:00,0.005416679382324219
2019-05-24 16:10:00,0.007682704925537109
2019-05-24 16:15:00,0.00994873046875
2019-05-24 16:20:00,0.00263214111328125
2019-05-24 16:25:00,0.00084686279296875
2019-05-24 16:30:00,0.0028533935546875
2019-05-24 16:35:00,0.00485992431640625
2019-05-24 16:40:00,0.004447638988494873
2019-05-24 16:45:00,0.004035353660583496
2019-05-24 16:50:00,0.003623068332672119
2019-05-24 16:55:00,0.003210783004760742
2019-05-24 17:00:00,0.0027984976768493652
2019-05-24 17:05:00,0.0023862123489379883
2019-05-24 17:10:00,0.0019739270210266113
2019-05-24 17:15:00,0.0015616416931152344
2019-05-24 17:20:00,0.0015897750854492188
2019-05-24 17:25:00,0.0016179084777832031
2019-05-24 17:30:00,0.0016460418701171875
2019-05-24 17:35:00,6.103515625e-05
2019-05-24 17:40:00,0.0003037452697753906
2019-05-24 17:45:00,0.0005464553833007812
2019-05-24 17:50:00,0.018632888793945312
2019-05-24 17:55:00,0.0027899742126464844
2019-05-24 18:00:00,0.00617822011311849
2019-05-24 18:05:00,0.009566466013590496
2019-05-24 18:10:00,0.0129547119140625
2019-05-24 18:15:00,0.03414312998453776
2019-05-24 18:20:00,0.014892578125
2019-05-24 18:25:00,0.0
2019-05-24 18:30:00,5.038579305013021e-05
2019-05-24 18:35:00,0.00010077158610026042
2019-05-24 18:40:00,0.00015115737915039062
2019-05-24 18:45:00,0.00020154317220052084
2019-05-24 18:50:00,0.00025192896525065106
2019-05-24 18:55:00,0.00030231475830078125
2019-05-24 19:00:00,0.019548416137695312
2019-05-24 19:05:00,0.009928226470947266
2019-05-24 19:10:00,0.00030803680419921875
2019-05-24 19:15:00,0.005110931396484376
2019-05-24 19:20:00,0.009913825988769533
2019-05-24 19:25:00,0.014716720581054688
2019-05-24 19:30:00,0.019519615173339847
2019-05-24 19:35:00,0.024322509765625
2019-05-24 19:40:00,0.0006513595581054688
2019-05-24 19:45:00,0.0003037452697753906
2019-05-24 19:50:00,0.0002638498942057292
2019-05-24 19:55:00,0.0002239545186360677
2019-05-24 20:00:00,0.00018405914306640625
2019-05-24 20:05:00,0.07787639338795732
2019-05-24 20:10:00,8.487701416015625e-05
2019-05-24 20:15:00,0.002588653564453125
2019-05-24 20:20:00,0.005092430114746094
2019-05-24 20:25:00,0.007596206665039063
2019-05-24 20:30:00,0.010099983215332032
2019-05-24 20:35:00,0.012603759765625
2019-05-24 20:40:00,0.010503133138020832
2019-05-24 20:45:00,0.008402506510416666
2019-05-24 20:50:00,0.0063018798828125
2019-05-24 20:55:00,0.004201253255208332
2019-05-24 21:00:00,0.002100626627604166
2019-05-24 21:05:00,0.0
2019-05-24 21:10:00,0.0013408660888671875
2019-05-24 21:15:00,0.002681732177734375
2019-05-24 21:20:00,0.0018339157104492188
2019-05-24 21:25:00,0.0009860992431640625
2019-05-24 21:30:00,0.004645029703776041
2019-05-24 21:35:00,0.00830396016438802
2019-05-24 21:40:00,0.011962890625
2019-05-24 21:45:00,0.009195327758789062
2019-05-24 21:50:00,0.006427764892578125
2019-05-24 21:55:00,0.0036602020263671875
2019-05-24 22:00:00,0.00089263916015625
2019-05-24 22:05:00,0.00077056884765625
2019-05-24 22:10:00,0.00064849853515625
2019-05-24 22:15:00,0.00052642822265625
2019-05-24 22:20:00,0.00040435791015625
2019-05-24 22:25:00,0.00028228759765625
2019-05-24 22:30:00,0.00016021728515625
2019-05-24 22:35:00,0.0081634521484375
2019-05-24 22:40:00,6.580352783203125e-05
2019-05-24 22:45:00,0.0004470348358154297
2019-05-24 22:50:00,0.0008282661437988281
2019-05-24 22:55:00,0.0012094974517822266
2019-05-24 23:00:00,0.001590728759765625
2019-05-24 23:05:00,0.0043048858642578125
2019-05-24 23:10:00,0.00701904296875
2019-05-24 23:15:00,0.003582000732421875
2019-05-24 23:20:00,0.00014495849609375
2019-05-24 23:25:00,0.0004391670227050781
2019-05-24 23:30:00,0.0007333755493164062
2019-05-24 23:35:00,0.0014464855194091797
2019-05-24 23:40:00,0.002159595489501953
2019-05-24 23:45:00,0.0028727054595947266
2019-05-24 23:50:00,0.0035858154296875
2019-05-24 23:55:00,0.0027735233306884766
2019-05-25 00:00:00,0.001961231231689453
2019-05-25 00:05:00,0.0011489391326904297
2019-05-25 00:10:00,0.00033664703369140625
2019-05-25 00:15:00,0.0004520416259765625
2019-05-25 00:20:00,0.0005674362182617188
2019-05-25 00:25:00,0.0002384185791015625
2019-05-25 00:30:00,0.006272633870442708
2019-05-25 00:35:00,0.012306849161783854
2019-05-25 00:40:00,0.018341064453125
2019-05-25 00:45:00,0.0058746337890625
2019-05-25 00:50:00,0.00293731689453125
2019-05-25 00:55:00,0.0
2019-05-25 01:00:00,0.002635955810546875
2019-05-25 01:05:00,0.0013179779052734375
2019-05-25 01:10:00,0.0
2019-05-25 01:15:00,0.0002329690115792411
2019-05-25 01:20:00,0.0004659380231584822
2019-05-25 01:25:00,0.0006989070347377232
2019-05-25 01:30:00,0.0009318760463169644
2019-05-25 01:35:00,0.0011648450578962055
2019-05-25 01:40:00,0.0013978140694754465
2019-05-25 01:45:00,0.0016307830810546875
2019-05-25 01:50:00,0.012595176696777344
2019-05-25 01:55:00,0.0235595703125
2019-05-25 02:00:00,0.0007829666137695312
2019-05-25 02:05:00,0.0
2019-05-25 02:10:00,0.00026226043701171875
2019-05-25 02:15:00,0.0005245208740234375
2019-05-25 02:20:00,0.0007867813110351562
2019-05-25 02:25:00,0.001049041748046875
2019-05-25 02:30:00,0.0013113021850585938
2019-05-25 02:35:00,0.0015735626220703125
2019-05-25 02:40:00,0.004094123840332031
2019-05-25 02:45:00,0.00661468505859375
2019-05-25 02:50:00,0.015131632486979168
2019-05-25 02:55:00,0.023648579915364586
2019-05-25 03:00:00,0.03216552734375
2019-05-25 03:05:00,0.02775873456682478
2019-05-25 03:10:00,0.023351941789899557
2019-05-25 03:15:00,0.01894514901297433
2019-05-25 03:20:00,0.01453835623604911
2019-05-25 03:25:00,0.010131563459123884
2019-05-25 03:30:00,0.005724770682198663
2019-05-25 03:35:00,0.0013179779052734375
2019-05-25 03:40:00,0.00631561279296875
2019-05-25 03:45:00,0.011313247680664062
2019-05-25 03:50:00,0.016310882568359372
2019-05-25 03:55:00,0.021308517456054686
2019-05-25 04:00:00,0.02630615234375
2019-05-25 04:05:00,0.013730049133300781
2019-05-25 04:10:00,0.0011539459228515625
2019-05-25 04:15:00,0.04443359375
2019-05-25 04:20:00,0.0638427734375
2019-05-25 04:25:00,0.083251953125
2019-05-25 04:30:00,0.07285833358764648
2019-05-25 04:35:00,0.06246471405029297
2019-05-25 04:40:00,0.05207109451293945
2019-05-25 04:45:00,0.04167747497558594
2019-05-25 04:50:00,0.031283855438232415
2019-05-25 04:55:00,0.0208902359008789
2019-05-25 05:00:00,0.01049661636352539
2019-05-25 05:05:00,0.000102996826171875
2019-05-25 05:10:00,0.0066009521484374995
2019-05-25 05:15:00,0.013098907470703124
2019-05-25 05:20:00,0.01959686279296875
2019-05-25 05:25:00,0.026094818115234373
2019-05-25 05:30:00,0.0325927734375
2019-05-25 05:35:00,0.0065155029296875
2019-05-25 05:40:00,0.0
2019-05-25 05:45:00,3.5921732584635414e-05
2019-05-25 05:50:00,7.184346516927083e-05
2019-05-25 05:55:00,0.00010776519775390625
2019-05-25 06:00:00,0.0016233126322428384
2019-05-25 06:05:00,0.0031388600667317705
2019-05-25 06:10:00,0.004654407501220703
2019-05-25 06:15:00,0.006169954935709635
2019-05-25 06:20:00,0.007685502370198567
2019-05-25 06:25:00,0.0092010498046875
2019-05-25 06:30:00,0.0022753943567690644
2019-05-25 06:35:00,0.008965455967447031
2019-05-25 06:40:00,0.015655517578125
2019-05-25 06:45:00,0.010633786519368488
2019-05-25 06:50:00,0.005612055460611979
2019-05-25 06:55:00,0.0005903244018554688
2019-05-25 07:00:00,0.00045108795166015625
2019-05-25 07:05:00,0.0002651214599609375
2019-05-25 07:10:00,7.915496826171875e-05
2019-05-25 07:15:00,0.002390146255493164
2019-05-25 07:20:00,0.004701137542724609
2019-05-25 07:25:00,0.007012128829956055
2019-05-25 07:30:00,0.0093231201171875
2019-05-25 07:35:00,0.0121917724609375
2019-05-25 07:40:00,0.0120697021484375
2019-05-25 07:45:00,0.0119476318359375
2019-05-25 07:50:00,0.0118255615234375
2019-05-25 07:55:00,0.0117034912109375
2019-05-25 08:00:00,0.0115814208984375
2019-05-25 08:05:00,0.0114593505859375
2019-05-25 08:10:00,0.0113372802734375
2019-05-25 08:15:00,0.0006173597821497797
2019-05-25 08:20:00,0.0010668509726178585
2019-05-25 08:25:00,0.0015163421630859375
2019-05-25 08:30:00,0.0008244514465332031
2019-05-25 08:35:00,0.00013256072998046875
2019-05-25 08:40:00,0.0018963690157289858
2019-05-25 08:45:00,0.003660177301477503
2019-05-25 08:50:00,0.00542398558722602
2019-05-25 08:55:00,0.007187793872974537
2019-05-25 09:00:00,0.02721450240523727
2019-05-25 09:05:00,0.0472412109375
2019-05-25 09:10:00,0.02684783935546875
2019-05-25 09:15:00,0.0064544677734375
2019-05-25 09:20:00,0.00921630859375
2019-05-25 09:25:00,0.0076613206129807696
2019-05-25 09:30:00,0.006106332632211538
2019-05-25 09:35:00,0.0016994476318359375
2019-05-25 09:40:00,0.0081787109375
2019-05-25 09:45:00,0.0
2019-05-25 09:50:00,0.005818684895833334
2019-05-25 09:55:00,0.011637369791666668
2019-05-25 10:00:00,0.0174560546875
2019-05-25 10:05:00,0.00013511245315139358
2019-05-25 10:10:00,0.00153350830078125
2019-05-25 10:15:00,0.00047590925886824325
2019-05-25 10:20:00,8.487701416015625e-05
2019-05-25 10:25:00,0.0062414805094401045
2019-05-25 10:30:00,0.012398084004720053
2019-05-25 10:35:00,0.0185546875
2019-05-25 10:40:00,0.012744903564453125
2019-05-25 10:45:00,0.00693511962890625
2019-05-25 10:50:00,0.001125335693359375
2019-05-25 10:55:00,0.00014972686767578125
2019-05-25 11:00:00,0.0074920654296875
2019-05-25 11:05:00,0.007720947265625
2019-05-25 11:10:00,0.0079498291015625
2019-05-25 11:15:00,0.0081787109375
2019-05-25 11:20:00,0.0084075927734375
2019-05-25 11:25:00,0.008636474609375
2019-05-25 11:30:00,0.006629228591918945
2019-05-25 11:35:00,0.004621982574462891
2019-05-25 11:40:00,0.002614736557006836
2019-05-25 11:45:00,0.0006074905395507812
2019-05-25 11:50:00,0.0006585121154785156
2019-05-25 11:55:00,0.00070953369140625
2019-05-25 12:00:00,0.0007605552673339844
2019-05-25 12:05:00,0.0008115768432617188
2019-05-25 12:10:00,0.0007984638214111328
2019-05-25 12:15:00,0.0007853507995605469
2019-05-25 12:20:00,0.0007722377777099609
2019-05-25 12:25:00,0.000759124755859375
2019-05-25 12:30:00,0.0027627944946289062
2019-05-25 12:35:00,0.0047664642333984375
2019-05-25 12:40:00,0.006770133972167969
2019-05-25 12:45:00,0.0087738037109375
2019-05-25 12:50:00,0.007407200963873612
2019-05-25 12:55:00,0.006040598216809724
2019-05-25 13:00:00,0.004673995469745836
2019-05-25 13:05:00,0.003307392722681949
2019-05-25 13:10:00,0.016448974609375
2019-05-25 13:15:00,0.0164794921875
2019-05-25 13:20:00,0.011804050869411893
2019-05-25 13:25:00,0.0071286095513237845
2019-05-25 13:30:00,0.0024531682332356772
2019-05-25 13:35:00,0.006382302549536985
2019-05-25 13:40:00,0.010311436865838292
2019-05-25 13:45:00,0.014240571182139599
2019-05-25 13:50:00,0.007548485359136205
2019-05-25 13:55:00,0.0008563995361328125
2019-05-25 14:00:00,0.0023107528686523438
2019-05-25 14:05:00,0.003765106201171875
2019-05-25 14:10:00,0.0020599365234375
2019-05-25 14:15:00,0.0019461313883463542
2019-05-25 14:20:00,0.0018323262532552083
2019-05-25 14:25:00,0.0017185211181640625
2019-05-25 14:30:00,0.0016047159830729167
2019-05-25 14:35:00,0.001490910847981771
2019-05-25 14:40:00,0.001377105712890625
2019-05-25 14:45:00,0.001263300577799479
2019-05-25 14:50:00,0.0011494954427083335
2019-05-25 14:55:00,0.0010356903076171875
2019-05-25 15:00:00,0.0011348724365234375
2019-05-25 15:05:00,0.001466989517211914
2019-05-25 15:10:00,0.0017991065979003906
2019-05-25 15:15:00,0.002131223678588867
2019-05-25 15:20:00,0.0024633407592773438
2019-05-25 15:25:00,0.0027954578399658203
2019-05-25 15:30:00,0.003127574920654297
2019-05-25 15:35:00,0.0034596920013427734
2019-05-25 15:40:00,0.00379180908203125
2019-05-25 15:45:00,0.003132007180190668
2019-05-25 15:50:00,0.002472205278350086
2019-05-25 15:55:00,0.0018124033765095035
2019-05-25 16:00:00,0.0011526014746689214
2019-05-25 16:05:00,0.0004927995728283394
2019-05-25 16:10:00,0.000463862971561711
2019-05-25 16:15:00,0.00043492637029508266
2019-05-25 16:20:00,0.0004059897690284543
2019-05-25 16:25:00,0.00037705316776182594
2019-05-25 16:30:00,0.0003481165664951976
2019-05-25 16:35:00,0.0003191799652285692
2019-05-25 16:40:00,0.00029024336396194086
2019-05-25 16:45:00,0.0002613067626953125
2019-05-25 16:50:00,0.003398895263671875
2019-05-25 16:55:00,0.0080108642578125
2019-05-25 17:00:00,0.001018524169921875
2019-05-25 17:05:00,0.0006462610684908354
2019-05-25 17:10:00,0.0002739979670597957
2019-05-25 17:15:00,0.00018266531137319712
2019-05-25 17:20:00,9.133265568659859e-05
2019-05-25 17:25:00,0.0
2019-05-25 17:30:00,0.030517578125
2019-05-25 17:35:00,0.06103515625
2019-05-25 17:40:00,0.008451598031180245
2019-05-25 17:45:00,0.0074985140845889135
2019-05-25 17:50:00,0.006545430137997582
2019-05-25 17:55:00,0.00559234619140625
2019-05-25 18:00:00,0.002987384796142578
2019-05-25 18:05:00,0.00038242340087890625
2019-05-25 18:10:00,0.0005027034826445998
2019-05-25 18:15:00,0.0006229835644102933
2019-05-25 18:20:00,0.0007432636461759868
2019-05-25 18:25:00,0.0007046816641824288
2019-05-25 18:30:00,0.0006660996821888706
2019-05-25 18:35:00,0.0006275177001953125
2019-05-25 18:40:00,0.0007702509562174479
2019-05-25 18:45:00,0.0009129842122395833
2019-05-25 18:50:00,0.0010557174682617188
2019-05-25 18:55:00,0.001198450724283854
2019-05-25 19:00:00,0.0013411839803059897
2019-05-25 19:05:00,0.001483917236328125
2019-05-25 19:10:00,0.0072601318359375
2019-05-25 19:15:00,0.013036346435546875
2019-05-25 19:20:00,0.01881256103515625
2019-05-25 19:25:00,0.024588775634765626
2019-05-25 19:30:00,0.030364990234375
2019-05-25 19:35:00,0.021067301432291668
2019-05-25 19:40:00,0.017873128255208336
2019-05-25 19:45:00,0.014678955078125
2019-05-25 19:50:00,0.01273040771484375
2019-05-25 19:55:00,0.0107818603515625
2019-05-25 20:00:00,0.008833312988281251
2019-05-25 20:05:00,0.006884765625
2019-05-25 20:10:00,0.00493621826171875
2019-05-25 20:15:00,0.01512908935546875
2019-05-25 20:20:00,0.011380195617675781
2019-05-25 20:25:00,0.0076313018798828125
2019-05-25 20:30:00,0.0038824081420898438
2019-05-25 20:35:00,0.000133514404296875
2019-05-25 20:40:00,0.0106964111328125
2019-05-25 20:45:00,0.00677490234375
2019-05-25 20:50:00,0.0028533935546875
2019-05-25 20:55:00,0.0008172988891601562
2019-05-25 21:00:00,0.005316384633382161
2019-05-25 21:05:00,0.0
2019-05-25 21:10:00,0.001132965087890625
2019-05-25 21:15:00,0.003290125528971354
2019-05-25 21:20:00,0.005447285970052083
2019-05-25 21:25:00,0.007604446411132813
2019-05-25 21:30:00,0.009761606852213542
2019-05-25 21:35:00,0.011918767293294271
2019-05-25 21:40:00,0.014075927734375
2019-05-25 21:45:00,0.26926950307992786
2019-05-25 21:50:00,0.0
2019-05-25 21:55:00,0.00016641616821289062
2019-05-25 22:00:00,0.00033283233642578125
2019-05-25 22:05:00,0.0004992485046386719
2019-05-25 22:10:00,0.0006656646728515625
2019-05-25 22:15:00,0.0008320808410644531
2019-05-25 22:20:00,0.0009984970092773438
2019-05-25 22:25:00,0.0011649131774902344
2019-05-25 22:30:00,0.001331329345703125
2019-05-25 22:35:00,0.008752822875976562
2019-05-25 22:40:00,0.01617431640625
2019-05-25 22:45:00,0.000125885009765625
2019-05-25 22:50:00,0.003558476765950521
2019-05-25 22:55:00,0.006991068522135417
2019-05-25 23:00:00,0.010423660278320312
2019-05-25 23:05:00,0.006949106852213542
2019-05-25 23:10:00,0.0034745534261067714
2019-05-25 23:15:00,0.0
2019-05-25 23:20:00,0.03985595703125
2019-05-25 23:25:00,0.03564453125
2019-05-25 23:30:00,0.03143310546875
2019-05-25 23:35:00,0.0014775594075520833
2019-05-25 23:40:00,0.0023152033487955728
2019-05-25 23:45:00,0.0031528472900390625
2019-05-25 23:50:00,0.003990491231282552
2019-05-25 23:55:00,0.004828135172526042
2019-05-26 00:00:00,0.005665779113769531
2019-05-26 00:05:00,0.0065034230550130205
2019-05-26 00:10:00,0.00734106699625651
2019-05-26 00:15:00,0.0081787109375
2019-05-26 00:20:00,0.01084136962890625
2019-05-26 00:25:00,0.0135040283203125
2019-05-26 00:30:00,0.01616668701171875
2019-05-26 00:35:00,0.018829345703125
2019-05-26 00:40:00,0.02149200439453125
2019-05-26 00:45:00,0.0241546630859375
2019-05-26 00:50:00,0.02681732177734375
2019-05-26 00:55:00,0.02947998046875
2019-05-26 01:00:00,0.026957194010416668
2019-05-26 01:05:00,0.024434407552083332
2019-05-26 01:10:00,0.02191162109375
2019-05-26 01:15:00,0.019388834635416664
2019-05-26 01:20:00,0.016866048177083336
2019-05-26 01:25:00,0.01434326171875
2019-05-26 01:30:00,0.038299560546875
2019-05-26 01:35:00,0.062255859375
2019-05-26 01:40:00,0.050084686279296874
2019-05-26 01:45:00,0.03791351318359375
2019-05-26 01:50:00,0.025742340087890628
2019-05-26 01:55:00,0.013571166992187501
2019-05-26 02:00:00,0.001399993896484375
2019-05-26 02:05:00,0.0007991790771484376
2019-05-26 02:10:00,0.0001983642578125
2019-05-26 02:15:00,0.0013751983642578125
2019-05-26 02:20:00,0.002552032470703125
2019-05-26 02:25:00,0.0037288665771484375
2019-05-26 02:30:00,0.00490570068359375
2019-05-26 02:35:00,0.0060825347900390625
2019-05-26 02:40:00,0.005330657958984375
2019-05-26 02:45:00,0.004578781127929687
2019-05-26 02:50:00,0.0038269042968749997
2019-05-26 02:55:00,0.0030750274658203126
2019-05-26 03:00:00,0.002323150634765625
2019-05-26 03:05:00,0.00264739990234375
2019-05-26 03:10:00,0.002971649169921875
2019-05-26 03:15:00,0.0032958984375
2019-05-26 03:20:00,0.003620147705078125
2019-05-26 03:25:00,0.0024347305297851562
2019-05-26 03:30:00,0.0012493133544921875
2019-05-26 03:35:00,6.389617919921875e-05
2019-05-26 03:40:00,0.00594329833984375
2019-05-26 03:45:00,0.010953630719866072
2019-05-26 03:50:00,0.015963963099888394
2019-05-26 03:55:00,0.020974295479910712
2019-05-26 04:00:00,0.025984627859933038
2019-05-26 04:05:00,0.030994960239955356
2019-05-26 04:10:00,0.036005292619977675
2019-05-26 04:15:00,0.041015625
2019-05-26 04:20:00,0.05987548828125
2019-05-26 04:25:00,0.0464935302734375
2019-05-26 04:30:00,0.033111572265625
2019-05-26 04:35:00,0.0197296142578125
2019-05-26 04:40:00,0.00634765625
2019-05-26 04:45:00,0.010843912760416668
2019-05-26 04:50:00,0.015340169270833334
2019-05-26 04:55:00,0.01983642578125
2019-05-26 05:00:00,0.024332682291666668
2019-05-26 05:05:00,0.028828938802083336
2019-05-26 05:10:00,0.0333251953125
2019-05-26 05:15:00,0.016844749450683594
2019-05-26 05:20:00,0.0003643035888671875
2019-05-26 05:25:00,0.04718017578125
2019-05-26 05:30:00,0.03399658203125
2019-05-26 05:35:00,0.023305257161458332
2019-05-26 05:40:00,0.012613932291666664
2019-05-26 05:45:00,0.001922607421875
2019-05-26 05:50:00,0.00128173828125
2019-05-26 05:55:00,0.000640869140625
2019-05-26 06:00:00,0.0
2019-05-26 06:05:00,0.00015290578206380207
2019-05-26 06:10:00,0.00030581156412760413
2019-05-26 06:15:00,0.00045871734619140625
2019-05-26 06:20:00,0.0023849010467529297
2019-05-26 06:25:00,0.004311084747314453
2019-05-26 06:30:00,0.0062372684478759766
2019-05-26 06:35:00,0.0081634521484375
2019-05-26 06:40:00,0.004964192708333334
2019-05-26 06:45:00,0.0017649332682291667
2019-05-26 06:50:00,7.724761962890625e-05
2019-05-26 06:55:00,0.0030595064163208008
2019-05-26 07:00:00,0.006041765213012695
2019-05-26 07:05:00,0.00902402400970459
2019-05-26 07:10:00,0.012006282806396484
2019-05-26 07:15:00,0.009214043617248535
2019-05-26 07:20:00,0.006421804428100586
2019-05-26 07:25:00,0.0036295652389526367
2019-05-26 07:30:00,0.0008373260498046875
2019-05-26 07:35:00,0.00014400482177734375
2019-05-26 07:40:00,0.0002680778503417969
2019-05-26 07:45:00,0.00039215087890625
2019-05-26 07:50:00,0.0005162239074707031
2019-05-26 07:55:00,0.0006402969360351562
2019-05-26 08:00:00,0.0007643699645996094
2019-05-26 08:05:00,0.0008884429931640625
2019-05-26 08:10:00,0.0010125160217285157
2019-05-26 08:15:00,0.0011365890502929687
2019-05-26 08:20:00,0.001260662078857422
2019-05-26 08:25:00,0.001384735107421875
2019-05-26 08:30:00,0.000263214111328125
2019-05-26 08:35:00,0.0052947998046875
2019-05-26 08:40:00,0.015187581380208332
2019-05-26 08:45:00,0.025080362955729164
2019-05-26 08:50:00,0.03497314453125
2019-05-26 08:55:00,0.026257038116455078
2019-05-26 09:00:00,0.017540931701660156
2019-05-26 09:05:00,0.008824825286865234
2019-05-26 09:10:00,0.0001087188720703125
2019-05-26 09:15:00,0.00013136863708496094
2019-05-26 09:20:00,0.00015401840209960938
2019-05-26 09:25:00,0.0001766681671142578
2019-05-26 09:30:00,0.00019931793212890625
2019-05-26 09:35:00,0.0002219676971435547
2019-05-26 09:40:00,0.0002446174621582031
2019-05-26 09:45:00,0.00026726722717285156
2019-05-26 09:50:00,0.0002899169921875
2019-05-26 09:55:00,0.00031256675720214844
2019-05-26 10:00:00,0.0003352165222167969
2019-05-26 10:05:00,0.0003578662872314453
2019-05-26 10:10:00,0.00038051605224609375
2019-05-26 10:15:00,0.0016040802001953125
2019-05-26 10:20:00,0.0028276443481445312
2019-05-26 10:25:00,0.00405120849609375
2019-05-26 10:30:00,0.00052642822265625
2019-05-26 10:35:00,0.01580810546875
2019-05-26 10:40:00,0.0007686614990234375
2019-05-26 10:45:00,0.01485577751608456
2019-05-26 10:50:00,0.002227783203125
2019-05-26 10:55:00,0.005370071115106923
2019-05-26 11:00:00,0.008512359027088846
2019-05-26 11:05:00,0.011654646939070768
2019-05-26 11:10:00,0.014796934851052691
2019-05-26 11:15:00,0.017939222763034612
2019-05-26 11:20:00,0.021081510675016537
2019-05-26 11:25:00,0.024223798586998458
2019-05-26 11:30:00,0.009552001953125
2019-05-26 11:35:00,0.00906982421875
2019-05-26 11:40:00,0.008587646484375
2019-05-26 11:45:00,0.00810546875
2019-05-26 11:50:00,0.007623291015625
2019-05-26 11:55:00,0.00714111328125
2019-05-26 12:00:00,0.005950927734375
2019-05-26 12:05:00,0.0047607421875
2019-05-26 12:10:00,0.003570556640625
2019-05-26 12:15:00,0.00238037109375
2019-05-26 12:20:00,0.001190185546875
2019-05-26 12:25:00,0.0
2019-05-26 12:30:00,0.00139617919921875
2019-05-26 12:35:00,0.0027923583984375
2019-05-26 12:40:00,0.00418853759765625
2019-05-26 12:45:00,0.005584716796875
2019-05-26 12:50:00,0.00698089599609375
2019-05-26 12:55:00,0.0083770751953125
2019-05-26 13:00:00,0.00977325439453125
2019-05-26 13:05:00,0.01116943359375
2019-05-26 13:10:00,0.01256561279296875
2019-05-26 13:15:00,0.0139617919921875
2019-05-26 13:20:00,0.0127716064453125
2019-05-26 13:25:00,8.869171142578125e-05
2019-05-26 13:30:00,0.0005331039428710938
2019-05-26 13:35:00,0.0002498626708984375
2019-05-26 13:40:00,0.001159985860188802
2019-05-26 13:45:00,0.0020701090494791665
2019-05-26 13:50:00,0.0029802322387695312
2019-05-26 13:55:00,0.01263427734375
2019-05-26 14:00:00,0.009532690048217773
2019-05-26 14:05:00,0.006431102752685547
2019-05-26 14:10:00,0.0033295154571533203
2019-05-26 14:15:00,0.00022792816162109375
2019-05-26 14:20:00,0.0071868896484375
2019-05-26 14:25:00,0.00019931793212890625
2019-05-26 14:30:00,0.017974853515625
2019-05-26 14:35:00,0.013669490814208984
2019-05-26 14:40:00,0.009364128112792969
2019-05-26 14:45:00,0.005058765411376953
2019-05-26 14:50:00,0.0007534027099609375
2019-05-26 14:55:00,0.026177724202473957
2019-05-26 15:00:00,0.05160204569498698
2019-05-26 15:05:00,0.0770263671875
2019-05-26 15:10:00,0.0396575927734375
2019-05-26 15:15:00,0.002288818359375
2019-05-26 15:20:00,0.01495361328125
2019-05-26 15:25:00,0.009185791015625
2019-05-26 15:30:00,0.0107879638671875
2019-05-26 15:35:00,0.01143646240234375
2019-05-26 15:40:00,0.0120849609375
2019-05-26 15:45:00,0.01273345947265625
2019-05-26 15:50:00,0.0133819580078125
2019-05-26 15:55:00,0.024627685546875
2019-05-26 16:00:00,0.0201416015625
2019-05-26 16:05:00,0.01322031021118164
2019-05-26 16:10:00,0.006299018859863281
2019-05-26 16:15:00,0.0036973618624503153
2019-05-26 16:20:00,0.0010957048650373493
2019-05-26 16:25:00,0.0046536008218177275
2019-05-26 16:30:00,0.008211496778598105
2019-05-26 16:35:00,0.011769392735378484
2019-05-26 16:40:00,0.015327288692158863
2019-05-26 16:45:00,0.018885184648939242
2019-05-26 16:50:00,0.02244308060571962
2019-05-26 16:55:00,0.0260009765625
2019-05-26 17:00:00,0.0142974853515625
2019-05-26 17:05:00,0.01021575927734375
2019-05-26 17:10:00,0.006134033203125
2019-05-26 17:15:00,0.00205230712890625
2019-05-26 17:20:00,0.03082275390625
2019-05-26 17:25:00,0.02386474609375
2019-05-26 17:30:00,0.0
2019-05-26 17:35:00,8.131663004557292e-05
2019-05-26 17:40:00,0.00016263326009114583
2019-05-26 17:45:00,0.00024394989013671873
2019-05-26 17:50:00,0.00032526652018229166
2019-05-26 17:55:00,0.00040658315022786457
2019-05-26 18:00:00,0.0004878997802734375
2019-05-26 18:05:00,0.0003516515096028646
2019-05-26 18:10:00,0.00021540323893229167
2019-05-26 18:15:00,7.915496826171875e-05
2019-05-26 18:20:00,0.0015724182128906252
2019-05-26 18:25:00,0.0030656814575195316
2019-05-26 18:30:00,0.004558944702148438
2019-05-26 18:35:00,0.0060522079467773444
2019-05-26 18:40:00,0.00754547119140625
2019-05-26 18:45:00,0.007618151212993421
2019-05-26 18:50:00,0.007690831234580592
2019-05-26 18:55:00,0.007763511256167763
2019-05-26 19:00:00,0.007836191277754935
2019-05-26 19:05:00,0.007908871299342105
2019-05-26 19:10:00,0.007981551320929276
2019-05-26 19:15:00,0.008054231342516448
2019-05-26 19:20:00,0.00812691136410362
2019-05-26 19:25:00,0.00819959138569079
2019-05-26 19:30:00,0.00827227140727796
2019-05-26 19:35:00,0.00834495142886513
2019-05-26 19:40:00,0.008417631450452302
2019-05-26 19:45:00,0.008490311472039474
2019-05-26 19:50:00,0.008562991493626645
2019-05-26 19:55:00,0.008635671515213815
2019-05-26 20:00:00,0.008708351536800987
2019-05-26 20:05:00,0.008781031558388159
2019-05-26 20:10:00,0.008853711579975328
2019-05-26 20:15:00,0.0089263916015625
2019-05-26 20:20:00,0.008265055142916165
2019-05-26 20:25:00,0.0076037186842698315
2019-05-26 20:30:00,0.006942382225623498
2019-05-26 20:35:00,0.006281045766977163
2019-05-26 20:40:00,0.005619709308330829
2019-05-26 20:45:00,0.004958372849684495
2019-05-26 20:50:00,0.004297036391038161
2019-05-26 20:55:00,0.003635699932391827
2019-05-26 21:00:00,0.0029743634737454923
2019-05-26 21:05:00,0.0023130270150991585
2019-05-26 21:10:00,0.0016516905564528239
2019-05-26 21:15:00,0.0009903540978064892
2019-05-26 21:20:00,0.00032901763916015625
2019-05-26 21:25:00,0.000564302716936384
2019-05-26 21:30:00,0.0007995877947126116
2019-05-26 21:35:00,0.0010348728724888395
2019-05-26 21:40:00,0.001270157950265067
2019-05-26 21:45:00,0.0015054430280412947
2019-05-26 21:50:00,0.0017407281058175225
2019-05-26 21:55:00,0.00197601318359375
2019-05-26 22:00:00,0.0
2019-05-26 22:05:00,0.0012376204780910325
2019-05-26 22:10:00,0.0011415688887886379
2019-05-26 22:15:00,0.0010455172994862432
2019-05-26 22:20:00,0.0009494657101838484
2019-05-26 22:25:00,0.0008534141208814538
2019-05-26 22:30:00,0.0007573625315790591
2019-05-26 22:35:00,0.0006613109422766644
2019-05-26 22:40:00,0.0005652593529742697
2019-05-26 22:45:00,0.000469207763671875
2019-05-26 22:50:00,0.03350830078125
2019-05-26 22:55:00,0.032562255859375
2019-05-26 23:00:00,0.0316162109375
2019-05-26 23:05:00,0.030670166015625
2019-05-26 23:10:00,0.031034527402935608
2019-05-26 23:15:00,0.031398888790246215
2019-05-26 23:20:00,0.03176325017755682
2019-05-26 23:25:00,0.032127611564867424
2019-05-26 23:30:00,0.03249197295217803
2019-05-26 23:35:00,0.03285633433948864
2019-05-26 23:40:00,0.00025081634521484375
2019-05-26 23:45:00,0.02056884765625
2019-05-26 23:50:00,0.011579513549804688
2019-05-26 23:55:00,0.002590179443359375
2019-05-27 00:00:00,0.002292875567944826
2019-05-27 00:05:00,0.0019955716925302773
2019-05-27 00:10:00,0.0016982678171157282
2019-05-27 00:15:00,0.0014009639417011794
2019-05-27 00:20:00,0.0011036600662866303
2019-05-27 00:25:00,0.0008063561908720814
2019-05-27 00:30:00,0.0005090523154575325
2019-05-27 00:35:00,0.0003506088451066959
2019-05-27 00:40:00,0.00019216537475585938
2019-05-27 00:45:00,0.003238677978515625
2019-05-27 00:50:00,0.002414703369140625
2019-05-27 00:55:00,0.0037012100219726562
2019-05-27 01:00:00,0.0049877166748046875
2019-05-27 01:05:00,0.006274223327636719
2019-05-27 01:10:00,0.00756072998046875
2019-05-27 01:15:00,0.009380638599395752
2019-05-27 01:20:00,0.007504510879516602
2019-05-27 01:25:00,0.0056283831596374515
2019-05-27 01:30:00,0.0037522554397583004
2019-05-27 01:35:00,0.0018761277198791502
2019-05-27 01:40:00,0.0
2019-05-27 01:45:00,0.00025177001953125
2019-05-27 01:50:00,0.00123138427734375
2019-05-27 01:55:00,0.00221099853515625
2019-05-27 02:00:00,0.0031906127929687503
2019-05-27 02:05:00,0.00417022705078125
2019-05-27 02:10:00,0.00514984130859375
2019-05-27 02:15:00,0.011442820231119791
2019-05-27 02:20:00,0.017735799153645832
2019-05-27 02:25:00,0.024028778076171875
2019-05-27 02:30:00,0.030321756998697914
2019-05-27 02:35:00,0.036614735921223954
2019-05-27 02:40:00,0.04290771484375
2019-05-27 02:45:00,0.03414154052734375
2019-05-27 02:50:00,0.0253753662109375
2019-05-27 02:55:00,0.01660919189453125
2019-05-27 03:00:00,0.007843017578125
2019-05-27 03:05:00,0.007678985595703125
2019-05-27 03:10:00,0.00751495361328125
2019-05-27 03:15:00,0.007350921630859375
2019-05-27 03:20:00,0.0071868896484375
2019-05-27 03:25:00,0.003743648529052734
2019-05-27 03:30:00,0.00030040740966796875
2019-05-27 03:35:00,6.29425048828125e-05
2019-05-27 03:40:00,0.0117034912109375
2019-05-27 03:45:00,0.017120361328125
2019-05-27 03:50:00,0.027242024739583336
2019-05-27 03:55:00,0.03736368815104167
2019-05-27 04:00:00,0.0474853515625
2019-05-27 04:05:00,0.0398162841796875
2019-05-27 04:10:00,0.032147216796875
2019-05-27 04:15:00,0.0244781494140625
2019-05-27 04:20:00,0.016809082031250002
2019-05-27 04:25:00,0.0091400146484375
2019-05-27 04:30:00,0.005828516823904855
2019-05-27 04:35:00,0.0025170189993722098
2019-05-27 04:40:00,0.0016647747584751674
2019-05-27 04:45:00,0.000812530517578125
2019-05-27 04:50:00,0.0016649034288194445
2019-05-27 04:55:00,0.002517276340060764
2019-05-27 05:00:00,0.003369649251302083
2019-05-27 05:05:00,0.004222022162543403
2019-05-27 05:10:00,0.005074395073784722
2019-05-27 05:15:00,0.005926767985026041
2019-05-27 05:20:00,0.006779140896267361
2019-05-27 05:25:00,0.00763151380750868
2019-05-27 05:30:00,0.00848388671875
2019-05-27 05:35:00,0.00160980224609375
2019-05-27 05:40:00,0.0012040138244628906
2019-05-27 05:45:00,0.0007982254028320312
2019-05-27 05:50:00,0.0004572868347167968
2019-05-27 05:55:00,0.0001163482666015625
2019-05-27 06:00:00,0.0003582000732421875
2019-05-27 06:05:00,0.0006000518798828125
2019-05-27 06:10:00,0.0008419036865234376
2019-05-27 06:15:00,0.0010837554931640626
2019-05-27 06:20:00,0.0013256072998046875
2019-05-27 06:25:00,0.016776084899902344
2019-05-27 06:30:00,0.0322265625
2019-05-27 06:35:00,0.02687225341796875
2019-05-27 06:40:00,0.0215179443359375
2019-05-27 06:45:00,0.01616363525390625
2019-05-27 06:50:00,0.010809326171875001
2019-05-27 06:55:00,0.00545501708984375
2019-05-27 07:00:00,0.0
2019-05-27 07:05:00,1.8861558702256945e-05
2019-05-27 07:10:00,3.772311740451389e-05
2019-05-27 07:15:00,5.658467610677083e-05
2019-05-27 07:20:00,7.544623480902778e-05
2019-05-27 07:25:00,9.430779351128472e-05
2019-05-27 07:30:00,0.00011316935221354166
2019-05-27 07:35:00,0.0001320309109157986
2019-05-27 07:40:00,0.00015089246961805556
2019-05-27 07:45:00,0.0001697540283203125
2019-05-27 07:50:00,0.001507123311360677
2019-05-27 07:55:00,0.0028444925944010415
2019-05-27 08:00:00,0.004181861877441406
2019-05-27 08:05:00,0.0055192311604817705
2019-05-27 08:10:00,0.006856600443522136
2019-05-27 08:15:00,0.0081939697265625
2019-05-27 08:20:00,0.0015048777803461603
2019-05-27 08:25:00,0.001214392641757397
2019-05-27 08:30:00,0.0009239075031686336
2019-05-27 08:35:00,0.0006334223645798703
2019-05-27 08:40:00,0.0003429372259911069
2019-05-27 08:45:00,5.245208740234375e-05
2019-05-27 08:50:00,0.01690673828125
2019-05-27 08:55:00,0.01116943359375
2019-05-27 09:00:00,0.0447998046875
2019-05-27 09:05:00,0.034185171127319336
2019-05-27 09:10:00,0.023570537567138672
2019-05-27 09:15:00,0.012955904006958008
2019-05-27 09:20:00,0.0023412704467773438
2019-05-27 09:25:00,0.001593907674153646
2019-05-27 09:30:00,0.000846544901529948
2019-05-27 09:35:00,9.918212890625e-05
2019-05-27 09:40:00,0.00022833687918526785
2019-05-27 09:45:00,0.0003574916294642857
2019-05-27 09:50:00,0.00048664637974330356
2019-05-27 09:55:00,0.0006158011300223214
2019-05-27 10:00:00,0.0007449558803013393
2019-05-27 10:05:00,0.0008741106305803571
2019-05-27 10:10:00,0.001003265380859375
2019-05-27 10:15:00,0.0027643839518229165
2019-05-27 10:20:00,0.004525502522786458
2019-05-27 10:25:00,0.00628662109375
2019-05-27 10:30:00,0.00645294189453125
2019-05-27 10:35:00,0.0066192626953125
2019-05-27 10:40:00,0.00678558349609375
2019-05-27 10:45:00,0.006951904296875
2019-05-27 10:50:00,0.00711822509765625
2019-05-27 10:55:00,0.0002899169921875
2019-05-27 11:00:00,0.01119232177734375
2019-05-27 11:05:00,0.0220947265625
2019-05-27 11:10:00,0.011220932006835936
2019-05-27 11:15:00,0.000347137451171875
2019-05-27 11:20:00,0.0013990402221679688
2019-05-27 11:25:00,0.0024509429931640625
2019-05-27 11:30:00,0.0035028457641601562
2019-05-27 11:35:00,0.00455474853515625
2019-05-27 11:40:00,0.0
2019-05-27 11:45:00,0.002147674560546875
2019-05-27 11:50:00,0.0
2019-05-27 11:55:00,0.018473307291666668
2019-05-27 12:00:00,0.036946614583333336
2019-05-27 12:05:00,0.055419921875
2019-05-27 12:10:00,0.0313720703125
2019-05-27 12:15:00,0.00732421875
2019-05-27 12:20:00,0.006302833557128906
2019-05-27 12:25:00,0.0052814483642578125
2019-05-27 12:30:00,0.004260063171386719
2019-05-27 12:35:00,0.003238677978515625
2019-05-27 12:40:00,0.010009765625
2019-05-27 12:45:00,0.021133536723122667
2019-05-27 12:50:00,0.032257307821245335
2019-05-27 12:55:00,0.02517206751885106
2019-05-27 13:00:00,0.01808682721645678
2019-05-27 13:05:00,0.0110015869140625
2019-05-27 13:10:00,0.005605220794677734
2019-05-27 13:15:00,0.00020885467529296875
2019-05-27 13:20:00,0.0037025368731954823
2019-05-27 13:25:00,0.000370025634765625
2019-05-27 13:30:00,0.0035400390625
2019-05-27 13:35:00,0.0021152496337890625
2019-05-27 13:40:00,0.000690460205078125
2019-05-27 13:45:00,0.00457000732421875
2019-05-27 13:50:00,0.003981272379557292
2019-05-27 13:55:00,0.0033925374348958335
2019-05-27 14:00:00,0.002803802490234375
2019-05-27 14:05:00,0.0015587806701660156
2019-05-27 14:10:00,0.00031375885009765625
2019-05-27 14:15:00,0.0015263557434082031
2019-05-27 14:20:00,0.00273895263671875
2019-05-27 14:25:00,0.001369476318359375
2019-05-27 14:30:00,0.0
2019-05-27 14:35:00,0.00010967254638671875
2019-05-27 14:40:00,0.0002193450927734375
2019-05-27 14:45:00,0.00032901763916015625
2019-05-27 14:50:00,0.000438690185546875
2019-05-27 14:55:00,0.0005483627319335938
2019-05-27 15:00:00,0.0006580352783203125
2019-05-27 15:05:00,0.0010859171549479165
2019-05-27 15:10:00,0.0015137990315755208
2019-05-27 15:15:00,0.001941680908203125
2019-05-27 15:20:00,0.02984619140625
2019-05-27 15:25:00,0.015056610107421875
2019-05-27 15:30:00,0.00026702880859375
2019-05-27 15:35:00,0.0008411407470703125
2019-05-27 15:40:00,0.001415252685546875
2019-05-27 15:45:00,0.013509750366210938
2019-05-27 15:50:00,0.025604248046875
2019-05-27 15:55:00,0.01982593536376953
2019-05-27 16:00:00,0.014047622680664062
2019-05-27 16:05:00,0.008269309997558594
2019-05-27 16:10:00,0.002490997314453125
2019-05-27 16:15:00,0.0061054229736328125
2019-05-27 16:20:00,0.0097198486328125
2019-05-27 16:25:00,0.00024318695068359375
2019-05-27 16:30:00,0.0019570589065551758
2019-05-27 16:35:00,0.003670930862426758
2019-05-27 16:40:00,0.00538480281829834
2019-05-27 16:45:00,0.007098674774169922
2019-05-27 16:50:00,0.00478521982828776
2019-05-27 16:55:00,0.0024717648824055987
2019-05-27 17:00:00,0.0001583099365234375
2019-05-27 17:05:00,0.00214691162109375
2019-05-27 17:10:00,0.004135513305664062
2019-05-27 17:15:00,0.006124114990234375
2019-05-27 17:20:00,0.008112716674804687
2019-05-27 17:25:00,0.010101318359375
2019-05-27 17:30:00,0.00275421142578125
2019-05-27 17:35:00,0.0014481544494628906
2019-05-27 17:40:00,0.00014209747314453125
2019-05-27 17:45:00,0.0002894401550292969
2019-05-27 17:50:00,0.0004367828369140625
2019-05-27 17:55:00,0.006763406351310055
2019-05-27 18:00:00,0.013090029865706048
2019-05-27 18:05:00,0.01941665338010204
2019-05-27 18:10:00,0.008754845821496212
2019-05-27 18:15:00,0.007778149662595806
2019-05-27 18:20:00,0.006801453503695401
2019-05-27 18:25:00,0.005824757344794996
2019-05-27 18:30:00,0.00484806118589459
2019-05-27 18:35:00,0.0038713650269941845
2019-05-27 18:40:00,0.0028946688680937796
2019-05-27 18:45:00,0.0019179727091933737
2019-05-27 18:50:00,0.0009412765502929688
2019-05-27 18:55:00,8.20159912109375e-05
2019-05-27 19:00:00,0.023284912109375
2019-05-27 19:05:00,0.025604248046875
2019-05-27 19:10:00,0.021570124524704953
2019-05-27 19:15:00,0.017536001002534905
2019-05-27 19:20:00,0.01350187748036486
2019-05-27 19:25:00,0.009467753958194814
2019-05-27 19:30:00,0.0
2019-05-27 19:35:00,0.017730712890625
2019-05-27 19:40:00,0.03546142578125
2019-05-27 19:45:00,0.053192138671875
2019-05-27 19:50:00,0.0709228515625
2019-05-27 19:55:00,0.0139617919921875
2019-05-27 20:00:00,0.00458526611328125
2019-05-27 20:05:00,0.005573272705078125
2019-05-27 20:10:00,0.006561279296875
2019-05-27 20:15:00,0.004460334777832031
2019-05-27 20:20:00,0.0023593902587890625
2019-05-27 20:25:00,0.00025844573974609375
2019-05-27 20:30:00,0.0016750706185539848
2019-05-27 20:35:00,0.003091695497361876
2019-05-27 20:40:00,0.004508320376169767
2019-05-27 20:45:00,0.0198974609375
2019-05-27 20:50:00,0.02362060546875
2019-05-27 20:55:00,0.02734375
2019-05-27 21:00:00,0.03106689453125
2019-05-27 21:05:00,0.026647840227399553
2019-05-27 21:10:00,0.022228785923549106
2019-05-27 21:15:00,0.017809731619698663
2019-05-27 21:20:00,0.013390677315848216
2019-05-27 21:25:00,0.008971623011997769
2019-05-27 21:30:00,0.004552568708147322
2019-05-27 21:35:00,0.000133514404296875
2019-05-27 21:40:00,0.0017948150634765625
2019-05-27 21:45:00,0.00345611572265625
2019-05-27 21:50:00,0.0025491714477539062
2019-05-27 21:55:00,0.0016422271728515625
2019-05-27 22:00:00,0.001364898681640625
2019-05-27 22:05:00,0.0010875701904296876
2019-05-27 22:10:00,0.0008102416992187499
2019-05-27 22:15:00,0.0005329132080078125
2019-05-27 22:20:00,0.000255584716796875
2019-05-27 22:25:00,0.00036163330078125
2019-05-27 22:30:00,0.000467681884765625
2019-05-27 22:35:00,0.0005737304687499999
2019-05-27 22:40:00,0.000679779052734375
2019-05-27 22:45:00,0.00078582763671875
2019-05-27 22:50:00,0.0008918762207031249
2019-05-27 22:55:00,0.0009979248046875
2019-05-27 23:00:00,0.001103973388671875
2019-05-27 23:05:00,0.00121002197265625
2019-05-27 23:10:00,0.001316070556640625
2019-05-27 23:15:00,0.0008970896402994791
2019-05-27 23:20:00,0.00047810872395833326
2019-05-27 23:25:00,5.91278076171875e-05
2019-05-27 23:30:00,7.2479248046875e-05
2019-05-27 23:35:00,0.013468742370605469
2019-05-27 23:40:00,0.00638580322265625
2019-05-27 23:45:00,0.004816532135009766
2019-05-27 23:50:00,0.0032472610473632812
2019-05-27 23:55:00,0.0016779899597167969
2019-05-28 00:00:00,0.0001087188720703125
2019-05-28 00:05:00,0.0011954307556152344
2019-05-28 00:10:00,0.001362164815266927
2019-05-28 00:15:00,0.0015288988749186196
2019-05-28 00:20:00,0.0016956329345703125
2019-05-28 00:25:00,0.0035641988118489585
2019-05-28 00:30:00,0.0054327646891276045
2019-05-28 00:35:00,0.00730133056640625
2019-05-28 00:40:00,0.001171112060546875
2019-05-28 00:45:00,0.0224609375
2019-05-28 00:50:00,0.003556034781716087
2019-05-28 00:55:00,0.0032237876545299186
2019-05-28 01:00:00,0.00289154052734375
2019-05-28 01:05:00,0.005007934570312501
2019-05-28 01:10:00,0.0071243286132812505
2019-05-28 01:15:00,0.00924072265625
2019-05-28 01:20:00,0.011357116699218751
2019-05-28 01:25:00,0.0134735107421875
2019-05-28 01:30:00,0.006865024566650391
2019-05-28 01:35:00,0.00025653839111328125
2019-05-28 01:40:00,0.006597995758056641
2019-05-28 01:45:00,0.012939453125
2019-05-28 01:50:00,0.0104522705078125
2019-05-28 01:55:00,0.007965087890625
2019-05-28 02:00:00,0.007360537846883138
2019-05-28 02:05:00,0.0067559878031412755
2019-05-28 02:10:00,0.006151437759399414
2019-05-28 02:15:00,0.005546887715657552
2019-05-28 02:20:00,0.0049423376719156895
2019-05-28 02:25:00,0.004337787628173828
2019-05-28 02:30:00,0.003733237584431966
2019-05-28 02:35:00,0.0031286875406901036
2019-05-28 02:40:00,0.0025241374969482413
2019-05-28 02:45:00,0.00191958745320638
2019-05-28 02:50:00,0.0013150374094645177
2019-05-28 02:55:00,0.0007104873657226562
2019-05-28 03:00:00,0.003792285919189453
2019-05-28 03:05:00,0.00687408447265625
2019-05-28 03:10:00,0.0008296966552734375
2019-05-28 03:15:00,0.010002786462957209
2019-05-28 03:20:00,0.012946872846454594
2019-05-28 03:25:00,0.009708299704477296
2019-05-28 03:30:00,0.0064697265625
2019-05-28 03:35:00,0.00811767578125
2019-05-28 03:40:00,0.00029087066650390625
2019-05-28 03:45:00,0.0155487060546875
2019-05-28 03:50:00,0.014519500732421874
2019-05-28 03:55:00,0.01349029541015625
2019-05-28 04:00:00,0.012461090087890625
2019-05-28 04:05:00,0.011431884765625
2019-05-28 04:10:00,0.010402679443359375
2019-05-28 04:15:00,0.00937347412109375
2019-05-28 04:20:00,0.008344268798828125
2019-05-28 04:25:00,0.0073150634765625
2019-05-28 04:30:00,0.006285858154296876
2019-05-28 04:35:00,0.00525665283203125
2019-05-28 04:40:00,0.0027656555175781246
2019-05-28 04:45:00,0.000274658203125
2019-05-28 04:50:00,0.00018978118896484375
2019-05-28 04:55:00,0.0001049041748046875
2019-05-28 05:00:00,5.245208740234375e-05
2019-05-28 05:05:00,0.0
2019-05-28 05:10:00,0.00018596649169921875
2019-05-28 05:15:00,0.0003719329833984375
2019-05-28 05:20:00,0.0002598762512207031
2019-05-28 05:25:00,0.00014781951904296875
2019-05-28 05:30:00,0.0002894401550292969
2019-05-28 05:35:00,0.000431060791015625
2019-05-28 05:40:00,0.0006802876790364583
2019-05-28 05:45:00,0.0009295145670572916
2019-05-28 05:50:00,0.001178741455078125
2019-05-28 05:55:00,0.0079803466796875
2019-05-28 06:00:00,0.005610148111979167
2019-05-28 06:05:00,0.003239949544270834
2019-05-28 06:10:00,0.0008697509765625
2019-05-28 06:15:00,0.0002002716064453125
2019-05-28 06:20:00,0.00127410888671875
2019-05-28 06:25:00,0.001953125
2019-05-28 06:30:00,0.00263214111328125
2019-05-28 06:35:00,0.0033111572265625
2019-05-28 06:40:00,0.015797932942708336
2019-05-28 06:45:00,0.028284708658854168
2019-05-28 06:50:00,0.040771484375
2019-05-28 06:55:00,0.00441741943359375
2019-05-28 07:00:00,0.002811431884765625
2019-05-28 07:05:00,0.010408401489257812
2019-05-28 07:10:00,0.01800537109375
2019-05-28 07:15:00,0.030665847490418632
2019-05-28 07:20:00,0.015634761666351894
2019-05-28 07:25:00,0.0006036758422851562
2019-05-28 07:30:00,0.009151935577392578
2019-05-28 07:35:00,0.0177001953125
2019-05-28 07:40:00,0.008575439453125
2019-05-28 07:45:00,0.01096343994140625
2019-05-28 07:50:00,0.0133514404296875
2019-05-28 07:55:00,0.01573944091796875
2019-05-28 08:00:00,0.01812744140625
2019-05-28 08:05:00,0.013898372650146484
2019-05-28 08:10:00,0.009669303894042969
2019-05-28 08:15:00,0.005440235137939453
2019-05-28 08:20:00,0.0012111663818359375
2019-05-28 08:25:00,0.0013268788655598958
2019-05-28 08:30:00,0.0014425913492838542
2019-05-28 08:35:00,0.0015583038330078125
2019-05-28 08:40:00,0.00015735626220703125
2019-05-28 08:45:00,0.0002155303955078125
2019-05-28 08:50:00,0.002651214599609375
2019-05-28 08:55:00,0.0006322860717773438
2019-05-28 09:00:00,0.003108978271484375
2019-05-28 09:05:00,0.002655665079752604
2019-05-28 09:10:00,0.0022023518880208335
2019-05-28 09:15:00,0.0017490386962890625
2019-05-28 09:20:00,0.0034920374552408853
2019-05-28 09:25:00,0.005235036214192708
2019-05-28 09:30:00,0.006978034973144531
2019-05-28 09:35:00,0.008721033732096354
2019-05-28 09:40:00,0.010464032491048176
2019-05-28 09:45:00,0.01220703125
2019-05-28 09:50:00,0.0008344650268554688
2019-05-28 09:55:00,0.011549450102306548
2019-05-28 10:00:00,0.002391815185546875
2019-05-28 10:05:00,0.002078737531389509
2019-05-28 10:10:00,0.001765659877232143
2019-05-28 10:15:00,0.0014525822230747768
2019-05-28 10:20:00,0.0011395045689174107
2019-05-28 10:25:00,0.0008264269147600447
2019-05-28 10:30:00,0.0005133492606026785
2019-05-28 10:35:00,0.0002002716064453125
2019-05-28 10:40:00,0.0032125473022460937
2019-05-28 10:45:00,0.002643280029296875
2019-05-28 10:50:00,0.0020740127563476565
2019-05-28 10:55:00,0.0015047454833984376
2019-05-28 11:00:00,0.0009354782104492188
2019-05-28 11:05:00,0.0003662109375
2019-05-28 11:10:00,0.000274658203125
2019-05-28 11:15:00,0.00018310546875
2019-05-28 11:20:00,9.1552734375e-05
2019-05-28 11:25:00,0.0022989908854166665
2019-05-28 11:30:00,0.004506429036458333
2019-05-28 11:35:00,0.0067138671875
2019-05-28 11:40:00,0.0080413818359375
2019-05-28 11:45:00,0.009368896484375
2019-05-28 11:50:00,0.0071909427642822266
2019-05-28 11:55:00,0.005012989044189453
2019-05-28 12:00:00,0.0028350353240966797
2019-05-28 12:05:00,0.0006570816040039062
2019-05-28 12:10:00,0.002777099609375
2019-05-28 12:15:00,0.0021079381306966147
2019-05-28 12:20:00,0.0014387766520182292
2019-05-28 12:25:00,0.0007696151733398438
2019-05-28 12:30:00,0.013282469123791737
2019-05-28 12:35:00,0.02579532307424363
2019-05-28 12:40:00,0.012937715858410878
2019-05-28 12:45:00,8.0108642578125e-05
2019-05-28 12:50:00,9.822845458984375e-05
2019-05-28 12:55:00,0.0011516595498109476
2019-05-28 13:00:00,0.0022050906450320515
2019-05-28 13:05:00,0.003258521740253155
2019-05-28 13:10:00,0.0031757415869297125
2019-05-28 13:15:00,0.0030929614336062702
2019-05-28 13:20:00,0.0030101812802828276
2019-05-28 13:25:00,0.002927401126959385
2019-05-28 13:30:00,0.0028446209736359427
2019-05-28 13:35:00,0.0027618408203125
2019-05-28 13:40:00,0.001520872116088867
2019-05-28 13:45:00,0.0002799034118652344
2019-05-28 13:50:00,0.009341001510620117
2019-05-28 13:55:00,0.018402099609375
2019-05-28 14:00:00,0.00627899169921875
2019-05-28 14:05:00,0.00655364990234375
2019-05-28 14:10:00,0.00682830810546875
2019-05-28 14:15:00,0.00710296630859375
2019-05-28 14:20:00,0.00737762451171875
2019-05-28 14:25:00,0.000316619873046875
2019-05-28 14:30:00,0.0071868896484375
2019-05-28 14:35:00,0.0036983489990234375
2019-05-28 14:40:00,0.000209808349609375
2019-05-28 14:45:00,0.0002231597900390625
2019-05-28 14:50:00,0.00023651123046875
2019-05-28 14:55:00,0.0002498626708984375
2019-05-28 15:00:00,0.003909111022949219
2019-05-28 15:05:00,0.007568359375
2019-05-28 15:10:00,0.0088043212890625
2019-05-28 15:15:00,0.010040283203125
2019-05-28 15:20:00,0.00030517578125
2019-05-28 15:25:00,0.001356363296508789
2019-05-28 15:30:00,0.002407550811767578
2019-05-28 15:35:00,0.0220947265625
2019-05-28 15:40:00,0.030975341796875
2019-05-28 15:45:00,0.00019073486328125
2019-05-28 15:50:00,0.00022029876708984375
2019-05-28 15:55:00,0.0002498626708984375
2019-05-28 16:00:00,0.00027942657470703125
2019-05-28 16:05:00,0.000308990478515625
2019-05-28 16:10:00,0.00033855438232421875
2019-05-28 16:15:00,0.0003681182861328125
2019-05-28 16:20:00,0.00039768218994140625
2019-05-28 16:25:00,0.00042724609375
2019-05-28 16:30:00,0.0010824203491210938
2019-05-28 16:35:00,0.0017375946044921875
2019-05-28 16:40:00,0.0023927688598632812
2019-05-28 16:45:00,0.003047943115234375
2019-05-28 16:50:00,0.009396870930989582
2019-05-28 16:55:00,0.01574579874674479
2019-05-28 17:00:00,0.0220947265625
2019-05-28 17:05:00,0.012550048828125
2019-05-28 17:10:00,0.00300537109375
2019-05-28 17:15:00,0.00461331049601237
2019-05-28 17:20:00,0.006221249898274739
2019-05-28 17:25:00,0.00782918930053711
2019-05-28 17:30:00,0.00036089013262492856
2019-05-28 17:35:00,0.0
2019-05-28 17:40:00,0.0008344650268554688
2019-05-28 17:45:00,0.0016689300537109375
2019-05-28 17:50:00,0.00021839141845703125
2019-05-28 17:55:00,0.0032804012298583984
2019-05-28 18:00:00,0.006342411041259766
2019-05-28 18:05:00,0.009404420852661133
2019-05-28 18:10:00,0.0124664306640625
2019-05-28 18:15:00,0.011174180534448516
2019-05-28 18:20:00,0.009881930404834533
2019-05-28 18:25:00,0.007563320438513595
2019-05-28 18:30:00,0.005244710472192658
2019-05-28 18:35:00,0.0029261005058717196
2019-05-28 18:40:00,0.0006074905395507812
2019-05-28 18:45:00,0.0002589225769042969
2019-05-28 18:50:00,0.05487060546875
2019-05-28 18:55:00,0.030055999755859375
2019-05-28 19:00:00,0.00524139404296875
2019-05-28 19:05:00,0.004596114158630371
2019-05-28 19:10:00,0.003950834274291992
2019-05-28 19:15:00,0.0033055543899536133
2019-05-28 19:20:00,0.0026602745056152344
2019-05-28 19:25:00,0.0020149946212768555
2019-05-28 19:30:00,0.0013697147369384766
2019-05-28 19:35:00,0.0007244348526000977
2019-05-28 19:40:00,7.915496826171875e-05
2019-05-28 19:45:00,0.00676727294921875
2019-05-28 19:50:00,0.000202178955078125
2019-05-28 19:55:00,0.0043582916259765625
2019-05-28 20:00:00,0.008514404296875
2019-05-28 20:05:00,0.005711237589518229
2019-05-28 20:10:00,0.002908070882161458
2019-05-28 20:15:00,0.0001049041748046875
2019-05-28 20:20:00,0.0012617111206054688
2019-05-28 20:25:00,0.00241851806640625
2019-05-28 20:30:00,0.003444126674107143
2019-05-28 20:35:00,0.004469735281808036
2019-05-28 20:40:00,0.005495343889508928
2019-05-28 20:45:00,0.006520952497209821
2019-05-28 20:50:00,0.007546561104910714
2019-05-28 20:55:00,0.008572169712611606
2019-05-28 21:00:00,0.0095977783203125
2019-05-28 21:05:00,0.007241249084472656
2019-05-28 21:10:00,0.0048847198486328125
2019-05-28 21:15:00,0.0025281906127929688
2019-05-28 21:20:00,0.000171661376953125
2019-05-28 21:25:00,0.0012001991271972656
2019-05-28 21:30:00,0.00013065338134765625
2019-05-28 21:35:00,0.000186920166015625
2019-05-28 21:40:00,0.00024318695068359375
2019-05-28 21:45:00,0.014297008514404297
2019-05-28 21:50:00,0.028350830078125
2019-05-28 21:55:00,0.01899115244547526
2019-05-28 22:00:00,0.009631474812825523
2019-05-28 22:05:00,0.00027179718017578125
2019-05-28 22:10:00,0.0024056434631347656
2019-05-28 22:15:00,0.00453948974609375
2019-05-28 22:20:00,0.004374186197916667
2019-05-28 22:25:00,0.004208882649739583
2019-05-28 22:30:00,0.0040435791015625
2019-05-28 22:35:00,0.00024890899658203125
2019-05-28 22:40:00,0.0012149810791015625
2019-05-28 22:45:00,0.0017175674438476562
2019-05-28 22:50:00,0.00222015380859375
2019-05-28 22:55:00,0.010009765625
2019-05-28 23:00:00,0.00930023193359375
2019-05-28 23:05:00,0.0085906982421875
2019-05-28 23:10:00,0.006267547607421875
2019-05-28 23:15:00,0.00394439697265625
2019-05-28 23:20:00,0.00016689300537109375
2019-05-28 23:25:00,0.001384735107421875
2019-05-28 23:30:00,0.0011227130889892578
2019-05-28 23:35:00,0.0008606910705566406
2019-05-28 23:40:00,0.0005986690521240234
2019-05-28 23:45:00,0.00033664703369140625
2019-05-28 23:50:00,0.0009779930114746094
2019-05-28 23:55:00,0.0016193389892578125
2019-05-29 00:00:00,0.004919687906901042
2019-05-29 00:05:00,0.008220036824544271
2019-05-29 00:10:00,0.0115203857421875
2019-05-29 00:15:00,0.031937662760416666
2019-05-29 00:20:00,0.05235493977864583
2019-05-29 00:25:00,0.072772216796875
2019-05-29 00:30:00,0.010852813720703125
2019-05-29 00:35:00,0.001628875732421875
2019-05-29 00:40:00,0.00113677978515625
2019-05-29 00:45:00,0.000644683837890625
2019-05-29 00:50:00,0.000152587890625
2019-05-29 00:55:00,0.00034046173095703125
2019-05-29 01:00:00,0.004463743126910666
2019-05-29 01:05:00,0.006862914043924083
2019-05-29 01:10:00,0.0092620849609375
2019-05-29 01:15:00,0.010609149932861328
2019-05-29 01:20:00,0.011956214904785156
2019-05-29 01:25:00,0.013303279876708984
2019-05-29 01:30:00,0.014650344848632812
2019-05-29 01:35:00,0.0006542205810546875
2019-05-29 01:40:00,0.0005451838175455729
2019-05-29 01:45:00,0.00043614705403645837
2019-05-29 01:50:00,0.00032711029052734375
2019-05-29 01:55:00,0.00021807352701822918
2019-05-29 02:00:00,0.00010903676350911462
2019-05-29 02:05:00,0.0
2019-05-29 02:10:00,0.0
2019-05-29 02:15:00,0.0
2019-05-29 02:20:00,0.0001049041748046875
2019-05-29 02:25:00,0.0018196475973856088
2019-05-29 02:30:00,0.00353439101996653
2019-05-29 02:35:00,0.005249134442547452
2019-05-29 02:40:00,0.006963877865128373
2019-05-29 02:45:00,0.008678621287709295
2019-05-29 02:50:00,0.007232184406424412
2019-05-29 02:55:00,0.00578574752513953
2019-05-29 03:00:00,0.004339310643854647
2019-05-29 03:05:00,0.002892873762569765
2019-05-29 03:10:00,0.0014464368812848825
2019-05-29 03:15:00,0.0
2019-05-29 03:20:00,0.0005181630452473959
2019-05-29 03:25:00,0.0010363260904947917
2019-05-29 03:30:00,0.0015544891357421875
2019-05-29 03:35:00,0.001399993896484375
2019-05-29 03:40:00,0.0012454986572265625
2019-05-29 03:45:00,0.00109100341796875
2019-05-29 03:50:00,0.0009365081787109375
2019-05-29 03:55:00,0.00174407958984375
2019-05-29 04:00:00,0.0025516510009765624
2019-05-29 04:05:00,0.003359222412109375
2019-05-29 04:10:00,0.004166793823242187
2019-05-29 04:15:00,0.004974365234375
2019-05-29 04:20:00,0.004591805594308036
2019-05-29 04:25:00,0.004209245954241071
2019-05-29 04:30:00,0.003826686314174107
2019-05-29 04:35:00,0.003444126674107143
2019-05-29 04:40:00,0.0030615670340401785
2019-05-29 04:45:00,0.002679007393973214
2019-05-29 04:50:00,0.00229644775390625
2019-05-29 04:55:00,0.0019804000854492187
2019-05-29 05:00:00,0.0016643524169921875
2019-05-29 05:05:00,0.0013483047485351564
2019-05-29 05:10:00,0.001032257080078125
2019-05-29 05:15:00,0.0007162094116210938
2019-05-29 05:20:00,0.0006262616413395579
2019-05-29 05:25:00,0.0064849853515625
2019-05-29 05:30:00,7.43865966796875e-05
2019-05-29 05:35:00,0.004725217819213867
2019-05-29 05:40:00,0.009376049041748047
2019-05-29 05:45:00,0.010644674301147461
2019-05-29 05:50:00,0.011913299560546875
2019-05-29 05:55:00,0.007411956787109375
2019-05-29 06:00:00,0.002910614013671875
2019-05-29 06:05:00,0.001983960469563802
2019-05-29 06:10:00,0.001057306925455729
2019-05-29 06:15:00,0.00013065338134765625
2019-05-29 06:20:00,6.532669067382812e-05
2019-05-29 06:25:00,0.0
2019-05-29 06:30:00,3.4809112548828125e-05
2019-05-29 06:35:00,6.961822509765625e-05
2019-05-29 06:40:00,0.0001780986785888672
2019-05-29 06:45:00,0.0002865791320800781
2019-05-29 06:50:00,0.00039505958557128906
2019-05-29 06:55:00,0.0005035400390625
2019-05-29 07:00:00,0.0005146662394205729
2019-05-29 07:05:00,0.0005257924397786459
2019-05-29 07:10:00,0.0005369186401367188
2019-05-29 07:15:00,0.0019172668457031249
2019-05-29 07:20:00,0.003297615051269531
2019-05-29 07:25:00,0.004677963256835937
2019-05-29 07:30:00,0.006058311462402343
2019-05-29 07:35:00,0.00743865966796875
2019-05-29 07:40:00,0.006499926249186198
2019-05-29 07:45:00,0.0055611928304036455
2019-05-29 07:50:00,0.004622459411621094
2019-05-29 07:55:00,0.0036837259928385415
2019-05-29 08:00:00,0.0027449925740559893
2019-05-29 08:05:00,0.0018062591552734375
2019-05-29 08:10:00,0.0012998580932617188
2019-05-29 08:15:00,0.00079345703125
2019-05-29 08:20:00,0.00028705596923828125
2019-05-29 08:25:00,0.0003027915954589844
2019-05-29 08:30:00,0.0003185272216796875
2019-05-29 08:35:00,0.0003342628479003906
2019-05-29 08:40:00,0.00034999847412109375
2019-05-29 08:45:00,0.0003657341003417969
2019-05-29 08:50:00,0.0003814697265625
2019-05-29 08:55:00,0.02280426025390625
2019-05-29 09:00:00,0.04522705078125
2019-05-29 09:05:00,0.02276320573760242
2019-05-29 09:10:00,0.0002993606939548399
2019-05-29 09:15:00,0.00427718278838367
2019-05-29 09:20:00,0.0082550048828125
2019-05-29 09:25:00,0.006494998931884766
2019-05-29 09:30:00,0.004734992980957031
2019-05-29 09:35:00,0.002974987030029297
2019-05-29 09:40:00,0.0012149810791015625
2019-05-29 09:45:00,0.0008099873860677083
2019-05-29 09:50:00,0.00040499369303385413
2019-05-29 09:55:00,0.0
2019-05-29 10:00:00,5.8492024739583336e-05
2019-05-29 10:05:00,0.00011698404947916667
2019-05-29 10:10:00,0.00017547607421875
2019-05-29 10:15:00,0.0024388631184895835
2019-05-29 10:20:00,0.004702250162760417
2019-05-29 10:25:00,0.00696563720703125
2019-05-29 10:30:00,0.003192901611328125
2019-05-29 10:35:00,0.0017733573913574219
2019-05-29 10:40:00,0.00035381317138671875
2019-05-29 10:45:00,0.003149271011352539
2019-05-29 10:50:00,0.005944728851318359
2019-05-29 10:55:00,0.00874018669128418
2019-05-29 11:00:00,0.01153564453125
2019-05-29 11:05:00,0.00605630874633789
2019-05-29 11:10:00,0.0005769729614257812
2019-05-29 11:15:00,0.0004924138387044271
2019-05-29 11:20:00,0.0004078547159830729
2019-05-29 11:25:00,0.00032329559326171875
2019-05-29 11:30:00,0.00023873647054036457
2019-05-29 11:35:00,0.00015417734781901038
2019-05-29 11:40:00,6.961822509765625e-05
2019-05-29 11:45:00,0.003670215606689453
2019-05-29 11:50:00,0.00727081298828125
2019-05-29 11:55:00,0.005555152893066406
2019-05-29 12:00:00,0.003839492797851563
2019-05-29 12:05:00,0.0021238327026367188
2019-05-29 12:10:00,0.001178741455078125
2019-05-29 12:15:00,0.00023365020751953125
2019-05-29 12:20:00,0.0008792877197265625
2019-05-29 12:25:00,0.0089111328125
2019-05-29 12:30:00,0.004720211029052734
2019-05-29 12:35:00,0.0005292892456054688
2019-05-29 12:40:00,0.00043392181396484375
2019-05-29 12:45:00,0.0004940032958984375
2019-05-29 12:50:00,0.002704620361328125
2019-05-29 12:55:00,0.0049152374267578125
2019-05-29 13:00:00,0.0071258544921875
2019-05-29 13:05:00,0.0057337592629825365
2019-05-29 13:10:00,0.004341664033777573
2019-05-29 13:15:00,0.0029495688045726104
2019-05-29 13:20:00,0.001557473575367647
2019-05-29 13:25:00,0.00016537834616268382
2019-05-29 13:30:00,0.00023937225341796875
2019-05-29 13:35:00,0.006856441497802734
2019-05-29 13:40:00,0.0134735107421875
2019-05-29 13:45:00,0.00399017333984375
2019-05-29 13:50:00,0.007335662841796875
2019-05-29 13:55:00,0.01068115234375
2019-05-29 14:00:00,0.00021982192993164062
2019-05-29 14:05:00,0.0009586811065673828
2019-05-29 14:10:00,0.001697540283203125
2019-05-29 14:15:00,0.011199951171875
2019-05-29 14:20:00,0.0001468658447265625
2019-05-29 14:25:00,0.00068609281019731
2019-05-29 14:30:00,0.0012253197756680574
2019-05-29 14:35:00,0.001764546741138805
2019-05-29 14:40:00,0.0023037737066095524
2019-05-29 14:45:00,0.00489784370769154
2019-05-29 14:50:00,0.007491913708773526
2019-05-29 14:55:00,0.010085983709855514
2019-05-29 15:00:00,0.0126800537109375
2019-05-29 15:05:00,0.008499463399251303
2019-05-29 15:10:00,0.004318873087565105
2019-05-29 15:15:00,0.00013828277587890625
2019-05-29 15:20:00,0.0016007423400878906
2019-05-29 15:25:00,0.003063201904296875
2019-05-29 15:30:00,0.011505126953125
2019-05-29 15:35:00,0.0049285888671875
2019-05-29 15:40:00,0.00701904296875
2019-05-29 15:45:00,0.011444091796875
2019-05-29 15:50:00,0.0488128662109375
2019-05-29 15:55:00,0.086181640625
2019-05-29 16:00:00,0.0482177734375
2019-05-29 16:05:00,0.000133514404296875
2019-05-29 16:10:00,0.0001395543416341146
2019-05-29 16:15:00,0.00014559427897135416
2019-05-29 16:20:00,0.00015163421630859375
2019-05-29 16:25:00,0.006629467010498047
2019-05-29 16:30:00,0.0131072998046875
2019-05-29 16:35:00,0.0011501312255859375
2019-05-29 16:40:00,0.015129089355468752
2019-05-29 16:45:00,0.029108047485351566
2019-05-29 16:50:00,0.043087005615234375
2019-05-29 16:55:00,0.057065963745117194
2019-05-29 17:00:00,0.071044921875
2019-05-29 17:05:00,0.04741605122884114
2019-05-29 17:10:00,0.02378718058268229
2019-05-29 17:15:00,0.0001583099365234375
2019-05-29 17:20:00,0.00027942657470703125
2019-05-29 17:25:00,0.000400543212890625
2019-05-29 17:30:00,0.0005788803100585938
2019-05-29 17:35:00,0.005065441131591797
2019-05-29 17:40:00,0.009552001953125
2019-05-29 17:45:00,0.007589975992838541
2019-05-29 17:50:00,0.005627950032552083
2019-05-29 17:55:00,0.003665924072265625
2019-05-29 18:00:00,0.0021872520446777344
2019-05-29 18:05:00,0.0007085800170898438
2019-05-29 18:10:00,0.00024318695068359375
2019-05-29 18:15:00,0.009674072265625
2019-05-29 18:20:00,0.008802240545099432
2019-05-29 18:25:00,0.007930408824573864
2019-05-29 18:30:00,0.007058577104048296
2019-05-29 18:35:00,0.006186745383522728
2019-05-29 18:40:00,0.005314913662997159
2019-05-29 18:45:00,0.004443081942471591
2019-05-29 18:50:00,0.003571250221946023
2019-05-29 18:55:00,0.002699418501420455
2019-05-29 19:00:00,0.001827586780894886
2019-05-29 19:05:00,0.000955755060369318
2019-05-29 19:10:00,8.392333984375e-05
2019-05-29 19:15:00,0.003215789794921875
2019-05-29 19:20:00,0.00634765625
2019-05-29 19:25:00,0.005597432454427083
2019-05-29 19:30:00,0.004847208658854167
2019-05-29 19:35:00,0.00409698486328125
2019-05-29 19:40:00,0.0118255615234375
2019-05-29 19:45:00,0.002788543701171875
2019-05-29 19:50:00,0.009857177734375
2019-05-29 19:55:00,0.00039196014404296875
2019-05-29 20:00:00,0.001979404025607639
2019-05-29 20:05:00,0.0035668479071723092
2019-05-29 20:10:00,0.0051542917887369795
2019-05-29 20:15:00,0.00674173567030165
2019-05-29 20:20:00,0.008329179551866319
2019-05-29 20:25:00,0.00991662343343099
2019-05-29 20:30:00,0.01150406731499566
2019-05-29 20:35:00,0.01309151119656033
2019-05-29 20:40:00,0.014678955078125
2019-05-29 20:45:00,0.013384137834821428
2019-05-29 20:50:00,0.012089320591517856
2019-05-29 20:55:00,0.010794503348214286
2019-05-29 21:00:00,0.009499686104910714
2019-05-29 21:05:00,0.008204868861607144
2019-05-29 21:10:00,0.006910051618303571
2019-05-29 21:15:00,0.005615234375
2019-05-29 21:20:00,0.004887308393205915
2019-05-29 21:25:00,0.0041593824114118305
2019-05-29 21:30:00,0.0034314564296177453
2019-05-29 21:35:00,0.0027035304478236605
2019-05-29 21:40:00,0.0019756044660295758
2019-05-29 21:45:00,0.0012476784842354906
2019-05-29 21:50:00,0.0005197525024414062
2019-05-29 21:55:00,0.000331878662109375
2019-05-29 22:00:00,0.00014400482177734375
2019-05-29 22:05:00,0.00710296630859375
2019-05-29 22:10:00,0.03509521484375
2019-05-29 22:15:00,0.016265869140625
2019-05-29 22:20:00,0.006805578867594401
2019-05-29 22:25:00,0.0090484619140625
2019-05-29 22:30:00,0.00022792816162109375
2019-05-29 22:35:00,0.00048351287841796875
2019-05-29 22:40:00,0.0007390975952148438
2019-05-29 22:45:00,0.001320918401082357
2019-05-29 22:50:00,0.0019027392069498699
2019-05-29 22:55:00,0.002484560012817383
2019-05-29 23:00:00,0.003066380818684896
2019-05-29 23:05:00,0.003648201624552409
2019-05-29 23:10:00,0.004230022430419922
2019-05-29 23:15:00,0.0048118432362874355
2019-05-29 23:20:00,0.005393664042154948
2019-05-29 23:25:00,0.005975484848022462
2019-05-29 23:30:00,0.0065573056538899745
2019-05-29 23:35:00,0.007139126459757487
2019-05-29 23:40:00,0.007720947265625
2019-05-29 23:45:00,0.0064727783203125
2019-05-29 23:50:00,0.005224609375
2019-05-29 23:55:00,0.0039764404296875
2019-05-30 00:00:00,0.002728271484375
2019-05-30 00:05:00,0.0014801025390625
2019-05-30 00:10:00,0.0004425048828125
2019-05-30 00:15:00,0.00506591796875
2019-05-30 00:20:00,0.0096893310546875
2019-05-30 00:25:00,0.0062160491943359375
2019-05-30 00:30:00,0.002742767333984375
2019-05-30 00:35:00,0.0005655288696289062
2019-05-30 00:40:00,0.03839111328125
2019-05-30 00:45:00,0.02582677205403646
2019-05-30 00:50:00,0.013262430826822918
2019-05-30 00:55:00,0.000698089599609375
2019-05-30 01:00:00,0.005017598470052084
2019-05-30 01:05:00,0.009337107340494793
2019-05-30 01:10:00,0.0136566162109375
2019-05-30 01:15:00,0.009403864542643229
2019-05-30 01:20:00,0.005151112874348957
2019-05-30 01:25:00,0.0008983612060546875
2019-05-30 01:30:00,0.03369140625
2019-05-30 01:35:00,0.0008690304226345486
2019-05-30 01:40:00,0.009500658953631365
2019-05-30 01:45:00,0.018132287484628182
2019-05-30 01:50:00,0.026763916015625
2019-05-30 01:55:00,0.0156402587890625
2019-05-30 02:00:00,0.0045166015625
2019-05-30 02:05:00,0.0034942626953125
2019-05-30 02:10:00,0.002471923828125
2019-05-30 02:15:00,0.0014495849609375
2019-05-30 02:20:00,0.00042724609375
2019-05-30 02:25:00,0.001884495607718894
2019-05-30 02:30:00,0.003341745121687788
2019-05-30 02:35:00,0.004798994635656682
2019-05-30 02:40:00,0.006256244149625576
2019-05-30 02:45:00,0.007713493663594469
2019-05-30 02:50:00,0.009170743177563364
2019-05-30 02:55:00,0.010627992691532258
2019-05-30 03:00:00,0.00023174285888671875
2019-05-30 03:05:00,0.0005472501118977865
2019-05-30 03:10:00,0.0008627573649088542
2019-05-30 03:15:00,0.0011782646179199219
2019-05-30 03:20:00,0.0014937718709309897
2019-05-30 03:25:00,0.0018092791239420574
2019-05-30 03:30:00,0.002124786376953125
2019-05-30 03:35:00,0.0093841552734375
2019-05-30 03:40:00,0.004948139190673828
2019-05-30 03:45:00,0.0005121231079101562
2019-05-30 03:50:00,0.0003142356872558594
2019-05-30 03:55:00,0.0001163482666015625
2019-05-30 04:00:00,0.002094268798828125
2019-05-30 04:05:00,0.0040721893310546875
2019-05-30 04:10:00,0.00605010986328125
2019-05-30 04:15:00,0.00017070770263671875
2019-05-30 04:20:00,0.0011545419692993164
2019-05-30 04:25:00,0.002138376235961914
2019-05-30 04:30:00,0.0031222105026245117
2019-05-30 04:35:00,0.004106044769287109
2019-05-30 04:40:00,0.005089879035949707
2019-05-30 04:45:00,0.006073713302612305
2019-05-30 04:50:00,0.007057547569274902
2019-05-30 04:55:00,0.0080413818359375
2019-05-30 05:00:00,0.008575439453125
2019-05-30 05:05:00,0.00011920928955078125
2019-05-30 05:10:00,0.00015672047932942707
2019-05-30 05:15:00,0.0001942316691080729
2019-05-30 05:20:00,0.00023174285888671875
2019-05-30 05:25:00,0.0008195241292317709
2019-05-30 05:30:00,0.001407305399576823
2019-05-30 05:35:00,0.001995086669921875
2019-05-30 05:40:00,0.005967356577640822
2019-05-30 05:45:00,0.00993962648535977
2019-05-30 05:50:00,0.0006593976702008929
2019-05-30 05:55:00,0.00704193115234375
2019-05-30 06:00:00,0.007878621419270834
2019-05-30 06:05:00,0.008715311686197916
2019-05-30 06:10:00,0.009552001953125
2019-05-30 06:15:00,0.002362869679927826
2019-05-30 06:20:00,0.007246803492307663
2019-05-30 06:25:00,0.0121307373046875
2019-05-30 06:30:00,0.0005557018777598505
2019-05-30 06:35:00,0.04019484312637992
2019-05-30 06:40:00,0.079833984375
2019-05-30 06:45:00,0.010899013943142362
2019-05-30 06:50:00,0.0002422332763671875
2019-05-30 06:55:00,0.0001891454060872396
2019-05-30 07:00:00,0.00789944330851237
2019-05-30 07:05:00,0.0156097412109375
2019-05-30 07:10:00,0.014678955078125
2019-05-30 07:15:00,0.0137481689453125
2019-05-30 07:20:00,0.02338409423828125
2019-05-30 07:25:00,0.03302001953125
2019-05-30 07:30:00,0.0166015625
2019-05-30 07:35:00,0.00018310546875
2019-05-30 07:40:00,0.00013446807861328125
2019-05-30 07:45:00,0.0003315607706705729
2019-05-30 07:50:00,0.0005286534627278645
2019-05-30 07:55:00,0.0007257461547851562
2019-05-30 08:00:00,0.00016880035400390625
2019-05-30 08:05:00,0.00029754638671875
2019-05-30 08:10:00,0.00023365020751953125
2019-05-30 08:15:00,0.0001697540283203125
2019-05-30 08:20:00,0.0008840791110334725
2019-05-30 08:25:00,0.0015984041937466326
2019-05-30 08:30:00,0.0023127292764597925
2019-05-30 08:35:00,0.0030270543591729526
2019-05-30 08:40:00,0.0037413794418861127
2019-05-30 08:45:00,0.00021266937255859375
2019-05-30 08:50:00,0.0062351226806640625
2019-05-30 08:55:00,0.0033245086669921875
2019-05-30 09:00:00,0.0004138946533203125
2019-05-30 09:05:00,0.00046392797513772517
2019-05-30 09:10:00,0.0005139612969551378
2019-05-30 09:15:00,0.0005639946187725504
2019-05-30 09:20:00,0.0006140279405899631
2019-05-30 09:25:00,0.0004019045647774034
2019-05-30 09:30:00,0.00018978118896484375
2019-05-30 09:35:00,0.000171661376953125
2019-05-30 09:40:00,0.00015354156494140625
2019-05-30 09:45:00,0.00011587142944335938
2019-05-30 09:50:00,7.82012939453125e-05
2019-05-30 09:55:00,8.187975202287947e-05
2019-05-30 10:00:00,8.555821010044642e-05
2019-05-30 10:05:00,8.923666817801339e-05
2019-05-30 10:10:00,9.291512625558036e-05
2019-05-30 10:15:00,9.659358433314731e-05
2019-05-30 10:20:00,0.00010027204241071428
2019-05-30 10:25:00,0.00010395050048828125
2019-05-30 10:30:00,0.011749267578125
2019-05-30 10:35:00,0.007832845052083334
2019-05-30 10:40:00,0.003916422526041668
2019-05-30 10:45:00,0.0
2019-05-30 10:50:00,0.0003643035888671875
2019-05-30 10:55:00,0.000728607177734375
2019-05-30 11:00:00,0.0010929107666015625
2019-05-30 11:05:00,0.05780029296875
2019-05-30 11:10:00,0.00037860870361328125
2019-05-30 11:15:00,9.5367431640625e-07
2019-05-30 11:20:00,0.00290679931640625
2019-05-30 11:25:00,0.0041534423828125
2019-05-30 11:30:00,0.00540008544921875
2019-05-30 11:35:00,0.006646728515625
2019-05-30 11:40:00,0.00789337158203125
2019-05-30 11:45:00,0.0091400146484375
2019-05-30 11:50:00,0.007572174072265625
2019-05-30 11:55:00,0.00600433349609375
2019-05-30 12:00:00,0.004087607065836588
2019-05-30 12:05:00,0.002170880635579427
2019-05-30 12:10:00,0.0002541542053222656
2019-05-30 12:15:00,0.00020265579223632812
2019-05-30 12:20:00,0.000453948974609375
2019-05-30 12:25:00,0.000102996826171875
2019-05-30 12:30:00,0.00010919570922851562
2019-05-30 12:35:00,0.00011539459228515625
2019-05-30 12:40:00,0.0002117156982421875
2019-05-30 12:45:00,0.00011444091796875
2019-05-30 12:50:00,0.002109527587890625
2019-05-30 12:55:00,0.02325439453125
2019-05-30 13:00:00,0.018626022338867187
2019-05-30 13:05:00,0.013997650146484375
2019-05-30 13:10:00,0.009369277954101564
2019-05-30 13:15:00,0.004740905761718751
2019-05-30 13:20:00,0.0001125335693359375
2019-05-30 13:25:00,0.001474142074584961
2019-05-30 13:30:00,0.0028357505798339844
2019-05-30 13:35:00,0.002951383590698242
2019-05-30 13:40:00,0.0030670166015625
2019-05-30 13:45:00,0.00014209747314453125
2019-05-30 13:50:00,0.00013136863708496094
2019-05-30 13:55:00,0.00012063980102539062
2019-05-30 14:00:00,0.00010991096496582031
2019-05-30 14:05:00,9.918212890625e-05
2019-05-30 14:10:00,9.282430013020833e-05
2019-05-30 14:15:00,8.646647135416667e-05
2019-05-30 14:20:00,8.0108642578125e-05
2019-05-30 14:25:00,0.0018717447916666665
2019-05-30 14:30:00,0.003663380940755208
2019-05-30 14:35:00,0.00545501708984375
2019-05-30 14:40:00,0.008380126953125
2019-05-30 14:45:00,0.011305236816406251
2019-05-30 14:50:00,0.0142303466796875
2019-05-30 14:55:00,0.017155456542968753
2019-05-30 15:00:00,0.02008056640625
2019-05-30 15:05:00,0.010326385498046875
2019-05-30 15:10:00,0.00057220458984375
2019-05-30 15:15:00,0.00689697265625
2019-05-30 15:20:00,0.004807032071627104
2019-05-30 15:25:00,0.0027170914870042074
2019-05-30 15:30:00,0.0006271509023813101
2019-05-30 15:35:00,0.0014139933463854669
2019-05-30 15:40:00,0.0022008357903896235
2019-05-30 15:45:00,0.00298767823439378
2019-05-30 15:50:00,0.0037745206783979367
2019-05-30 15:55:00,0.004561363122402093
2019-05-30 16:00:00,0.00534820556640625
2019-05-30 16:05:00,0.004255930582682291
2019-05-30 16:10:00,0.003163655598958333
2019-05-30 16:15:00,0.002071380615234375
2019-05-30 16:20:00,0.00193939208984375
2019-05-30 16:25:00,0.001807403564453125
2019-05-30 16:30:00,0.0016754150390625
2019-05-30 16:35:00,0.001543426513671875
2019-05-30 16:40:00,0.00141143798828125
2019-05-30 16:45:00,0.0008106231689453126
2019-05-30 16:50:00,0.000209808349609375
2019-05-30 16:55:00,0.0003485679626464844
2019-05-30 17:00:00,0.00048732757568359375
2019-05-30 17:05:00,0.00045108795166015625
2019-05-30 17:10:00,0.0050601959228515625
2019-05-30 17:15:00,0.009669303894042969
2019-05-30 17:20:00,0.014278411865234375
2019-05-30 17:25:00,0.01888751983642578
2019-05-30 17:30:00,0.023496627807617188
2019-05-30 17:35:00,0.028105735778808594
2019-05-30 17:40:00,0.03271484375
2019-05-30 17:45:00,0.028032057213060783
2019-05-30 17:50:00,0.023349270676121567
2019-05-30 17:55:00,0.01866648413918235
2019-05-30 18:00:00,0.013983697602243134
2019-05-30 18:05:00,0.00930091106530392
2019-05-30 18:10:00,0.004618124528364701
2019-05-30 18:15:00,0.003107677806507457
2019-05-30 18:20:00,0.0015972310846502128
2019-05-30 18:25:00,8.678436279296875e-05
2019-05-30 18:30:00,0.001890277862548828
2019-05-30 18:35:00,0.0036937713623046873
2019-05-30 18:40:00,0.008509254455566405
2019-05-30 18:45:00,0.013324737548828125
2019-05-30 18:50:00,0.0079345703125
2019-05-30 18:55:00,0.002544403076171875
2019-05-30 19:00:00,0.0046710968017578125
2019-05-30 19:05:00,0.00679779052734375
2019-05-30 19:10:00,0.005696296691894531
2019-05-30 19:15:00,0.0045948028564453125
2019-05-30 19:20:00,0.0034933090209960933
2019-05-30 19:25:00,0.002391815185546875
2019-05-30 19:30:00,0.006284077962239583
2019-05-30 19:35:00,0.010176340738932291
2019-05-30 19:40:00,0.014068603515625
2019-05-30 19:45:00,0.0070343017578125
2019-05-30 19:50:00,0.0
2019-05-30 19:55:00,4.3392181396484375e-05
2019-05-30 20:00:00,8.678436279296875e-05
2019-05-30 20:05:00,0.00156402587890625
2019-05-30 20:10:00,0.0013176600138346355
2019-05-30 20:15:00,0.001071294148763021
2019-05-30 20:20:00,0.0008249282836914062
2019-05-30 20:25:00,0.007980823516845703
2019-05-30 20:30:00,0.01513671875
2019-05-30 20:35:00,0.01671142578125
2019-05-30 20:40:00,0.0182861328125
2019-05-30 20:45:00,0.01986083984375
2019-05-30 20:50:00,0.021435546875
2019-05-30 20:55:00,0.02301025390625
2019-05-30 21:00:00,0.026885986328125
2019-05-30 21:05:00,0.03076171875
2019-05-30 21:10:00,0.034637451171875
2019-05-30 21:15:00,0.03851318359375
2019-05-30 21:20:00,0.042388916015625
2019-05-30 21:25:00,0.0462646484375
2019-05-30 21:30:00,0.00034236907958984375
2019-05-30 21:35:00,0.00048370361328125
2019-05-30 21:40:00,0.0006250381469726562
2019-05-30 21:45:00,0.0007663726806640624
2019-05-30 21:50:00,0.0009077072143554687
2019-05-30 21:55:00,0.001049041748046875
2019-05-30 22:00:00,0.00019741058349609375
2019-05-30 22:05:00,0.002505779266357422
2019-05-30 22:10:00,0.00481414794921875
2019-05-30 22:15:00,0.004218101501464844
2019-05-30 22:20:00,0.0036220550537109375
2019-05-30 22:25:00,0.0030260086059570312
2019-05-30 22:30:00,0.002429962158203125
2019-05-30 22:35:00,0.0018339157104492188
2019-05-30 22:40:00,0.0012378692626953125
2019-05-30 22:45:00,0.0006418228149414062
2019-05-30 22:50:00,0.0012664794921875
2019-05-30 22:55:00,0.0006847381591796875
2019-05-30 23:00:00,0.000102996826171875
2019-05-30 23:05:00,0.0079803466796875
2019-05-30 23:10:00,0.0002288818359375
2019-05-30 23:15:00,0.0131683349609375
2019-05-30 23:20:00,0.008176326751708984
2019-05-30 23:25:00,0.0031843185424804688
2019-05-30 23:30:00,0.02001953125
2019-05-30 23:35:00,0.0
2019-05-30 23:40:00,4.57763671875e-05
2019-05-30 23:45:00,9.1552734375e-05
2019-05-30 23:50:00,0.0001373291015625
2019-05-30 23:55:00,0.00018310546875
2019-05-31 00:00:00,0.006298939387003581
2019-05-31 00:05:00,0.012414773305257162
2019-05-31 00:10:00,0.010301319758097331
2019-05-31 00:15:00,0.0081878662109375
2019-05-31 00:20:00,0.006342601776123048
2019-05-31 00:25:00,0.004497337341308594
2019-05-31 00:30:00,0.002652072906494141
2019-05-31 00:35:00,0.0008068084716796875
2019-05-31 00:40:00,7.343292236328125e-05
2019-05-31 00:45:00,0.066162109375
2019-05-31 00:50:00,0.005063363483973912
2019-05-31 00:55:00,0.004412111781892322
2019-05-31 01:00:00,0.0037608600798107327
2019-05-31 01:05:00,0.0031096083777291434
2019-05-31 01:10:00,0.0024583566756475536
2019-05-31 01:15:00,0.0018071049735659643
2019-05-31 01:20:00,0.001155853271484375
2019-05-31 01:25:00,0.00547027587890625
2019-05-31 01:30:00,0.00026988983154296875
2019-05-31 01:35:00,0.000644683837890625
2019-05-31 01:40:00,0.003154754638671875
2019-05-31 01:45:00,0.014892578125
2019-05-31 01:50:00,0.01116943359375
2019-05-31 01:55:00,0.0074462890625
2019-05-31 02:00:00,0.00372314453125
2019-05-31 02:05:00,0.0
2019-05-31 02:10:00,0.0023956298828125
2019-05-31 02:15:00,0.004791259765625
2019-05-31 02:20:00,0.01222991943359375
2019-05-31 02:25:00,0.0196685791015625
2019-05-31 02:30:00,0.02710723876953125
2019-05-31 02:35:00,0.0345458984375
2019-05-31 02:40:00,0.01734018325805664
2019-05-31 02:45:00,0.00013446807861328125
2019-05-31 02:50:00,0.004530429840087891
2019-05-31 02:55:00,0.0089263916015625
2019-05-31 03:00:00,0.00899505615234375
2019-05-31 03:05:00,0.009063720703125
2019-05-31 03:10:00,0.006708780924479167
2019-05-31 03:15:00,0.004353841145833334
2019-05-31 03:20:00,0.0019989013671875
2019-05-31 03:25:00,0.018394264014991554
2019-05-31 03:30:00,0.0004367828369140625
2019-05-31 03:35:00,0.012664794921875
2019-05-31 03:40:00,0.0005321502685546875
2019-05-31 03:45:00,0.0006329463078425481
2019-05-31 03:50:00,0.0007337423471304086
2019-05-31 03:55:00,0.0008345383864182692
2019-05-31 04:00:00,0.0009353344257061298
2019-05-31 04:05:00,0.0010361304649939905
2019-05-31 04:10:00,0.001136926504281851
2019-05-31 04:15:00,0.0012377225435697115
2019-05-31 04:20:00,0.001338518582857572
2019-05-31 04:25:00,0.0014393146221454325
2019-05-31 04:30:00,0.0015401106614332933
2019-05-31 04:35:00,0.0016409067007211538
2019-05-31 04:40:00,0.0017417027400090143
2019-05-31 04:45:00,0.001842498779296875
2019-05-31 04:50:00,0.0092010498046875
2019-05-31 04:55:00,0.007724761962890625
2019-05-31 05:00:00,0.00624847412109375
2019-05-31 05:05:00,0.00030803680419921875
2019-05-31 05:10:00,0.01210165023803711
2019-05-31 05:15:00,0.023895263671875
2019-05-31 05:20:00,0.01813507080078125
2019-05-31 05:25:00,0.0123748779296875
2019-05-31 05:30:00,0.00661468505859375
2019-05-31 05:35:00,0.0008544921875
2019-05-31 05:40:00,0.0013065338134765625
2019-05-31 05:45:00,0.001758575439453125
2019-05-31 05:50:00,0.02740478515625
2019-05-31 05:55:00,0.0232391357421875
2019-05-31 06:00:00,0.019073486328125
2019-05-31 06:05:00,0.0149078369140625
2019-05-31 06:10:00,0.0106658935546875
2019-05-31 06:15:00,0.0064239501953125
2019-05-31 06:20:00,0.004979848861694336
2019-05-31 06:25:00,0.003535747528076172
2019-05-31 06:30:00,0.002091646194458008
2019-05-31 06:35:00,0.0006475448608398438
2019-05-31 06:40:00,7.43865966796875e-05
2019-05-31 06:45:00,0.007659912109375
2019-05-31 06:50:00,0.00414276123046875
2019-05-31 06:55:00,0.00034809112548828125
2019-05-31 07:00:00,0.01413583755493164
2019-05-31 07:05:00,0.027923583984375
2019-05-31 07:10:00,0.02103424072265625
2019-05-31 07:15:00,0.0141448974609375
2019-05-31 07:20:00,0.000164031982421875
2019-05-31 07:25:00,0.0
2019-05-31 07:30:00,0.000652313232421875
2019-05-31 07:35:00,0.000331878662109375
2019-05-31 07:40:00,0.03363037109375
2019-05-31 07:45:00,0.0450439453125
2019-05-31 07:50:00,0.03482564290364583
2019-05-31 07:55:00,0.024607340494791664
2019-05-31 08:00:00,0.0143890380859375
2019-05-31 08:05:00,0.015866044638813404
2019-05-31 08:10:00,0.017343051191689312
2019-05-31 08:15:00,0.018820057744565216
2019-05-31 08:20:00,0.016350455906080162
2019-05-31 08:25:00,0.013880854067595108
2019-05-31 08:30:00,0.011411252229110054
2019-05-31 08:35:00,0.008941650390625
2019-05-31 08:40:00,0.00872039794921875
2019-05-31 08:45:00,0.0084991455078125
2019-05-31 08:50:00,0.008087158203125
2019-05-31 08:55:00,6.008148193359375e-05
2019-05-31 09:00:00,5.407333374023438e-05
2019-05-31 09:05:00,4.8065185546875e-05
2019-05-31 09:10:00,4.2057037353515626e-05
2019-05-31 09:15:00,3.604888916015625e-05
2019-05-31 09:20:00,3.0040740966796875e-05
2019-05-31 09:25:00,2.4032592773437503e-05
2019-05-31 09:30:00,1.8024444580078124e-05
2019-05-31 09:35:00,1.2016296386718751e-05
2019-05-31 09:40:00,6.008148193359379e-06
2019-05-31 09:45:00,0.0
2019-05-31 09:50:00,0.0013561248779296875
2019-05-31 09:55:00,0.002712249755859375
2019-05-31 10:00:00,0.0040683746337890625
2019-05-31 10:05:00,0.00542449951171875
2019-05-31 10:10:00,0.0065212249755859375
2019-05-31 10:15:00,0.007617950439453125
2019-05-31 10:20:00,0.008714675903320312
2019-05-31 10:25:00,0.0098114013671875
2019-05-31 10:30:00,0.00750732421875
2019-05-31 10:35:00,0.0052032470703125
2019-05-31 10:40:00,0.002899169921875
2019-05-31 10:45:00,0.0001163482666015625
2019-05-31 10:50:00,0.0021181106567382812
2019-05-31 10:55:00,0.004119873046875
2019-05-31 11:00:00,0.004025777180989583
2019-05-31 11:05:00,0.003931681315104167
2019-05-31 11:10:00,0.00383758544921875
2019-05-31 11:15:00,0.0037434895833333335
2019-05-31 11:20:00,0.0036493937174479165
2019-05-31 11:25:00,0.0035552978515625
2019-05-31 11:30:00,0.00315093994140625
2019-05-31 11:35:00,0.00274658203125
2019-05-31 11:40:00,0.00234222412109375
2019-05-31 11:45:00,0.0019378662109375
2019-05-31 11:50:00,0.00153350830078125
2019-05-31 11:55:00,0.0
2019-05-31 12:00:00,0.00023921330769856772
2019-05-31 12:05:00,0.03106689453125
2019-05-31 12:10:00,0.000457763671875
2019-05-31 12:15:00,0.002362034537575462
2019-05-31 12:20:00,0.0030738657171075993
2019-05-31 12:25:00,0.003785696896639737
2019-05-31 12:30:00,0.004497528076171875
2019-05-31 12:35:00,0.003228505452473958
2019-05-31 12:40:00,0.0019594828287760415
2019-05-31 12:45:00,0.000690460205078125
2019-05-31 12:50:00,8.678436279296875e-05
2019-05-31 12:55:00,0.0014209747314453125
2019-05-31 13:00:00,0.021984100341796875
2019-05-31 13:05:00,0.04254722595214844
2019-05-31 13:10:00,0.0631103515625
2019-05-31 13:15:00,0.04749274253845215
2019-05-31 13:20:00,0.0318751335144043
2019-05-31 13:25:00,0.016257524490356445
2019-05-31 13:30:00,0.0006399154663085938
2019-05-31 13:35:00,0.003590265909830729
2019-05-31 13:40:00,0.006540616353352864
2019-05-31 13:45:00,0.009490966796875
2019-05-31 13:50:00,0.0111083984375
2019-05-31 13:55:00,0.01324462890625
2019-05-31 14:00:00,0.015380859375
2019-05-31 14:05:00,0.01751708984375
2019-05-31 14:10:00,0.0196533203125
2019-05-31 14:15:00,0.02178955078125
2019-05-31 14:20:00,0.02392578125
2019-05-31 14:25:00,0.0001872380574544271
2019-05-31 14:30:00,0.005212942759195963
2019-05-31 14:35:00,0.0102386474609375
2019-05-31 14:40:00,0.0002307891845703125
2019-05-31 14:45:00,0.0002288818359375
2019-05-31 14:50:00,0.00027632713317871094
2019-05-31 14:55:00,0.0003237724304199219
2019-05-31 15:00:00,0.0003712177276611328
2019-05-31 15:05:00,0.00041866302490234375
2019-05-31 15:10:00,0.00337982177734375
2019-05-31 15:15:00,9.250640869140625e-05
2019-05-31 15:20:00,0.0001392364501953125
2019-05-31 15:25:00,0.00018596649169921875
2019-05-31 15:30:00,0.000232696533203125
2019-05-31 15:35:00,0.00032448768615722656
2019-05-31 15:40:00,0.0004162788391113281
2019-05-31 15:45:00,0.0005080699920654297
2019-05-31 15:50:00,0.0005998611450195312
2019-05-31 15:55:00,0.0015398387251229122
2019-05-31 16:00:00,0.002479816305226293
2019-05-31 16:05:00,0.0018910950627820246
2019-05-31 16:10:00,0.001302373820337756
2019-05-31 16:15:00,0.0007136525778934874
2019-05-31 16:20:00,0.00012493133544921875
2019-05-31 16:25:00,0.000965118408203125
2019-05-31 16:30:00,0.0018053054809570312
2019-05-31 16:35:00,0.0026454925537109375
2019-05-31 16:40:00,0.0034856796264648438
2019-05-31 16:45:00,0.00432586669921875
2019-05-31 16:50:00,0.019191741943359375
2019-05-31 16:55:00,0.0340576171875
2019-05-31 17:00:00,0.00028228759765625
2019-05-31 17:05:00,0.0016428470611572264
2019-05-31 17:10:00,0.003003406524658203
2019-05-31 17:15:00,0.0043639659881591795
2019-05-31 17:20:00,0.005724525451660156
2019-05-31 17:25:00,0.007085084915161132
2019-05-31 17:30:00,0.008445644378662109
2019-05-31 17:35:00,0.00763340950012207
2019-05-31 17:40:00,0.006821174621582031
2019-05-31 17:45:00,0.006008939743041992
2019-05-31 17:50:00,0.005196704864501953
2019-05-31 17:55:00,0.004384469985961914
2019-05-31 18:00:00,0.003572235107421875
2019-05-31 18:05:00,0.0027600002288818357
2019-05-31 18:10:00,0.001947765350341797
2019-05-31 18:15:00,0.0011355304718017583
2019-05-31 18:20:00,0.00032329559326171875
2019-05-31 18:25:00,0.00228271484375
2019-05-31 18:30:00,0.004242134094238281
2019-05-31 18:35:00,0.006201553344726563
2019-05-31 18:40:00,0.008160972595214843
2019-05-31 18:45:00,0.010120391845703125
2019-05-31 18:50:00,0.010668890816824777
2019-05-31 18:55:00,0.008593899863106864
2019-05-31 19:00:00,0.006518908909388951
2019-05-31 19:05:00,0.004443917955671038
2019-05-31 19:10:00,0.002368927001953125
2019-05-31 19:15:00,0.00027179718017578125
2019-05-31 19:20:00,0.0146484375
2019-05-31 19:25:00,0.0006341934204101562
2019-05-31 19:30:00,0.0034028833562677555
2019-05-31 19:35:00,0.006171573292125355
2019-05-31 19:40:00,0.008940263227982954
2019-05-31 19:45:00,0.012533463037061125
2019-05-31 19:50:00,0.016126662846139297
2019-05-31 19:55:00,0.01971986265521747
2019-05-31 20:00:00,0.02331306246429564
2019-05-31 20:05:00,0.02690626227337381
2019-05-31 20:10:00,0.001392364501953125
2019-05-31 20:15:00,0.0107574462890625
2019-05-31 20:20:00,0.01288604736328125
2019-05-31 20:25:00,0.0150146484375
2019-05-31 20:30:00,0.0004901885986328125
2019-05-31 20:35:00,0.00035953521728515625
2019-05-31 20:40:00,0.00101776123046875
2019-05-31 20:45:00,0.0016759872436523438
2019-05-31 20:50:00,0.002334213256835938
2019-05-31 20:55:00,0.0029924392700195314
2019-05-31 21:00:00,0.003650665283203125
2019-05-31 21:05:00,0.000934600830078125
2019-05-31 21:10:00,0.000621795654296875
2019-05-31 21:15:00,0.000308990478515625
2019-05-31 21:20:00,0.003582000732421875
2019-05-31 21:25:00,0.011665821075439453
2019-05-31 21:30:00,0.0892333984375
2019-05-31 21:35:00,0.06309565791377315
2019-05-31 21:40:00,0.0369579173900463
2019-05-31 21:45:00,0.010820176866319444
2019-05-31 21:50:00,0.009368260701497395
2019-05-31 21:55:00,0.007916344536675347
2019-05-31 22:00:00,0.0064644283718532985
2019-05-31 22:05:00,0.00501251220703125
2019-05-31 22:10:00,0.0036373138427734375
2019-05-31 22:15:00,0.002262115478515625
2019-05-31 22:20:00,0.0018850962320963542
2019-05-31 22:25:00,0.0015080769856770835
2019-05-31 22:30:00,0.0011310577392578125
2019-05-31 22:35:00,0.0007540384928385417
2019-05-31 22:40:00,0.000377019246419271
2019-05-31 22:45:00,0.0
2019-05-31 22:50:00,0.00014400482177734375
2019-05-31 22:55:00,0.004709931601465276
2019-05-31 23:00:00,0.009275858381153208
2019-05-31 23:05:00,0.0074464359114655345
2019-05-31 23:10:00,0.005617013441777862
2019-05-31 23:15:00,0.00378759097209019
2019-05-31 23:20:00,0.001958168502402517
2019-05-31 23:25:00,0.00012874603271484375
2019-05-31 23:30:00,0.0024826604556414038
2019-05-31 23:35:00,0.004836574878567964
2019-05-31 23:40:00,0.007190489301494523
2019-05-31 23:45:00,0.0130615234375
2019-05-31 23:50:00,0.015869140625
2019-05-31 23:55:00,0.037109375
