ts_mark,util_load,lag_1,lag_2,lag_3,lag_4,lag_5,lag_6,split_tag
2019-05-01 03:00:00,0.17916488647460938,0.043601036071777344,2.9123106002807617,0.7839012145996094,0.007968902587890625,0.847203254699707,0.2908515930175781,train
2019-05-01 03:30:00,0.012084007263183594,0.17916488647460938,0.043601036071777344,2.9123106002807617,0.7839012145996094,0.007968902587890625,0.847203254699707,train
2019-05-01 04:00:00,0.049835205078125,0.012084007263183594,0.17916488647460938,0.043601036071777344,2.9123106002807617,0.7839012145996094,0.007968902587890625,train
2019-05-01 04:30:00,3.3838253021240234,0.049835205078125,0.012084007263183594,0.17916488647460938,0.043601036071777344,2.9123106002807617,0.7839012145996094,train
2019-05-01 05:00:00,0.20633220672607422,3.3838253021240234,0.049835205078125,0.012084007263183594,0.17916488647460938,0.043601036071777344,2.9123106002807617,train
2019-05-01 05:30:00,1.7661113739013672,0.20633220672607422,3.3838253021240234,0.049835205078125,0.012084007263183594,0.17916488647460938,0.043601036071777344,train
2019-05-01 06:00:00,5.784341812133789,1.7661113739013672,0.20633220672607422,3.3838253021240234,0.049835205078125,0.012084007263183594,0.17916488647460938,train
2019-05-01 06:30:00,0.4189720153808594,5.784341812133789,1.7661113739013672,0.20633220672607422,3.3838253021240234,0.049835205078125,0.012084007263183594,train
2019-05-01 07:00:00,25.21112060546875,0.4189720153808594,5.784341812133789,1.7661113739013672,0.20633220672607422,3.3838253021240234,0.049835205078125,train
2019-05-01 07:30:00,0.0011301040649414062,25.21112060546875,0.4189720153808594,5.784341812133789,1.7661113739013672,0.20633220672607422,3.3838253021240234,train
2019-05-01 08:00:00,2.758061408996582,0.0011301040649414062,25.21112060546875,0.4189720153808594,5.784341812133789,1.7661113739013672,0.20633220672607422,train
2019-05-01 08:30:00,0.0,2.758061408996582,0.0011301040649414062,25.21112060546875,0.4189720153808594,5.784341812133789,1.7661113739013672,train
2019-05-01 09:00:00,1.1844549179077148,0.0,2.758061408996582,0.0011301040649414062,25.21112060546875,0.4189720153808594,5.784341812133789,train
2019-05-01 09:30:00,0.448394775390625,1.1844549179077148,0.0,2.758061408996582,0.0011301040649414062,25.21112060546875,0.4189720153808594,train
2019-05-01 10:00:00,31.921585083007812,0.448394775390625,1.1844549179077148,0.0,2.758061408996582,0.0011301040649414062,25.21112060546875,train
2019-05-01 10:30:00,1.486968994140625,31.921585083007812,0.448394775390625,1.1844549179077148,0.0,2.758061408996582,0.0011301040649414062,train
2019-05-01 11:00:00,0.642552375793457,1.486968994140625,31.921585083007812,0.448394775390625,1.1844549179077148,0.0,2.758061408996582,train
2019-05-01 11:30:00,3.318531036376953,0.642552375793457,1.486968994140625,31.921585083007812,0.448394775390625,1.1844549179077148,0.0,train
2019-05-01 12:00:00,0.07839775085449219,3.318531036376953,0.642552375793457,1.486968994140625,31.921585083007812,0.448394775390625,1.1844549179077148,train
2019-05-01 12:30:00,0.6737852096557617,0.07839775085449219,3.318531036376953,0.642552375793457,1.486968994140625,31.921585083007812,0.448394775390625,train
2019-05-01 13:00:00,0.18805694580078125,0.6737852096557617,0.07839775085449219,3.318531036376953,0.642552375793457,1.486968994140625,31.921585083007812,train
2019-05-01 13:30:00,0.0024099349975585938,0.18805694580078125,0.6737852096557617,0.07839775085449219,3.318531036376953,0.642552375793457,1.486968994140625,train
2019-05-01 14:00:00,0.47901439666748047,0.0024099349975585938,0.18805694580078125,0.6737852096557617,0.07839775085449219,3.318531036376953,0.642552375793457,train
2019-05-01 14:30:00,0.03493976593017578,0.47901439666748047,0.0024099349975585938,0.18805694580078125,0.6737852096557617,0.07839775085449219,3.318531036376953,train
2019-05-01 15:00:00,1.4272212982177734,0.03493976593017578,0.47901439666748047,0.0024099349975585938,0.18805694580078125,0.6737852096557617,0.07839775085449219,train
2019-05-01 15:30:00,0.40081024169921875,1.4272212982177734,0.03493976593017578,0.47901439666748047,0.0024099349975585938,0.18805694580078125,0.6737852096557617,train
2019-05-01 16:00:00,0.08752632141113281,0.40081024169921875,1.4272212982177734,0.03493976593017578,0.47901439666748047,0.0024099349975585938,0.18805694580078125,train
2019-05-01 16:30:00,0.011319160461425781,0.08752632141113281,0.40081024169921875,1.4272212982177734,0.03493976593017578,0.47901439666748047,0.0024099349975585938,train
2019-05-01 17:00:00,0.13394927978515625,0.011319160461425781,0.08752632141113281,0.40081024169921875,1.4272212982177734,0.03493976593017578,0.47901439666748047,train
2019-05-01 17:30:00,0.07140731811523438,0.13394927978515625,0.011319160461425781,0.08752632141113281,0.40081024169921875,1.4272212982177734,0.03493976593017578,train
2019-05-01 18:00:00,0.08632850646972656,0.07140731811523438,0.13394927978515625,0.011319160461425781,0.08752632141113281,0.40081024169921875,1.4272212982177734,train
2019-05-01 18:30:00,0.4496955871582031,0.08632850646972656,0.07140731811523438,0.13394927978515625,0.011319160461425781,0.08752632141113281,0.40081024169921875,train
2019-05-01 19:00:00,0.15863800048828125,0.4496955871582031,0.08632850646972656,0.07140731811523438,0.13394927978515625,0.011319160461425781,0.08752632141113281,train
2019-05-01 19:30:00,0.06165122985839844,0.15863800048828125,0.4496955871582031,0.08632850646972656,0.07140731811523438,0.13394927978515625,0.011319160461425781,train
2019-05-01 20:00:00,6.034093856811523,0.06165122985839844,0.15863800048828125,0.4496955871582031,0.08632850646972656,0.07140731811523438,0.13394927978515625,train
2019-05-01 20:30:00,0.037693023681640625,6.034093856811523,0.06165122985839844,0.15863800048828125,0.4496955871582031,0.08632850646972656,0.07140731811523438,train
2019-05-01 21:00:00,5.960341453552246,0.037693023681640625,6.034093856811523,0.06165122985839844,0.15863800048828125,0.4496955871582031,0.08632850646972656,train
2019-05-01 21:30:00,0.3230562210083008,5.960341453552246,0.037693023681640625,6.034093856811523,0.06165122985839844,0.15863800048828125,0.4496955871582031,train
2019-05-01 22:00:00,0.5314531326293945,0.3230562210083008,5.960341453552246,0.037693023681640625,6.034093856811523,0.06165122985839844,0.15863800048828125,train
2019-05-01 22:30:00,8.702099800109863,0.5314531326293945,0.3230562210083008,5.960341453552246,0.037693023681640625,6.034093856811523,0.06165122985839844,train
2019-05-01 23:00:00,4.184043884277344,8.702099800109863,0.5314531326293945,0.3230562210083008,5.960341453552246,0.037693023681640625,6.034093856811523,train
2019-05-01 23:30:00,2.051976203918457,4.184043884277344,8.702099800109863,0.5314531326293945,0.3230562210083008,5.960341453552246,0.037693023681640625,train
2019-05-02 00:00:00,0.5461139678955078,2.051976203918457,4.184043884277344,8.702099800109863,0.5314531326293945,0.3230562210083008,5.960341453552246,train
2019-05-02 00:30:00,0.3506927490234375,0.5461139678955078,2.051976203918457,4.184043884277344,8.702099800109863,0.5314531326293945,0.3230562210083008,train
2019-05-02 01:00:00,0.0,0.3506927490234375,0.5461139678955078,2.051976203918457,4.184043884277344,8.702099800109863,0.5314531326293945,train
2019-05-02 01:30:00,28.027737617492676,0.0,0.3506927490234375,0.5461139678955078,2.051976203918457,4.184043884277344,8.702099800109863,train
2019-05-02 02:00:00,0.005039215087890625,28.027737617492676,0.0,0.3506927490234375,0.5461139678955078,2.051976203918457,4.184043884277344,train
2019-05-02 02:30:00,1.202362060546875,0.005039215087890625,28.027737617492676,0.0,0.3506927490234375,0.5461139678955078,2.051976203918457,train
2019-05-02 03:00:00,9.360664367675781,1.202362060546875,0.005039215087890625,28.027737617492676,0.0,0.3506927490234375,0.5461139678955078,train
2019-05-02 03:30:00,0.5401630401611328,9.360664367675781,1.202362060546875,0.005039215087890625,28.027737617492676,0.0,0.3506927490234375,train
2019-05-02 04:00:00,0.0,0.5401630401611328,9.360664367675781,1.202362060546875,0.005039215087890625,28.027737617492676,0.0,train
2019-05-02 04:30:00,0.008283615112304688,0.0,0.5401630401611328,9.360664367675781,1.202362060546875,0.005039215087890625,28.027737617492676,train
2019-05-02 05:00:00,0.7603120803833008,0.008283615112304688,0.0,0.5401630401611328,9.360664367675781,1.202362060546875,0.005039215087890625,train
2019-05-02 05:30:00,0.032684326171875,0.7603120803833008,0.008283615112304688,0.0,0.5401630401611328,9.360664367675781,1.202362060546875,train
2019-05-02 06:00:00,0.5897836685180664,0.032684326171875,0.7603120803833008,0.008283615112304688,0.0,0.5401630401611328,9.360664367675781,train
2019-05-02 06:30:00,0.47571754455566406,0.5897836685180664,0.032684326171875,0.7603120803833008,0.008283615112304688,0.0,0.5401630401611328,train
2019-05-02 07:00:00,3.0342321395874023,0.47571754455566406,0.5897836685180664,0.032684326171875,0.7603120803833008,0.008283615112304688,0.0,train
2019-05-02 07:30:00,0.036690711975097656,3.0342321395874023,0.47571754455566406,0.5897836685180664,0.032684326171875,0.7603120803833008,0.008283615112304688,train
2019-05-02 08:00:00,0.367950439453125,0.036690711975097656,3.0342321395874023,0.47571754455566406,0.5897836685180664,0.032684326171875,0.7603120803833008,train
2019-05-02 08:30:00,0.8285665512084961,0.367950439453125,0.036690711975097656,3.0342321395874023,0.47571754455566406,0.5897836685180664,0.032684326171875,train
2019-05-02 09:00:00,0.6085691452026367,0.8285665512084961,0.367950439453125,0.036690711975097656,3.0342321395874023,0.47571754455566406,0.5897836685180664,train
2019-05-02 09:30:00,0.0018711090087890625,0.6085691452026367,0.8285665512084961,0.367950439453125,0.036690711975097656,3.0342321395874023,0.47571754455566406,train
2019-05-02 10:00:00,0.15943527221679688,0.0018711090087890625,0.6085691452026367,0.8285665512084961,0.367950439453125,0.036690711975097656,3.0342321395874023,train
2019-05-02 10:30:00,1.1029396057128906,0.15943527221679688,0.0018711090087890625,0.6085691452026367,0.8285665512084961,0.367950439453125,0.036690711975097656,train
2019-05-02 11:00:00,0.035755157470703125,1.1029396057128906,0.15943527221679688,0.0018711090087890625,0.6085691452026367,0.8285665512084961,0.367950439453125,train
2019-05-02 11:30:00,1.186777114868164,0.035755157470703125,1.1029396057128906,0.15943527221679688,0.0018711090087890625,0.6085691452026367,0.8285665512084961,train
2019-05-02 12:00:00,0.16857337951660156,1.186777114868164,0.035755157470703125,1.1029396057128906,0.15943527221679688,0.0018711090087890625,0.6085691452026367,train
2019-05-02 12:30:00,0.09734725952148438,0.16857337951660156,1.186777114868164,0.035755157470703125,1.1029396057128906,0.15943527221679688,0.0018711090087890625,train
2019-05-02 13:00:00,1.543060302734375,0.09734725952148438,0.16857337951660156,1.186777114868164,0.035755157470703125,1.1029396057128906,0.15943527221679688,train
2019-05-02 13:30:00,3.8368616104125977,1.543060302734375,0.09734725952148438,0.16857337951660156,1.186777114868164,0.035755157470703125,1.1029396057128906,train
2019-05-02 14:00:00,0.22419452667236328,3.8368616104125977,1.543060302734375,0.09734725952148438,0.16857337951660156,1.186777114868164,0.035755157470703125,train
2019-05-02 14:30:00,0.5613775253295898,0.22419452667236328,3.8368616104125977,1.543060302734375,0.09734725952148438,0.16857337951660156,1.186777114868164,train
2019-05-02 15:00:00,0.06675243377685547,0.5613775253295898,0.22419452667236328,3.8368616104125977,1.543060302734375,0.09734725952148438,0.16857337951660156,train
2019-05-02 15:30:00,1.4866294860839844,0.06675243377685547,0.5613775253295898,0.22419452667236328,3.8368616104125977,1.543060302734375,0.09734725952148438,train
2019-05-02 16:00:00,1.9432239532470703,1.4866294860839844,0.06675243377685547,0.5613775253295898,0.22419452667236328,3.8368616104125977,1.543060302734375,train
2019-05-02 16:30:00,0.36069488525390625,1.9432239532470703,1.4866294860839844,0.06675243377685547,0.5613775253295898,0.22419452667236328,3.8368616104125977,train
2019-05-02 17:00:00,0.0692586898803711,0.36069488525390625,1.9432239532470703,1.4866294860839844,0.06675243377685547,0.5613775253295898,0.22419452667236328,train
2019-05-02 17:30:00,32.32587814331055,0.0692586898803711,0.36069488525390625,1.9432239532470703,1.4866294860839844,0.06675243377685547,0.5613775253295898,train
2019-05-02 18:00:00,0.2677803039550781,32.32587814331055,0.0692586898803711,0.36069488525390625,1.9432239532470703,1.4866294860839844,0.06675243377685547,train
2019-05-02 18:30:00,16.530930519104004,0.2677803039550781,32.32587814331055,0.0692586898803711,0.36069488525390625,1.9432239532470703,1.4866294860839844,train
2019-05-02 19:00:00,1.1250572204589844,16.530930519104004,0.2677803039550781,32.32587814331055,0.0692586898803711,0.36069488525390625,1.9432239532470703,train
2019-05-02 19:30:00,0.04952430725097656,1.1250572204589844,16.530930519104004,0.2677803039550781,32.32587814331055,0.0692586898803711,0.36069488525390625,train
2019-05-02 20:00:00,0.028432846069335938,0.04952430725097656,1.1250572204589844,16.530930519104004,0.2677803039550781,32.32587814331055,0.0692586898803711,train
2019-05-02 20:30:00,1.3172216415405273,0.028432846069335938,0.04952430725097656,1.1250572204589844,16.530930519104004,0.2677803039550781,32.32587814331055,train
2019-05-02 21:00:00,2.227558135986328,1.3172216415405273,0.028432846069335938,0.04952430725097656,1.1250572204589844,16.530930519104004,0.2677803039550781,train
2019-05-02 21:30:00,0.00609588623046875,2.227558135986328,1.3172216415405273,0.028432846069335938,0.04952430725097656,1.1250572204589844,16.530930519104004,train
2019-05-02 22:00:00,0.7262697219848633,0.00609588623046875,2.227558135986328,1.3172216415405273,0.028432846069335938,0.04952430725097656,1.1250572204589844,train
2019-05-02 22:30:00,1.17254638671875,0.7262697219848633,0.00609588623046875,2.227558135986328,1.3172216415405273,0.028432846069335938,0.04952430725097656,train
2019-05-02 23:00:00,6.9572553634643555,1.17254638671875,0.7262697219848633,0.00609588623046875,2.227558135986328,1.3172216415405273,0.028432846069335938,train
2019-05-02 23:30:00,5.281403541564941,6.9572553634643555,1.17254638671875,0.7262697219848633,0.00609588623046875,2.227558135986328,1.3172216415405273,train
2019-05-03 00:00:00,0.4265756607055664,5.281403541564941,6.9572553634643555,1.17254638671875,0.7262697219848633,0.00609588623046875,2.227558135986328,train
2019-05-03 00:30:00,5.761316299438477,0.4265756607055664,5.281403541564941,6.9572553634643555,1.17254638671875,0.7262697219848633,0.00609588623046875,train
2019-05-03 01:00:00,0.020928382873535156,5.761316299438477,0.4265756607055664,5.281403541564941,6.9572553634643555,1.17254638671875,0.7262697219848633,train
2019-05-03 01:30:00,4.053947448730469,0.020928382873535156,5.761316299438477,0.4265756607055664,5.281403541564941,6.9572553634643555,1.17254638671875,train
2019-05-03 02:00:00,3.513376235961914,4.053947448730469,0.020928382873535156,5.761316299438477,0.4265756607055664,5.281403541564941,6.9572553634643555,train
2019-05-03 02:30:00,40.434969902038574,3.513376235961914,4.053947448730469,0.020928382873535156,5.761316299438477,0.4265756607055664,5.281403541564941,train
2019-05-03 03:00:00,0.32340335845947266,40.434969902038574,3.513376235961914,4.053947448730469,0.020928382873535156,5.761316299438477,0.4265756607055664,train
2019-05-03 03:30:00,0.010305404663085938,0.32340335845947266,40.434969902038574,3.513376235961914,4.053947448730469,0.020928382873535156,5.761316299438477,train
2019-05-03 04:00:00,0.16109466552734375,0.010305404663085938,0.32340335845947266,40.434969902038574,3.513376235961914,4.053947448730469,0.020928382873535156,train
2019-05-03 04:30:00,0.9645395278930664,0.16109466552734375,0.010305404663085938,0.32340335845947266,40.434969902038574,3.513376235961914,4.053947448730469,train
2019-05-03 05:00:00,0.09873580932617188,0.9645395278930664,0.16109466552734375,0.010305404663085938,0.32340335845947266,40.434969902038574,3.513376235961914,train
2019-05-03 05:30:00,0.5727748870849609,0.09873580932617188,0.9645395278930664,0.16109466552734375,0.010305404663085938,0.32340335845947266,40.434969902038574,train
2019-05-03 06:00:00,2.5614919662475586,0.5727748870849609,0.09873580932617188,0.9645395278930664,0.16109466552734375,0.010305404663085938,0.32340335845947266,train
2019-05-03 06:30:00,0.7220325469970703,2.5614919662475586,0.5727748870849609,0.09873580932617188,0.9645395278930664,0.16109466552734375,0.010305404663085938,train
2019-05-03 07:00:00,1.0727462768554688,0.7220325469970703,2.5614919662475586,0.5727748870849609,0.09873580932617188,0.9645395278930664,0.16109466552734375,train
2019-05-03 07:30:00,0.00726318359375,1.0727462768554688,0.7220325469970703,2.5614919662475586,0.5727748870849609,0.09873580932617188,0.9645395278930664,train
2019-05-03 08:00:00,0.0635223388671875,0.00726318359375,1.0727462768554688,0.7220325469970703,2.5614919662475586,0.5727748870849609,0.09873580932617188,train
2019-05-03 08:30:00,0.019310951232910156,0.0635223388671875,0.00726318359375,1.0727462768554688,0.7220325469970703,2.5614919662475586,0.5727748870849609,train
2019-05-03 09:00:00,0.13592243194580078,0.019310951232910156,0.0635223388671875,0.00726318359375,1.0727462768554688,0.7220325469970703,2.5614919662475586,train
2019-05-03 09:30:00,0.02135944366455078,0.13592243194580078,0.019310951232910156,0.0635223388671875,0.00726318359375,1.0727462768554688,0.7220325469970703,train
2019-05-03 10:00:00,0.4049205780029297,0.02135944366455078,0.13592243194580078,0.019310951232910156,0.0635223388671875,0.00726318359375,1.0727462768554688,train
2019-05-03 10:30:00,0.032047271728515625,0.4049205780029297,0.02135944366455078,0.13592243194580078,0.019310951232910156,0.0635223388671875,0.00726318359375,train
2019-05-03 11:00:00,0.0709981918334961,0.032047271728515625,0.4049205780029297,0.02135944366455078,0.13592243194580078,0.019310951232910156,0.0635223388671875,train
2019-05-03 11:30:00,0.01584625244140625,0.0709981918334961,0.032047271728515625,0.4049205780029297,0.02135944366455078,0.13592243194580078,0.019310951232910156,train
2019-05-03 12:00:00,31.27272129058838,0.01584625244140625,0.0709981918334961,0.032047271728515625,0.4049205780029297,0.02135944366455078,0.13592243194580078,train
2019-05-03 12:30:00,0.0,31.27272129058838,0.01584625244140625,0.0709981918334961,0.032047271728515625,0.4049205780029297,0.02135944366455078,train
2019-05-03 13:00:00,0.4433927536010742,0.0,31.27272129058838,0.01584625244140625,0.0709981918334961,0.032047271728515625,0.4049205780029297,train
2019-05-03 13:30:00,0.4336872100830078,0.4433927536010742,0.0,31.27272129058838,0.01584625244140625,0.0709981918334961,0.032047271728515625,train
2019-05-03 14:00:00,0.21388721466064453,0.4336872100830078,0.4433927536010742,0.0,31.27272129058838,0.01584625244140625,0.0709981918334961,train
2019-05-03 14:30:00,0.9654884338378906,0.21388721466064453,0.4336872100830078,0.4433927536010742,0.0,31.27272129058838,0.01584625244140625,train
2019-05-03 15:00:00,0.05774497985839844,0.9654884338378906,0.21388721466064453,0.4336872100830078,0.4433927536010742,0.0,31.27272129058838,train
2019-05-03 15:30:00,0.3365516662597656,0.05774497985839844,0.9654884338378906,0.21388721466064453,0.4336872100830078,0.4433927536010742,0.0,train
2019-05-03 16:00:00,0.2380990982055664,0.3365516662597656,0.05774497985839844,0.9654884338378906,0.21388721466064453,0.4336872100830078,0.4433927536010742,train
2019-05-03 16:30:00,0.43667030334472656,0.2380990982055664,0.3365516662597656,0.05774497985839844,0.9654884338378906,0.21388721466064453,0.4336872100830078,train
2019-05-03 17:00:00,1.6168231964111328,0.43667030334472656,0.2380990982055664,0.3365516662597656,0.05774497985839844,0.9654884338378906,0.21388721466064453,train
2019-05-03 17:30:00,0.48136425018310547,1.6168231964111328,0.43667030334472656,0.2380990982055664,0.3365516662597656,0.05774497985839844,0.9654884338378906,train
2019-05-03 18:00:00,0.5878143310546875,0.48136425018310547,1.6168231964111328,0.43667030334472656,0.2380990982055664,0.3365516662597656,0.05774497985839844,train
2019-05-03 18:30:00,0.026691436767578125,0.5878143310546875,0.48136425018310547,1.6168231964111328,0.43667030334472656,0.2380990982055664,0.3365516662597656,train
2019-05-03 19:00:00,2.2356796264648438,0.026691436767578125,0.5878143310546875,0.48136425018310547,1.6168231964111328,0.43667030334472656,0.2380990982055664,train
2019-05-03 19:30:00,0.03744697570800781,2.2356796264648438,0.026691436767578125,0.5878143310546875,0.48136425018310547,1.6168231964111328,0.43667030334472656,train
2019-05-03 20:00:00,0.07633018493652344,0.03744697570800781,2.2356796264648438,0.026691436767578125,0.5878143310546875,0.48136425018310547,1.6168231964111328,train
2019-05-03 20:30:00,0.08079051971435547,0.07633018493652344,0.03744697570800781,2.2356796264648438,0.026691436767578125,0.5878143310546875,0.48136425018310547,train
2019-05-03 21:00:00,0.2085409164428711,0.08079051971435547,0.07633018493652344,0.03744697570800781,2.2356796264648438,0.026691436767578125,0.5878143310546875,train
2019-05-03 21:30:00,0.2783699035644531,0.2085409164428711,0.08079051971435547,0.07633018493652344,0.03744697570800781,2.2356796264648438,0.026691436767578125,train
2019-05-03 22:00:00,9.556519508361816,0.2783699035644531,0.2085409164428711,0.08079051971435547,0.07633018493652344,0.03744697570800781,2.2356796264648438,train
2019-05-03 22:30:00,1.22869873046875,9.556519508361816,0.2783699035644531,0.2085409164428711,0.08079051971435547,0.07633018493652344,0.03744697570800781,train
2019-05-03 23:00:00,1.70269775390625,1.22869873046875,9.556519508361816,0.2783699035644531,0.2085409164428711,0.08079051971435547,0.07633018493652344,train
2019-05-03 23:30:00,0.10953712463378906,1.70269775390625,1.22869873046875,9.556519508361816,0.2783699035644531,0.2085409164428711,0.08079051971435547,train
2019-05-04 00:00:00,0.18427562713623047,0.10953712463378906,1.70269775390625,1.22869873046875,9.556519508361816,0.2783699035644531,0.2085409164428711,train
2019-05-04 00:30:00,1.6961612701416016,0.18427562713623047,0.10953712463378906,1.70269775390625,1.22869873046875,9.556519508361816,0.2783699035644531,train
2019-05-04 01:00:00,0.042029380798339844,1.6961612701416016,0.18427562713623047,0.10953712463378906,1.70269775390625,1.22869873046875,9.556519508361816,train
2019-05-04 01:30:00,0.0040721893310546875,0.042029380798339844,1.6961612701416016,0.18427562713623047,0.10953712463378906,1.70269775390625,1.22869873046875,train
2019-05-04 02:00:00,0.5090713500976562,0.0040721893310546875,0.042029380798339844,1.6961612701416016,0.18427562713623047,0.10953712463378906,1.70269775390625,train
2019-05-04 02:30:00,0.878662109375,0.5090713500976562,0.0040721893310546875,0.042029380798339844,1.6961612701416016,0.18427562713623047,0.10953712463378906,train
2019-05-04 03:00:00,0.0647287368774414,0.878662109375,0.5090713500976562,0.0040721893310546875,0.042029380798339844,1.6961612701416016,0.18427562713623047,train
2019-05-04 03:30:00,0.6442127227783203,0.0647287368774414,0.878662109375,0.5090713500976562,0.0040721893310546875,0.042029380798339844,1.6961612701416016,train
2019-05-04 04:00:00,1.2573604583740234,0.6442127227783203,0.0647287368774414,0.878662109375,0.5090713500976562,0.0040721893310546875,0.042029380798339844,train
2019-05-04 04:30:00,0.014287948608398438,1.2573604583740234,0.6442127227783203,0.0647287368774414,0.878662109375,0.5090713500976562,0.0040721893310546875,train
2019-05-04 05:00:00,0.6166276931762695,0.014287948608398438,1.2573604583740234,0.6442127227783203,0.0647287368774414,0.878662109375,0.5090713500976562,train
2019-05-04 05:30:00,0.027257919311523438,0.6166276931762695,0.014287948608398438,1.2573604583740234,0.6442127227783203,0.0647287368774414,0.878662109375,train
2019-05-04 06:00:00,0.6915874481201172,0.027257919311523438,0.6166276931762695,0.014287948608398438,1.2573604583740234,0.6442127227783203,0.0647287368774414,train
2019-05-04 06:30:00,7.206957817077637,0.6915874481201172,0.027257919311523438,0.6166276931762695,0.014287948608398438,1.2573604583740234,0.6442127227783203,train
2019-05-04 07:00:00,3.1699752807617188,7.206957817077637,0.6915874481201172,0.027257919311523438,0.6166276931762695,0.014287948608398438,1.2573604583740234,train
2019-05-04 07:30:00,0.003269195556640625,3.1699752807617188,7.206957817077637,0.6915874481201172,0.027257919311523438,0.6166276931762695,0.014287948608398438,train
2019-05-04 08:00:00,1.9907560348510742,0.003269195556640625,3.1699752807617188,7.206957817077637,0.6915874481201172,0.027257919311523438,0.6166276931762695,train
2019-05-04 08:30:00,0.0,1.9907560348510742,0.003269195556640625,3.1699752807617188,7.206957817077637,0.6915874481201172,0.027257919311523438,train
2019-05-04 09:00:00,3.3881988525390625,0.0,1.9907560348510742,0.003269195556640625,3.1699752807617188,7.206957817077637,0.6915874481201172,train
2019-05-04 09:30:00,0.22772598266601562,3.3881988525390625,0.0,1.9907560348510742,0.003269195556640625,3.1699752807617188,7.206957817077637,train
2019-05-04 10:00:00,8.052234649658203,0.22772598266601562,3.3881988525390625,0.0,1.9907560348510742,0.003269195556640625,3.1699752807617188,train
2019-05-04 10:30:00,2.093602180480957,8.052234649658203,0.22772598266601562,3.3881988525390625,0.0,1.9907560348510742,0.003269195556640625,train
2019-05-04 11:00:00,0.2746086120605469,2.093602180480957,8.052234649658203,0.22772598266601562,3.3881988525390625,0.0,1.9907560348510742,train
2019-05-04 11:30:00,0.09019088745117188,0.2746086120605469,2.093602180480957,8.052234649658203,0.22772598266601562,3.3881988525390625,0.0,train
2019-05-04 12:00:00,0.011106491088867188,0.09019088745117188,0.2746086120605469,2.093602180480957,8.052234649658203,0.22772598266601562,3.3881988525390625,train
2019-05-04 12:30:00,0.1449871063232422,0.011106491088867188,0.09019088745117188,0.2746086120605469,2.093602180480957,8.052234649658203,0.22772598266601562,train
2019-05-04 13:00:00,0.8758373260498047,0.1449871063232422,0.011106491088867188,0.09019088745117188,0.2746086120605469,2.093602180480957,8.052234649658203,train
2019-05-04 13:30:00,0.560272216796875,0.8758373260498047,0.1449871063232422,0.011106491088867188,0.09019088745117188,0.2746086120605469,2.093602180480957,train
2019-05-04 14:00:00,0.11106109619140625,0.560272216796875,0.8758373260498047,0.1449871063232422,0.011106491088867188,0.09019088745117188,0.2746086120605469,train
2019-05-04 14:30:00,0.011971473693847656,0.11106109619140625,0.560272216796875,0.8758373260498047,0.1449871063232422,0.011106491088867188,0.09019088745117188,train
2019-05-04 15:00:00,0.2715339660644531,0.011971473693847656,0.11106109619140625,0.560272216796875,0.8758373260498047,0.1449871063232422,0.011106491088867188,train
2019-05-04 15:30:00,0.18895912170410156,0.2715339660644531,0.011971473693847656,0.11106109619140625,0.560272216796875,0.8758373260498047,0.1449871063232422,train
2019-05-04 16:00:00,2.468801498413086,0.18895912170410156,0.2715339660644531,0.011971473693847656,0.11106109619140625,0.560272216796875,0.8758373260498047,train
2019-05-04 16:30:00,0.10892391204833984,2.468801498413086,0.18895912170410156,0.2715339660644531,0.011971473693847656,0.11106109619140625,0.560272216796875,train
2019-05-04 17:00:00,0.027017593383789062,0.10892391204833984,2.468801498413086,0.18895912170410156,0.2715339660644531,0.011971473693847656,0.11106109619140625,train
2019-05-04 17:30:00,0.38179779052734375,0.027017593383789062,0.10892391204833984,2.468801498413086,0.18895912170410156,0.2715339660644531,0.011971473693847656,train
2019-05-04 18:00:00,1.7614173889160156,0.38179779052734375,0.027017593383789062,0.10892391204833984,2.468801498413086,0.18895912170410156,0.2715339660644531,train
2019-05-04 18:30:00,1.5982208251953125,1.7614173889160156,0.38179779052734375,0.027017593383789062,0.10892391204833984,2.468801498413086,0.18895912170410156,train
2019-05-04 19:00:00,0.7053470611572266,1.5982208251953125,1.7614173889160156,0.38179779052734375,0.027017593383789062,0.10892391204833984,2.468801498413086,train
2019-05-04 19:30:00,3.3973264694213867,0.7053470611572266,1.5982208251953125,1.7614173889160156,0.38179779052734375,0.027017593383789062,0.10892391204833984,train
2019-05-04 20:00:00,4.290802001953125,3.3973264694213867,0.7053470611572266,1.5982208251953125,1.7614173889160156,0.38179779052734375,0.027017593383789062,train
2019-05-04 20:30:00,0.8014154434204102,4.290802001953125,3.3973264694213867,0.7053470611572266,1.5982208251953125,1.7614173889160156,0.38179779052734375,train
2019-05-04 21:00:00,0.016373634338378906,0.8014154434204102,4.290802001953125,3.3973264694213867,0.7053470611572266,1.5982208251953125,1.7614173889160156,train
2019-05-04 21:30:00,1.4631328582763672,0.016373634338378906,0.8014154434204102,4.290802001953125,3.3973264694213867,0.7053470611572266,1.5982208251953125,train
2019-05-04 22:00:00,0.026309967041015625,1.4631328582763672,0.016373634338378906,0.8014154434204102,4.290802001953125,3.3973264694213867,0.7053470611572266,train
2019-05-04 22:30:00,0.068817138671875,0.026309967041015625,1.4631328582763672,0.016373634338378906,0.8014154434204102,4.290802001953125,3.3973264694213867,train
2019-05-04 23:00:00,0.027330398559570312,0.068817138671875,0.026309967041015625,1.4631328582763672,0.016373634338378906,0.8014154434204102,4.290802001953125,train
2019-05-04 23:30:00,6.501432418823242,0.027330398559570312,0.068817138671875,0.026309967041015625,1.4631328582763672,0.016373634338378906,0.8014154434204102,train
2019-05-05 00:00:00,0.2621603012084961,6.501432418823242,0.027330398559570312,0.068817138671875,0.026309967041015625,1.4631328582763672,0.016373634338378906,train
2019-05-05 00:30:00,0.0192413330078125,0.2621603012084961,6.501432418823242,0.027330398559570312,0.068817138671875,0.026309967041015625,1.4631328582763672,train
2019-05-05 01:00:00,0.09790992736816406,0.0192413330078125,0.2621603012084961,6.501432418823242,0.027330398559570312,0.068817138671875,0.026309967041015625,train
2019-05-05 01:30:00,0.011290550231933594,0.09790992736816406,0.0192413330078125,0.2621603012084961,6.501432418823242,0.027330398559570312,0.068817138671875,train
2019-05-05 02:00:00,0.002384185791015625,0.011290550231933594,0.09790992736816406,0.0192413330078125,0.2621603012084961,6.501432418823242,0.027330398559570312,train
2019-05-05 02:30:00,1.2728919982910156,0.002384185791015625,0.011290550231933594,0.09790992736816406,0.0192413330078125,0.2621603012084961,6.501432418823242,train
2019-05-05 03:00:00,0.0256500244140625,1.2728919982910156,0.002384185791015625,0.011290550231933594,0.09790992736816406,0.0192413330078125,0.2621603012084961,train
2019-05-05 03:30:00,0.33123016357421875,0.0256500244140625,1.2728919982910156,0.002384185791015625,0.011290550231933594,0.09790992736816406,0.0192413330078125,train
2019-05-05 04:00:00,0.09026336669921875,0.33123016357421875,0.0256500244140625,1.2728919982910156,0.002384185791015625,0.011290550231933594,0.09790992736816406,train
2019-05-05 04:30:00,0.0034818649291992188,0.09026336669921875,0.33123016357421875,0.0256500244140625,1.2728919982910156,0.002384185791015625,0.011290550231933594,train
2019-05-05 05:00:00,0.3448448181152344,0.0034818649291992188,0.09026336669921875,0.33123016357421875,0.0256500244140625,1.2728919982910156,0.002384185791015625,train
2019-05-05 05:30:00,0.03342914581298828,0.3448448181152344,0.0034818649291992188,0.09026336669921875,0.33123016357421875,0.0256500244140625,1.2728919982910156,train
2019-05-05 06:00:00,0.0015735626220703125,0.03342914581298828,0.3448448181152344,0.0034818649291992188,0.09026336669921875,0.33123016357421875,0.0256500244140625,train
2019-05-05 06:30:00,4.941842079162598,0.0015735626220703125,0.03342914581298828,0.3448448181152344,0.0034818649291992188,0.09026336669921875,0.33123016357421875,train
2019-05-05 07:00:00,0.13767433166503906,4.941842079162598,0.0015735626220703125,0.03342914581298828,0.3448448181152344,0.0034818649291992188,0.09026336669921875,train
2019-05-05 07:30:00,1.089803695678711,0.13767433166503906,4.941842079162598,0.0015735626220703125,0.03342914581298828,0.3448448181152344,0.0034818649291992188,train
2019-05-05 08:00:00,0.00726318359375,1.089803695678711,0.13767433166503906,4.941842079162598,0.0015735626220703125,0.03342914581298828,0.3448448181152344,train
2019-05-05 08:30:00,0.018838882446289062,0.00726318359375,1.089803695678711,0.13767433166503906,4.941842079162598,0.0015735626220703125,0.03342914581298828,train
2019-05-05 09:00:00,0.5848054885864258,0.018838882446289062,0.00726318359375,1.089803695678711,0.13767433166503906,4.941842079162598,0.0015735626220703125,train
2019-05-05 09:30:00,1.2739629745483398,0.5848054885864258,0.018838882446289062,0.00726318359375,1.089803695678711,0.13767433166503906,4.941842079162598,train
2019-05-05 10:00:00,0.4261493682861328,1.2739629745483398,0.5848054885864258,0.018838882446289062,0.00726318359375,1.089803695678711,0.13767433166503906,train
2019-05-05 10:30:00,0.00299072265625,0.4261493682861328,1.2739629745483398,0.5848054885864258,0.018838882446289062,0.00726318359375,1.089803695678711,train
2019-05-05 11:00:00,8.760644912719727,0.00299072265625,0.4261493682861328,1.2739629745483398,0.5848054885864258,0.018838882446289062,0.00726318359375,train
2019-05-05 11:30:00,0.022118568420410156,8.760644912719727,0.00299072265625,0.4261493682861328,1.2739629745483398,0.5848054885864258,0.018838882446289062,train
2019-05-05 12:00:00,0.0020503997802734375,0.022118568420410156,8.760644912719727,0.00299072265625,0.4261493682861328,1.2739629745483398,0.5848054885864258,train
2019-05-05 12:30:00,0.009016990661621094,0.0020503997802734375,0.022118568420410156,8.760644912719727,0.00299072265625,0.4261493682861328,1.2739629745483398,train
2019-05-05 13:00:00,14.752657890319824,0.009016990661621094,0.0020503997802734375,0.022118568420410156,8.760644912719727,0.00299072265625,0.4261493682861328,train
2019-05-05 13:30:00,0.17425918579101562,14.752657890319824,0.009016990661621094,0.0020503997802734375,0.022118568420410156,8.760644912719727,0.00299072265625,train
2019-05-05 14:00:00,0.039055824279785156,0.17425918579101562,14.752657890319824,0.009016990661621094,0.0020503997802734375,0.022118568420410156,8.760644912719727,train
2019-05-05 14:30:00,5.612138748168945,0.039055824279785156,0.17425918579101562,14.752657890319824,0.009016990661621094,0.0020503997802734375,0.022118568420410156,train
2019-05-05 15:00:00,0.6348648071289062,5.612138748168945,0.039055824279785156,0.17425918579101562,14.752657890319824,0.009016990661621094,0.0020503997802734375,train
2019-05-05 15:30:00,2.0195837020874023,0.6348648071289062,5.612138748168945,0.039055824279785156,0.17425918579101562,14.752657890319824,0.009016990661621094,train
2019-05-05 16:00:00,0.11048221588134766,2.0195837020874023,0.6348648071289062,5.612138748168945,0.039055824279785156,0.17425918579101562,14.752657890319824,train
2019-05-05 16:30:00,0.0040378570556640625,0.11048221588134766,2.0195837020874023,0.6348648071289062,5.612138748168945,0.039055824279785156,0.17425918579101562,train
2019-05-05 17:00:00,0.2795867919921875,0.0040378570556640625,0.11048221588134766,2.0195837020874023,0.6348648071289062,5.612138748168945,0.039055824279785156,train
2019-05-05 17:30:00,0.18009281158447266,0.2795867919921875,0.0040378570556640625,0.11048221588134766,2.0195837020874023,0.6348648071289062,5.612138748168945,train
2019-05-05 18:00:00,0.20318222045898438,0.18009281158447266,0.2795867919921875,0.0040378570556640625,0.11048221588134766,2.0195837020874023,0.6348648071289062,train
2019-05-05 18:30:00,1.4058961868286133,0.20318222045898438,0.18009281158447266,0.2795867919921875,0.0040378570556640625,0.11048221588134766,2.0195837020874023,train
2019-05-05 19:00:00,7.507972717285156,1.4058961868286133,0.20318222045898438,0.18009281158447266,0.2795867919921875,0.0040378570556640625,0.11048221588134766,train
2019-05-05 19:30:00,1.9248199462890625,7.507972717285156,1.4058961868286133,0.20318222045898438,0.18009281158447266,0.2795867919921875,0.0040378570556640625,train
2019-05-05 20:00:00,0.04358863830566406,1.9248199462890625,7.507972717285156,1.4058961868286133,0.20318222045898438,0.18009281158447266,0.2795867919921875,train
2019-05-05 20:30:00,0.0789194107055664,0.04358863830566406,1.9248199462890625,7.507972717285156,1.4058961868286133,0.20318222045898438,0.18009281158447266,train
2019-05-05 21:00:00,0.04302978515625,0.0789194107055664,0.04358863830566406,1.9248199462890625,7.507972717285156,1.4058961868286133,0.20318222045898438,train
2019-05-05 21:30:00,0.15538406372070312,0.04302978515625,0.0789194107055664,0.04358863830566406,1.9248199462890625,7.507972717285156,1.4058961868286133,train
2019-05-05 22:00:00,0.03737354278564453,0.15538406372070312,0.04302978515625,0.0789194107055664,0.04358863830566406,1.9248199462890625,7.507972717285156,train
2019-05-05 22:30:00,1.2094755172729492,0.03737354278564453,0.15538406372070312,0.04302978515625,0.0789194107055664,0.04358863830566406,1.9248199462890625,train
2019-05-05 23:00:00,1.3627710342407227,1.2094755172729492,0.03737354278564453,0.15538406372070312,0.04302978515625,0.0789194107055664,0.04358863830566406,train
2019-05-05 23:30:00,1.0668678283691406,1.3627710342407227,1.2094755172729492,0.03737354278564453,0.15538406372070312,0.04302978515625,0.0789194107055664,train
2019-05-06 00:00:00,0.11653518676757812,1.0668678283691406,1.3627710342407227,1.2094755172729492,0.03737354278564453,0.15538406372070312,0.04302978515625,train
2019-05-06 00:30:00,5.082709312438965,0.11653518676757812,1.0668678283691406,1.3627710342407227,1.2094755172729492,0.03737354278564453,0.15538406372070312,train
2019-05-06 01:00:00,0.010704994201660156,5.082709312438965,0.11653518676757812,1.0668678283691406,1.3627710342407227,1.2094755172729492,0.03737354278564453,train
2019-05-06 01:30:00,0.07249641418457031,0.010704994201660156,5.082709312438965,0.11653518676757812,1.0668678283691406,1.3627710342407227,1.2094755172729492,train
2019-05-06 02:00:00,0.4121589660644531,0.07249641418457031,0.010704994201660156,5.082709312438965,0.11653518676757812,1.0668678283691406,1.3627710342407227,train
2019-05-06 02:30:00,32.47659397125244,0.4121589660644531,0.07249641418457031,0.010704994201660156,5.082709312438965,0.11653518676757812,1.0668678283691406,train
2019-05-06 03:00:00,0.080322265625,32.47659397125244,0.4121589660644531,0.07249641418457031,0.010704994201660156,5.082709312438965,0.11653518676757812,train
2019-05-06 03:30:00,0.0022649765014648438,0.080322265625,32.47659397125244,0.4121589660644531,0.07249641418457031,0.010704994201660156,5.082709312438965,train
2019-05-06 04:00:00,0.0958852767944336,0.0022649765014648438,0.080322265625,32.47659397125244,0.4121589660644531,0.07249641418457031,0.010704994201660156,train
2019-05-06 04:30:00,0.39925098419189453,0.0958852767944336,0.0022649765014648438,0.080322265625,32.47659397125244,0.4121589660644531,0.07249641418457031,train
2019-05-06 05:00:00,1.2080097198486328,0.39925098419189453,0.0958852767944336,0.0022649765014648438,0.080322265625,32.47659397125244,0.4121589660644531,train
2019-05-06 05:30:00,0.0008306503295898438,1.2080097198486328,0.39925098419189453,0.0958852767944336,0.0022649765014648438,0.080322265625,32.47659397125244,train
2019-05-06 06:00:00,2.320927619934082,0.0008306503295898438,1.2080097198486328,0.39925098419189453,0.0958852767944336,0.0022649765014648438,0.080322265625,train
2019-05-06 06:30:00,6.063486099243164,2.320927619934082,0.0008306503295898438,1.2080097198486328,0.39925098419189453,0.0958852767944336,0.0022649765014648438,train
2019-05-06 07:00:00,0.0009355545043945312,6.063486099243164,2.320927619934082,0.0008306503295898438,1.2080097198486328,0.39925098419189453,0.0958852767944336,train
2019-05-06 07:30:00,0.06269073486328125,0.0009355545043945312,6.063486099243164,2.320927619934082,0.0008306503295898438,1.2080097198486328,0.39925098419189453,train
2019-05-06 08:00:00,0.029775619506835938,0.06269073486328125,0.0009355545043945312,6.063486099243164,2.320927619934082,0.0008306503295898438,1.2080097198486328,train
2019-05-06 08:30:00,0.1568450927734375,0.029775619506835938,0.06269073486328125,0.0009355545043945312,6.063486099243164,2.320927619934082,0.0008306503295898438,train
2019-05-06 09:00:00,0.030382156372070312,0.1568450927734375,0.029775619506835938,0.06269073486328125,0.0009355545043945312,6.063486099243164,2.320927619934082,train
2019-05-06 09:30:00,0.0,0.030382156372070312,0.1568450927734375,0.029775619506835938,0.06269073486328125,0.0009355545043945312,6.063486099243164,train
2019-05-06 10:00:00,0.07547760009765625,0.0,0.030382156372070312,0.1568450927734375,0.029775619506835938,0.06269073486328125,0.0009355545043945312,train
2019-05-06 10:30:00,0.0,0.07547760009765625,0.0,0.030382156372070312,0.1568450927734375,0.029775619506835938,0.06269073486328125,train
2019-05-06 11:00:00,4.354560852050781,0.0,0.07547760009765625,0.0,0.030382156372070312,0.1568450927734375,0.029775619506835938,train
2019-05-06 11:30:00,9.877592086791992,4.354560852050781,0.0,0.07547760009765625,0.0,0.030382156372070312,0.1568450927734375,train
2019-05-06 12:00:00,0.038031578063964844,9.877592086791992,4.354560852050781,0.0,0.07547760009765625,0.0,0.030382156372070312,train
2019-05-06 12:30:00,0.13459300994873047,0.038031578063964844,9.877592086791992,4.354560852050781,0.0,0.07547760009765625,0.0,train
2019-05-06 13:00:00,0.2843284606933594,0.13459300994873047,0.038031578063964844,9.877592086791992,4.354560852050781,0.0,0.07547760009765625,train
2019-05-06 13:30:00,4.914222717285156,0.2843284606933594,0.13459300994873047,0.038031578063964844,9.877592086791992,4.354560852050781,0.0,train
2019-05-06 14:00:00,0.22284603118896484,4.914222717285156,0.2843284606933594,0.13459300994873047,0.038031578063964844,9.877592086791992,4.354560852050781,train
2019-05-06 14:30:00,0.10636425018310547,0.22284603118896484,4.914222717285156,0.2843284606933594,0.13459300994873047,0.038031578063964844,9.877592086791992,train
2019-05-06 15:00:00,0.2525472640991211,0.10636425018310547,0.22284603118896484,4.914222717285156,0.2843284606933594,0.13459300994873047,0.038031578063964844,train
2019-05-06 15:30:00,0.012029647827148438,0.2525472640991211,0.10636425018310547,0.22284603118896484,4.914222717285156,0.2843284606933594,0.13459300994873047,train
2019-05-06 16:00:00,0.127532958984375,0.012029647827148438,0.2525472640991211,0.10636425018310547,0.22284603118896484,4.914222717285156,0.2843284606933594,train
2019-05-06 16:30:00,0.0,0.127532958984375,0.012029647827148438,0.2525472640991211,0.10636425018310547,0.22284603118896484,4.914222717285156,train
2019-05-06 17:00:00,0.0,0.0,0.127532958984375,0.012029647827148438,0.2525472640991211,0.10636425018310547,0.22284603118896484,train
2019-05-06 17:30:00,0.3036832809448242,0.0,0.0,0.127532958984375,0.012029647827148438,0.2525472640991211,0.10636425018310547,train
2019-05-06 18:00:00,0.3456153869628906,0.3036832809448242,0.0,0.0,0.127532958984375,0.012029647827148438,0.2525472640991211,train
2019-05-06 18:30:00,2.266204833984375,0.3456153869628906,0.3036832809448242,0.0,0.0,0.127532958984375,0.012029647827148438,train
2019-05-06 19:00:00,1.7050113677978516,2.266204833984375,0.3456153869628906,0.3036832809448242,0.0,0.0,0.127532958984375,train
2019-05-06 19:30:00,0.09624767303466797,1.7050113677978516,2.266204833984375,0.3456153869628906,0.3036832809448242,0.0,0.0,train
2019-05-06 20:00:00,4.36469841003418,0.09624767303466797,1.7050113677978516,2.266204833984375,0.3456153869628906,0.3036832809448242,0.0,train
2019-05-06 20:30:00,6.593711853027344,4.36469841003418,0.09624767303466797,1.7050113677978516,2.266204833984375,0.3456153869628906,0.3036832809448242,train
2019-05-06 21:00:00,13.003616333007812,6.593711853027344,4.36469841003418,0.09624767303466797,1.7050113677978516,2.266204833984375,0.3456153869628906,train
2019-05-06 21:30:00,0.0930490493774414,13.003616333007812,6.593711853027344,4.36469841003418,0.09624767303466797,1.7050113677978516,2.266204833984375,train
2019-05-06 22:00:00,0.020978927612304688,0.0930490493774414,13.003616333007812,6.593711853027344,4.36469841003418,0.09624767303466797,1.7050113677978516,train
2019-05-06 22:30:00,0.07964324951171875,0.020978927612304688,0.0930490493774414,13.003616333007812,6.593711853027344,4.36469841003418,0.09624767303466797,train
2019-05-06 23:00:00,0.0148773193359375,0.07964324951171875,0.020978927612304688,0.0930490493774414,13.003616333007812,6.593711853027344,4.36469841003418,train
2019-05-06 23:30:00,0.75323486328125,0.0148773193359375,0.07964324951171875,0.020978927612304688,0.0930490493774414,13.003616333007812,6.593711853027344,train
2019-05-07 00:00:00,0.30492591857910156,0.75323486328125,0.0148773193359375,0.07964324951171875,0.020978927612304688,0.0930490493774414,13.003616333007812,train
2019-05-07 00:30:00,0.6447525024414062,0.30492591857910156,0.75323486328125,0.0148773193359375,0.07964324951171875,0.020978927612304688,0.0930490493774414,train
2019-05-07 01:00:00,25.8984375,0.6447525024414062,0.30492591857910156,0.75323486328125,0.0148773193359375,0.07964324951171875,0.020978927612304688,train
2019-05-07 01:30:00,1.4963645935058594,25.8984375,0.6447525024414062,0.30492591857910156,0.75323486328125,0.0148773193359375,0.07964324951171875,train
2019-05-07 02:00:00,15.919001579284668,1.4963645935058594,25.8984375,0.6447525024414062,0.30492591857910156,0.75323486328125,0.0148773193359375,train
2019-05-07 02:30:00,0.04185295104980469,15.919001579284668,1.4963645935058594,25.8984375,0.6447525024414062,0.30492591857910156,0.75323486328125,train
2019-05-07 03:00:00,0.023255348205566406,0.04185295104980469,15.919001579284668,1.4963645935058594,25.8984375,0.6447525024414062,0.30492591857910156,train
2019-05-07 03:30:00,0.007676124572753906,0.023255348205566406,0.04185295104980469,15.919001579284668,1.4963645935058594,25.8984375,0.6447525024414062,train
2019-05-07 04:00:00,0.017052650451660156,0.007676124572753906,0.023255348205566406,0.04185295104980469,15.919001579284668,1.4963645935058594,25.8984375,train
2019-05-07 04:30:00,0.23965835571289062,0.017052650451660156,0.007676124572753906,0.023255348205566406,0.04185295104980469,15.919001579284668,1.4963645935058594,train
2019-05-07 05:00:00,0.0274810791015625,0.23965835571289062,0.017052650451660156,0.007676124572753906,0.023255348205566406,0.04185295104980469,15.919001579284668,train
2019-05-07 05:30:00,0.01403045654296875,0.0274810791015625,0.23965835571289062,0.017052650451660156,0.007676124572753906,0.023255348205566406,0.04185295104980469,train
2019-05-07 06:00:00,3.5800132751464844,0.01403045654296875,0.0274810791015625,0.23965835571289062,0.017052650451660156,0.007676124572753906,0.023255348205566406,train
2019-05-07 06:30:00,0.5350112915039062,3.5800132751464844,0.01403045654296875,0.0274810791015625,0.23965835571289062,0.017052650451660156,0.007676124572753906,train
2019-05-07 07:00:00,0.001041412353515625,0.5350112915039062,3.5800132751464844,0.01403045654296875,0.0274810791015625,0.23965835571289062,0.017052650451660156,train
2019-05-07 07:30:00,0.1332855224609375,0.001041412353515625,0.5350112915039062,3.5800132751464844,0.01403045654296875,0.0274810791015625,0.23965835571289062,train
2019-05-07 08:00:00,5.7851667404174805,0.1332855224609375,0.001041412353515625,0.5350112915039062,3.5800132751464844,0.01403045654296875,0.0274810791015625,train
2019-05-07 08:30:00,2.025156021118164,5.7851667404174805,0.1332855224609375,0.001041412353515625,0.5350112915039062,3.5800132751464844,0.01403045654296875,train
2019-05-07 09:00:00,0.9025726318359375,2.025156021118164,5.7851667404174805,0.1332855224609375,0.001041412353515625,0.5350112915039062,3.5800132751464844,train
2019-05-07 09:30:00,1.6898193359375,0.9025726318359375,2.025156021118164,5.7851667404174805,0.1332855224609375,0.001041412353515625,0.5350112915039062,train
2019-05-07 10:00:00,0.023889541625976562,1.6898193359375,0.9025726318359375,2.025156021118164,5.7851667404174805,0.1332855224609375,0.001041412353515625,train
2019-05-07 10:30:00,0.03118133544921875,0.023889541625976562,1.6898193359375,0.9025726318359375,2.025156021118164,5.7851667404174805,0.1332855224609375,train
2019-05-07 11:00:00,0.0,0.03118133544921875,0.023889541625976562,1.6898193359375,0.9025726318359375,2.025156021118164,5.7851667404174805,train
2019-05-07 11:30:00,0.8698463439941406,0.0,0.03118133544921875,0.023889541625976562,1.6898193359375,0.9025726318359375,2.025156021118164,train
2019-05-07 12:00:00,3.4204626083374023,0.8698463439941406,0.0,0.03118133544921875,0.023889541625976562,1.6898193359375,0.9025726318359375,train
2019-05-07 12:30:00,1.5899677276611328,3.4204626083374023,0.8698463439941406,0.0,0.03118133544921875,0.023889541625976562,1.6898193359375,train
2019-05-07 13:00:00,0.5616302490234375,1.5899677276611328,3.4204626083374023,0.8698463439941406,0.0,0.03118133544921875,0.023889541625976562,train
2019-05-07 13:30:00,0.023812294006347656,0.5616302490234375,1.5899677276611328,3.4204626083374023,0.8698463439941406,0.0,0.03118133544921875,train
2019-05-07 14:00:00,0.31305503845214844,0.023812294006347656,0.5616302490234375,1.5899677276611328,3.4204626083374023,0.8698463439941406,0.0,train
2019-05-07 14:30:00,0.18900108337402344,0.31305503845214844,0.023812294006347656,0.5616302490234375,1.5899677276611328,3.4204626083374023,0.8698463439941406,train
2019-05-07 15:00:00,0.6669845581054688,0.18900108337402344,0.31305503845214844,0.023812294006347656,0.5616302490234375,1.5899677276611328,3.4204626083374023,train
2019-05-07 15:30:00,0.057765960693359375,0.6669845581054688,0.18900108337402344,0.31305503845214844,0.023812294006347656,0.5616302490234375,1.5899677276611328,train
2019-05-07 16:00:00,0.1513671875,0.057765960693359375,0.6669845581054688,0.18900108337402344,0.31305503845214844,0.023812294006347656,0.5616302490234375,train
2019-05-07 16:30:00,0.07274723052978516,0.1513671875,0.057765960693359375,0.6669845581054688,0.18900108337402344,0.31305503845214844,0.023812294006347656,train
2019-05-07 17:00:00,0.08334541320800781,0.07274723052978516,0.1513671875,0.057765960693359375,0.6669845581054688,0.18900108337402344,0.31305503845214844,train
2019-05-07 17:30:00,0.0141754150390625,0.08334541320800781,0.07274723052978516,0.1513671875,0.057765960693359375,0.6669845581054688,0.18900108337402344,train
2019-05-07 18:00:00,0.036240577697753906,0.0141754150390625,0.08334541320800781,0.07274723052978516,0.1513671875,0.057765960693359375,0.6669845581054688,train
2019-05-07 18:30:00,0.0643310546875,0.036240577697753906,0.0141754150390625,0.08334541320800781,0.07274723052978516,0.1513671875,0.057765960693359375,train
2019-05-07 19:00:00,6.364712715148926,0.0643310546875,0.036240577697753906,0.0141754150390625,0.08334541320800781,0.07274723052978516,0.1513671875,train
2019-05-07 19:30:00,0.0013532638549804688,6.364712715148926,0.0643310546875,0.036240577697753906,0.0141754150390625,0.08334541320800781,0.07274723052978516,train
2019-05-07 20:00:00,0.8868541717529297,0.0013532638549804688,6.364712715148926,0.0643310546875,0.036240577697753906,0.0141754150390625,0.08334541320800781,train
2019-05-07 20:30:00,7.775287628173828,0.8868541717529297,0.0013532638549804688,6.364712715148926,0.0643310546875,0.036240577697753906,0.0141754150390625,train
2019-05-07 21:00:00,0.26392555236816406,7.775287628173828,0.8868541717529297,0.0013532638549804688,6.364712715148926,0.0643310546875,0.036240577697753906,train
2019-05-07 21:30:00,0.043079376220703125,0.26392555236816406,7.775287628173828,0.8868541717529297,0.0013532638549804688,6.364712715148926,0.0643310546875,train
2019-05-07 22:00:00,0.06524658203125,0.043079376220703125,0.26392555236816406,7.775287628173828,0.8868541717529297,0.0013532638549804688,6.364712715148926,train
2019-05-07 22:30:00,0.0,0.06524658203125,0.043079376220703125,0.26392555236816406,7.775287628173828,0.8868541717529297,0.0013532638549804688,train
2019-05-07 23:00:00,0.5303630828857422,0.0,0.06524658203125,0.043079376220703125,0.26392555236816406,7.775287628173828,0.8868541717529297,train
2019-05-07 23:30:00,0.0077991485595703125,0.5303630828857422,0.0,0.06524658203125,0.043079376220703125,0.26392555236816406,7.775287628173828,train
2019-05-08 00:00:00,0.06718635559082031,0.0077991485595703125,0.5303630828857422,0.0,0.06524658203125,0.043079376220703125,0.26392555236816406,train
2019-05-08 00:30:00,0.066986083984375,0.06718635559082031,0.0077991485595703125,0.5303630828857422,0.0,0.06524658203125,0.043079376220703125,train
2019-05-08 01:00:00,1.6293983459472656,0.066986083984375,0.06718635559082031,0.0077991485595703125,0.5303630828857422,0.0,0.06524658203125,train
2019-05-08 01:30:00,0.5602836608886719,1.6293983459472656,0.066986083984375,0.06718635559082031,0.0077991485595703125,0.5303630828857422,0.0,train
2019-05-08 02:00:00,0.0,0.5602836608886719,1.6293983459472656,0.066986083984375,0.06718635559082031,0.0077991485595703125,0.5303630828857422,train
2019-05-08 02:30:00,0.0032806396484375,0.0,0.5602836608886719,1.6293983459472656,0.066986083984375,0.06718635559082031,0.0077991485595703125,train
2019-05-08 03:00:00,0.29584407806396484,0.0032806396484375,0.0,0.5602836608886719,1.6293983459472656,0.066986083984375,0.06718635559082031,train
2019-05-08 03:30:00,0.20647430419921875,0.29584407806396484,0.0032806396484375,0.0,0.5602836608886719,1.6293983459472656,0.066986083984375,train
2019-05-08 04:00:00,0.08292293548583984,0.20647430419921875,0.29584407806396484,0.0032806396484375,0.0,0.5602836608886719,1.6293983459472656,train
2019-05-08 04:30:00,0.03267097473144531,0.08292293548583984,0.20647430419921875,0.29584407806396484,0.0032806396484375,0.0,0.5602836608886719,train
2019-05-08 05:00:00,0.001995086669921875,0.03267097473144531,0.08292293548583984,0.20647430419921875,0.29584407806396484,0.0032806396484375,0.0,train
2019-05-08 05:30:00,0.42273998260498047,0.001995086669921875,0.03267097473144531,0.08292293548583984,0.20647430419921875,0.29584407806396484,0.0032806396484375,train
2019-05-08 06:00:00,3.2597408294677734,0.42273998260498047,0.001995086669921875,0.03267097473144531,0.08292293548583984,0.20647430419921875,0.29584407806396484,train
2019-05-08 06:30:00,1.9393310546875,3.2597408294677734,0.42273998260498047,0.001995086669921875,0.03267097473144531,0.08292293548583984,0.20647430419921875,train
2019-05-08 07:00:00,1.5408573150634766,1.9393310546875,3.2597408294677734,0.42273998260498047,0.001995086669921875,0.03267097473144531,0.08292293548583984,train
2019-05-08 07:30:00,0.017942428588867188,1.5408573150634766,1.9393310546875,3.2597408294677734,0.42273998260498047,0.001995086669921875,0.03267097473144531,train
2019-05-08 08:00:00,0.00194549560546875,0.017942428588867188,1.5408573150634766,1.9393310546875,3.2597408294677734,0.42273998260498047,0.001995086669921875,train
2019-05-08 08:30:00,0.19838333129882812,0.00194549560546875,0.017942428588867188,1.5408573150634766,1.9393310546875,3.2597408294677734,0.42273998260498047,train
2019-05-08 09:00:00,0.009126663208007812,0.19838333129882812,0.00194549560546875,0.017942428588867188,1.5408573150634766,1.9393310546875,3.2597408294677734,train
2019-05-08 09:30:00,0.4604835510253906,0.009126663208007812,0.19838333129882812,0.00194549560546875,0.017942428588867188,1.5408573150634766,1.9393310546875,train
2019-05-08 10:00:00,0.116607666015625,0.4604835510253906,0.009126663208007812,0.19838333129882812,0.00194549560546875,0.017942428588867188,1.5408573150634766,train
2019-05-08 10:30:00,0.28286170959472656,0.116607666015625,0.4604835510253906,0.009126663208007812,0.19838333129882812,0.00194549560546875,0.017942428588867188,train
2019-05-08 11:00:00,1.1004304885864258,0.28286170959472656,0.116607666015625,0.4604835510253906,0.009126663208007812,0.19838333129882812,0.00194549560546875,train
2019-05-08 11:30:00,0.06038951873779297,1.1004304885864258,0.28286170959472656,0.116607666015625,0.4604835510253906,0.009126663208007812,0.19838333129882812,train
2019-05-08 12:00:00,0.1570110321044922,0.06038951873779297,1.1004304885864258,0.28286170959472656,0.116607666015625,0.4604835510253906,0.009126663208007812,train
2019-05-08 12:30:00,0.5381402969360352,0.1570110321044922,0.06038951873779297,1.1004304885864258,0.28286170959472656,0.116607666015625,0.4604835510253906,train
2019-05-08 13:00:00,0.04126739501953125,0.5381402969360352,0.1570110321044922,0.06038951873779297,1.1004304885864258,0.28286170959472656,0.116607666015625,train
2019-05-08 13:30:00,0.0047149658203125,0.04126739501953125,0.5381402969360352,0.1570110321044922,0.06038951873779297,1.1004304885864258,0.28286170959472656,train
2019-05-08 14:00:00,0.055568695068359375,0.0047149658203125,0.04126739501953125,0.5381402969360352,0.1570110321044922,0.06038951873779297,1.1004304885864258,train
2019-05-08 14:30:00,0.234344482421875,0.055568695068359375,0.0047149658203125,0.04126739501953125,0.5381402969360352,0.1570110321044922,0.06038951873779297,train
2019-05-08 15:00:00,1.5610933303833008,0.234344482421875,0.055568695068359375,0.0047149658203125,0.04126739501953125,0.5381402969360352,0.1570110321044922,train
2019-05-08 15:30:00,0.013719558715820312,1.5610933303833008,0.234344482421875,0.055568695068359375,0.0047149658203125,0.04126739501953125,0.5381402969360352,train
2019-05-08 16:00:00,0.05309867858886719,0.013719558715820312,1.5610933303833008,0.234344482421875,0.055568695068359375,0.0047149658203125,0.04126739501953125,train
2019-05-08 16:30:00,12.526432037353516,0.05309867858886719,0.013719558715820312,1.5610933303833008,0.234344482421875,0.055568695068359375,0.0047149658203125,train
2019-05-08 17:00:00,0.007415771484375,12.526432037353516,0.05309867858886719,0.013719558715820312,1.5610933303833008,0.234344482421875,0.055568695068359375,train
2019-05-08 17:30:00,0.3115863800048828,0.007415771484375,12.526432037353516,0.05309867858886719,0.013719558715820312,1.5610933303833008,0.234344482421875,train
2019-05-08 18:00:00,1.382706642150879,0.3115863800048828,0.007415771484375,12.526432037353516,0.05309867858886719,0.013719558715820312,1.5610933303833008,train
2019-05-08 18:30:00,0.4179105758666992,1.382706642150879,0.3115863800048828,0.007415771484375,12.526432037353516,0.05309867858886719,0.013719558715820312,train
2019-05-08 19:00:00,2.9172134399414062,0.4179105758666992,1.382706642150879,0.3115863800048828,0.007415771484375,12.526432037353516,0.05309867858886719,train
2019-05-08 19:30:00,0.14703845977783203,2.9172134399414062,0.4179105758666992,1.382706642150879,0.3115863800048828,0.007415771484375,12.526432037353516,train
2019-05-08 20:00:00,0.11307907104492188,0.14703845977783203,2.9172134399414062,0.4179105758666992,1.382706642150879,0.3115863800048828,0.007415771484375,train
2019-05-08 20:30:00,0.00711822509765625,0.11307907104492188,0.14703845977783203,2.9172134399414062,0.4179105758666992,1.382706642150879,0.3115863800048828,train
2019-05-08 21:00:00,0.04769611358642578,0.00711822509765625,0.11307907104492188,0.14703845977783203,2.9172134399414062,0.4179105758666992,1.382706642150879,train
2019-05-08 21:30:00,3.93939208984375,0.04769611358642578,0.00711822509765625,0.11307907104492188,0.14703845977783203,2.9172134399414062,0.4179105758666992,train
2019-05-08 22:00:00,0.28170204162597656,3.93939208984375,0.04769611358642578,0.00711822509765625,0.11307907104492188,0.14703845977783203,2.9172134399414062,train
2019-05-08 22:30:00,2.6186885833740234,0.28170204162597656,3.93939208984375,0.04769611358642578,0.00711822509765625,0.11307907104492188,0.14703845977783203,train
2019-05-08 23:00:00,2.5816221237182617,2.6186885833740234,0.28170204162597656,3.93939208984375,0.04769611358642578,0.00711822509765625,0.11307907104492188,train
2019-05-08 23:30:00,0.0850973129272461,2.5816221237182617,2.6186885833740234,0.28170204162597656,3.93939208984375,0.04769611358642578,0.00711822509765625,train
2019-05-09 00:00:00,0.0,0.0850973129272461,2.5816221237182617,2.6186885833740234,0.28170204162597656,3.93939208984375,0.04769611358642578,train
2019-05-09 00:30:00,0.16766929626464844,0.0,0.0850973129272461,2.5816221237182617,2.6186885833740234,0.28170204162597656,3.93939208984375,train
2019-05-09 01:00:00,2.2689342498779297,0.16766929626464844,0.0,0.0850973129272461,2.5816221237182617,2.6186885833740234,0.28170204162597656,train
2019-05-09 01:30:00,0.050148963928222656,2.2689342498779297,0.16766929626464844,0.0,0.0850973129272461,2.5816221237182617,2.6186885833740234,train
2019-05-09 02:00:00,0.0003185272216796875,0.050148963928222656,2.2689342498779297,0.16766929626464844,0.0,0.0850973129272461,2.5816221237182617,train
2019-05-09 02:30:00,1.6185016632080078,0.0003185272216796875,0.050148963928222656,2.2689342498779297,0.16766929626464844,0.0,0.0850973129272461,train
2019-05-09 03:00:00,0.0,1.6185016632080078,0.0003185272216796875,0.050148963928222656,2.2689342498779297,0.16766929626464844,0.0,train
2019-05-09 03:30:00,0.9099502563476562,0.0,1.6185016632080078,0.0003185272216796875,0.050148963928222656,2.2689342498779297,0.16766929626464844,train
2019-05-09 04:00:00,4.53076171875,0.9099502563476562,0.0,1.6185016632080078,0.0003185272216796875,0.050148963928222656,2.2689342498779297,train
2019-05-09 04:30:00,7.285327911376953,4.53076171875,0.9099502563476562,0.0,1.6185016632080078,0.0003185272216796875,0.050148963928222656,train
2019-05-09 05:00:00,1.0271921157836914,7.285327911376953,4.53076171875,0.9099502563476562,0.0,1.6185016632080078,0.0003185272216796875,train
2019-05-09 05:30:00,0.3883819580078125,1.0271921157836914,7.285327911376953,4.53076171875,0.9099502563476562,0.0,1.6185016632080078,train
2019-05-09 06:00:00,0.32527923583984375,0.3883819580078125,1.0271921157836914,7.285327911376953,4.53076171875,0.9099502563476562,0.0,train
2019-05-09 06:30:00,0.04695701599121094,0.32527923583984375,0.3883819580078125,1.0271921157836914,7.285327911376953,4.53076171875,0.9099502563476562,train
2019-05-09 07:00:00,0.0008106231689453125,0.04695701599121094,0.32527923583984375,0.3883819580078125,1.0271921157836914,7.285327911376953,4.53076171875,train
2019-05-09 07:30:00,0.03256511688232422,0.0008106231689453125,0.04695701599121094,0.32527923583984375,0.3883819580078125,1.0271921157836914,7.285327911376953,train
2019-05-09 08:00:00,0.000202178955078125,0.03256511688232422,0.0008106231689453125,0.04695701599121094,0.32527923583984375,0.3883819580078125,1.0271921157836914,train
2019-05-09 08:30:00,4.475188255310059,0.000202178955078125,0.03256511688232422,0.0008106231689453125,0.04695701599121094,0.32527923583984375,0.3883819580078125,train
2019-05-09 09:00:00,0.5101289749145508,4.475188255310059,0.000202178955078125,0.03256511688232422,0.0008106231689453125,0.04695701599121094,0.32527923583984375,train
2019-05-09 09:30:00,0.059393882751464844,0.5101289749145508,4.475188255310059,0.000202178955078125,0.03256511688232422,0.0008106231689453125,0.04695701599121094,train
2019-05-09 10:00:00,0.053882598876953125,0.059393882751464844,0.5101289749145508,4.475188255310059,0.000202178955078125,0.03256511688232422,0.0008106231689453125,train
2019-05-09 10:30:00,0.6461353302001953,0.053882598876953125,0.059393882751464844,0.5101289749145508,4.475188255310059,0.000202178955078125,0.03256511688232422,train
2019-05-09 11:00:00,0.001575469970703125,0.6461353302001953,0.053882598876953125,0.059393882751464844,0.5101289749145508,4.475188255310059,0.000202178955078125,train
2019-05-09 11:30:00,0.006244659423828125,0.001575469970703125,0.6461353302001953,0.053882598876953125,0.059393882751464844,0.5101289749145508,4.475188255310059,train
2019-05-09 12:00:00,0.047364234924316406,0.006244659423828125,0.001575469970703125,0.6461353302001953,0.053882598876953125,0.059393882751464844,0.5101289749145508,train
2019-05-09 12:30:00,0.004410743713378906,0.047364234924316406,0.006244659423828125,0.001575469970703125,0.6461353302001953,0.053882598876953125,0.059393882751464844,train
2019-05-09 13:00:00,0.012798309326171875,0.004410743713378906,0.047364234924316406,0.006244659423828125,0.001575469970703125,0.6461353302001953,0.053882598876953125,train
2019-05-09 13:30:00,0.0070343017578125,0.012798309326171875,0.004410743713378906,0.047364234924316406,0.006244659423828125,0.001575469970703125,0.6461353302001953,train
2019-05-09 14:00:00,0.09616851806640625,0.0070343017578125,0.012798309326171875,0.004410743713378906,0.047364234924316406,0.006244659423828125,0.001575469970703125,train
2019-05-09 14:30:00,0.0,0.09616851806640625,0.0070343017578125,0.012798309326171875,0.004410743713378906,0.047364234924316406,0.006244659423828125,train
2019-05-09 15:00:00,0.7666740417480469,0.0,0.09616851806640625,0.0070343017578125,0.012798309326171875,0.004410743713378906,0.047364234924316406,train
2019-05-09 15:30:00,5.822963714599609,0.7666740417480469,0.0,0.09616851806640625,0.0070343017578125,0.012798309326171875,0.004410743713378906,train
2019-05-09 16:00:00,0.024168968200683594,5.822963714599609,0.7666740417480469,0.0,0.09616851806640625,0.0070343017578125,0.012798309326171875,train
2019-05-09 16:30:00,0.2882843017578125,0.024168968200683594,5.822963714599609,0.7666740417480469,0.0,0.09616851806640625,0.0070343017578125,train
2019-05-09 17:00:00,0.0,0.2882843017578125,0.024168968200683594,5.822963714599609,0.7666740417480469,0.0,0.09616851806640625,train
2019-05-09 17:30:00,3.5766143798828125,0.0,0.2882843017578125,0.024168968200683594,5.822963714599609,0.7666740417480469,0.0,train
2019-05-09 18:00:00,0.02196788787841797,3.5766143798828125,0.0,0.2882843017578125,0.024168968200683594,5.822963714599609,0.7666740417480469,train
2019-05-09 18:30:00,0.02484893798828125,0.02196788787841797,3.5766143798828125,0.0,0.2882843017578125,0.024168968200683594,5.822963714599609,train
2019-05-09 19:00:00,0.1523456573486328,0.02484893798828125,0.02196788787841797,3.5766143798828125,0.0,0.2882843017578125,0.024168968200683594,train
2019-05-09 19:30:00,0.029169082641601562,0.1523456573486328,0.02484893798828125,0.02196788787841797,3.5766143798828125,0.0,0.2882843017578125,train
2019-05-09 20:00:00,19.7574462890625,0.029169082641601562,0.1523456573486328,0.02484893798828125,0.02196788787841797,3.5766143798828125,0.0,train
2019-05-09 20:30:00,0.0096282958984375,19.7574462890625,0.029169082641601562,0.1523456573486328,0.02484893798828125,0.02196788787841797,3.5766143798828125,train
2019-05-09 21:00:00,0.04772186279296875,0.0096282958984375,19.7574462890625,0.029169082641601562,0.1523456573486328,0.02484893798828125,0.02196788787841797,train
2019-05-09 21:30:00,0.5563468933105469,0.04772186279296875,0.0096282958984375,19.7574462890625,0.029169082641601562,0.1523456573486328,0.02484893798828125,train
2019-05-09 22:00:00,3.047822952270508,0.5563468933105469,0.04772186279296875,0.0096282958984375,19.7574462890625,0.029169082641601562,0.1523456573486328,train
2019-05-09 22:30:00,0.3509483337402344,3.047822952270508,0.5563468933105469,0.04772186279296875,0.0096282958984375,19.7574462890625,0.029169082641601562,train
2019-05-09 23:00:00,0.31311988830566406,0.3509483337402344,3.047822952270508,0.5563468933105469,0.04772186279296875,0.0096282958984375,19.7574462890625,train
2019-05-09 23:30:00,2.5493316650390625,0.31311988830566406,0.3509483337402344,3.047822952270508,0.5563468933105469,0.04772186279296875,0.0096282958984375,train
2019-05-10 00:00:00,0.0003910064697265625,2.5493316650390625,0.31311988830566406,0.3509483337402344,3.047822952270508,0.5563468933105469,0.04772186279296875,train
2019-05-10 00:30:00,1.5807418823242188,0.0003910064697265625,2.5493316650390625,0.31311988830566406,0.3509483337402344,3.047822952270508,0.5563468933105469,train
2019-05-10 01:00:00,0.019240379333496094,1.5807418823242188,0.0003910064697265625,2.5493316650390625,0.31311988830566406,0.3509483337402344,3.047822952270508,train
2019-05-10 01:30:00,0.4716787338256836,0.019240379333496094,1.5807418823242188,0.0003910064697265625,2.5493316650390625,0.31311988830566406,0.3509483337402344,train
2019-05-10 02:00:00,0.05211353302001953,0.4716787338256836,0.019240379333496094,1.5807418823242188,0.0003910064697265625,2.5493316650390625,0.31311988830566406,train
2019-05-10 02:30:00,0.0,0.05211353302001953,0.4716787338256836,0.019240379333496094,1.5807418823242188,0.0003910064697265625,2.5493316650390625,train
2019-05-10 03:00:00,3.5158748626708984,0.0,0.05211353302001953,0.4716787338256836,0.019240379333496094,1.5807418823242188,0.0003910064697265625,train
2019-05-10 03:30:00,0.014373779296875,3.5158748626708984,0.0,0.05211353302001953,0.4716787338256836,0.019240379333496094,1.5807418823242188,train
2019-05-10 04:00:00,0.722224235534668,0.014373779296875,3.5158748626708984,0.0,0.05211353302001953,0.4716787338256836,0.019240379333496094,train
2019-05-10 04:30:00,0.0,0.722224235534668,0.014373779296875,3.5158748626708984,0.0,0.05211353302001953,0.4716787338256836,train
2019-05-10 05:00:00,1.234140396118164,0.0,0.722224235534668,0.014373779296875,3.5158748626708984,0.0,0.05211353302001953,train
2019-05-10 05:30:00,0.046210289001464844,1.234140396118164,0.0,0.722224235534668,0.014373779296875,3.5158748626708984,0.0,train
2019-05-10 06:00:00,0.7373104095458984,0.046210289001464844,1.234140396118164,0.0,0.722224235534668,0.014373779296875,3.5158748626708984,train
2019-05-10 06:30:00,0.12423133850097656,0.7373104095458984,0.046210289001464844,1.234140396118164,0.0,0.722224235534668,0.014373779296875,train
2019-05-10 07:00:00,1.3841934204101562,0.12423133850097656,0.7373104095458984,0.046210289001464844,1.234140396118164,0.0,0.722224235534668,train
2019-05-10 07:30:00,4.121177673339844,1.3841934204101562,0.12423133850097656,0.7373104095458984,0.046210289001464844,1.234140396118164,0.0,train
2019-05-10 08:00:00,0.2847118377685547,4.121177673339844,1.3841934204101562,0.12423133850097656,0.7373104095458984,0.046210289001464844,1.234140396118164,train
2019-05-10 08:30:00,0.33666229248046875,0.2847118377685547,4.121177673339844,1.3841934204101562,0.12423133850097656,0.7373104095458984,0.046210289001464844,train
2019-05-10 09:00:00,0.03346729278564453,0.33666229248046875,0.2847118377685547,4.121177673339844,1.3841934204101562,0.12423133850097656,0.7373104095458984,train
2019-05-10 09:30:00,7.543479919433594,0.03346729278564453,0.33666229248046875,0.2847118377685547,4.121177673339844,1.3841934204101562,0.12423133850097656,train
2019-05-10 10:00:00,0.0005521774291992188,7.543479919433594,0.03346729278564453,0.33666229248046875,0.2847118377685547,4.121177673339844,1.3841934204101562,train
2019-05-10 10:30:00,0.10592269897460938,0.0005521774291992188,7.543479919433594,0.03346729278564453,0.33666229248046875,0.2847118377685547,4.121177673339844,train
2019-05-10 11:00:00,0.00011730194091796875,0.10592269897460938,0.0005521774291992188,7.543479919433594,0.03346729278564453,0.33666229248046875,0.2847118377685547,train
2019-05-10 11:30:00,0.0,0.00011730194091796875,0.10592269897460938,0.0005521774291992188,7.543479919433594,0.03346729278564453,0.33666229248046875,train
2019-05-10 12:00:00,0.4004669189453125,0.0,0.00011730194091796875,0.10592269897460938,0.0005521774291992188,7.543479919433594,0.03346729278564453,train
2019-05-10 12:30:00,0.7788505554199219,0.4004669189453125,0.0,0.00011730194091796875,0.10592269897460938,0.0005521774291992188,7.543479919433594,train
2019-05-10 13:00:00,0.0684366226196289,0.7788505554199219,0.4004669189453125,0.0,0.00011730194091796875,0.10592269897460938,0.0005521774291992188,train
2019-05-10 13:30:00,0.012481689453125,0.0684366226196289,0.7788505554199219,0.4004669189453125,0.0,0.00011730194091796875,0.10592269897460938,train
2019-05-10 14:00:00,0.015192031860351562,0.012481689453125,0.0684366226196289,0.7788505554199219,0.4004669189453125,0.0,0.00011730194091796875,train
2019-05-10 14:30:00,0.31304931640625,0.015192031860351562,0.012481689453125,0.0684366226196289,0.7788505554199219,0.4004669189453125,0.0,train
2019-05-10 15:00:00,0.07643318176269531,0.31304931640625,0.015192031860351562,0.012481689453125,0.0684366226196289,0.7788505554199219,0.4004669189453125,train
2019-05-10 15:30:00,0.0,0.07643318176269531,0.31304931640625,0.015192031860351562,0.012481689453125,0.0684366226196289,0.7788505554199219,train
2019-05-10 16:00:00,0.07847976684570312,0.0,0.07643318176269531,0.31304931640625,0.015192031860351562,0.012481689453125,0.0684366226196289,train
2019-05-10 16:30:00,0.004085540771484375,0.07847976684570312,0.0,0.07643318176269531,0.31304931640625,0.015192031860351562,0.012481689453125,train
2019-05-10 17:00:00,0.3522319793701172,0.004085540771484375,0.07847976684570312,0.0,0.07643318176269531,0.31304931640625,0.015192031860351562,train
2019-05-10 17:30:00,0.0004405975341796875,0.3522319793701172,0.004085540771484375,0.07847976684570312,0.0,0.07643318176269531,0.31304931640625,train
2019-05-10 18:00:00,0.3758821487426758,0.0004405975341796875,0.3522319793701172,0.004085540771484375,0.07847976684570312,0.0,0.07643318176269531,train
2019-05-10 18:30:00,0.034668922424316406,0.3758821487426758,0.0004405975341796875,0.3522319793701172,0.004085540771484375,0.07847976684570312,0.0,train
2019-05-10 19:00:00,0.11362075805664062,0.034668922424316406,0.3758821487426758,0.0004405975341796875,0.3522319793701172,0.004085540771484375,0.07847976684570312,train
2019-05-10 19:30:00,0.0341339111328125,0.11362075805664062,0.034668922424316406,0.3758821487426758,0.0004405975341796875,0.3522319793701172,0.004085540771484375,train
2019-05-10 20:00:00,0.8741302490234375,0.0341339111328125,0.11362075805664062,0.034668922424316406,0.3758821487426758,0.0004405975341796875,0.3522319793701172,train
2019-05-10 20:30:00,0.002899169921875,0.8741302490234375,0.0341339111328125,0.11362075805664062,0.034668922424316406,0.3758821487426758,0.0004405975341796875,train
2019-05-10 21:00:00,2.2062721252441406,0.002899169921875,0.8741302490234375,0.0341339111328125,0.11362075805664062,0.034668922424316406,0.3758821487426758,train
2019-05-10 21:30:00,0.6327953338623047,2.2062721252441406,0.002899169921875,0.8741302490234375,0.0341339111328125,0.11362075805664062,0.034668922424316406,train
2019-05-10 22:00:00,0.17416763305664062,0.6327953338623047,2.2062721252441406,0.002899169921875,0.8741302490234375,0.0341339111328125,0.11362075805664062,train
2019-05-10 22:30:00,0.0036668777465820312,0.17416763305664062,0.6327953338623047,2.2062721252441406,0.002899169921875,0.8741302490234375,0.0341339111328125,train
2019-05-10 23:00:00,0.015232086181640625,0.0036668777465820312,0.17416763305664062,0.6327953338623047,2.2062721252441406,0.002899169921875,0.8741302490234375,train
2019-05-10 23:30:00,0.0,0.015232086181640625,0.0036668777465820312,0.17416763305664062,0.6327953338623047,2.2062721252441406,0.002899169921875,train
2019-05-11 00:00:00,0.003040313720703125,0.0,0.015232086181640625,0.0036668777465820312,0.17416763305664062,0.6327953338623047,2.2062721252441406,train
2019-05-11 00:30:00,0.1566457748413086,0.003040313720703125,0.0,0.015232086181640625,0.0036668777465820312,0.17416763305664062,0.6327953338623047,train
2019-05-11 01:00:00,0.6057300567626953,0.1566457748413086,0.003040313720703125,0.0,0.015232086181640625,0.0036668777465820312,0.17416763305664062,train
2019-05-11 01:30:00,0.9910564422607422,0.6057300567626953,0.1566457748413086,0.003040313720703125,0.0,0.015232086181640625,0.0036668777465820312,train
2019-05-11 02:00:00,0.3406867980957031,0.9910564422607422,0.6057300567626953,0.1566457748413086,0.003040313720703125,0.0,0.015232086181640625,train
2019-05-11 02:30:00,0.0,0.3406867980957031,0.9910564422607422,0.6057300567626953,0.1566457748413086,0.003040313720703125,0.0,train
2019-05-11 03:00:00,0.038585662841796875,0.0,0.3406867980957031,0.9910564422607422,0.6057300567626953,0.1566457748413086,0.003040313720703125,train
2019-05-11 03:30:00,0.0538330078125,0.038585662841796875,0.0,0.3406867980957031,0.9910564422607422,0.6057300567626953,0.1566457748413086,train
2019-05-11 04:00:00,0.009441375732421875,0.0538330078125,0.038585662841796875,0.0,0.3406867980957031,0.9910564422607422,0.6057300567626953,train
2019-05-11 04:30:00,0.0,0.009441375732421875,0.0538330078125,0.038585662841796875,0.0,0.3406867980957031,0.9910564422607422,train
2019-05-11 05:00:00,0.4304161071777344,0.0,0.009441375732421875,0.0538330078125,0.038585662841796875,0.0,0.3406867980957031,train
2019-05-11 05:30:00,0.06591224670410156,0.4304161071777344,0.0,0.009441375732421875,0.0538330078125,0.038585662841796875,0.0,train
2019-05-11 06:00:00,3.1298561096191406,0.06591224670410156,0.4304161071777344,0.0,0.009441375732421875,0.0538330078125,0.038585662841796875,train
2019-05-11 06:30:00,0.131500244140625,3.1298561096191406,0.06591224670410156,0.4304161071777344,0.0,0.009441375732421875,0.0538330078125,train
2019-05-11 07:00:00,0.006499290466308594,0.131500244140625,3.1298561096191406,0.06591224670410156,0.4304161071777344,0.0,0.009441375732421875,train
2019-05-11 07:30:00,0.165435791015625,0.006499290466308594,0.131500244140625,3.1298561096191406,0.06591224670410156,0.4304161071777344,0.0,train
2019-05-11 08:00:00,0.042156219482421875,0.165435791015625,0.006499290466308594,0.131500244140625,3.1298561096191406,0.06591224670410156,0.4304161071777344,train
2019-05-11 08:30:00,0.0,0.042156219482421875,0.165435791015625,0.006499290466308594,0.131500244140625,3.1298561096191406,0.06591224670410156,train
2019-05-11 09:00:00,0.0,0.0,0.042156219482421875,0.165435791015625,0.006499290466308594,0.131500244140625,3.1298561096191406,train
2019-05-11 09:30:00,0.01430511474609375,0.0,0.0,0.042156219482421875,0.165435791015625,0.006499290466308594,0.131500244140625,train
2019-05-11 10:00:00,0.015874862670898438,0.01430511474609375,0.0,0.0,0.042156219482421875,0.165435791015625,0.006499290466308594,train
2019-05-11 10:30:00,0.1857757568359375,0.015874862670898438,0.01430511474609375,0.0,0.0,0.042156219482421875,0.165435791015625,train
2019-05-11 11:00:00,0.7839336395263672,0.1857757568359375,0.015874862670898438,0.01430511474609375,0.0,0.0,0.042156219482421875,train
2019-05-11 11:30:00,0.10049057006835938,0.7839336395263672,0.1857757568359375,0.015874862670898438,0.01430511474609375,0.0,0.0,train
2019-05-11 12:00:00,0.03295135498046875,0.10049057006835938,0.7839336395263672,0.1857757568359375,0.015874862670898438,0.01430511474609375,0.0,train
2019-05-11 12:30:00,0.861785888671875,0.03295135498046875,0.10049057006835938,0.7839336395263672,0.1857757568359375,0.015874862670898438,0.01430511474609375,train
2019-05-11 13:00:00,0.0,0.861785888671875,0.03295135498046875,0.10049057006835938,0.7839336395263672,0.1857757568359375,0.015874862670898438,train
2019-05-11 13:30:00,0.2977867126464844,0.0,0.861785888671875,0.03295135498046875,0.10049057006835938,0.7839336395263672,0.1857757568359375,train
2019-05-11 14:00:00,0.0008649826049804688,0.2977867126464844,0.0,0.861785888671875,0.03295135498046875,0.10049057006835938,0.7839336395263672,train
2019-05-11 14:30:00,4.5667724609375,0.0008649826049804688,0.2977867126464844,0.0,0.861785888671875,0.03295135498046875,0.10049057006835938,train
2019-05-11 15:00:00,4.846026420593262,4.5667724609375,0.0008649826049804688,0.2977867126464844,0.0,0.861785888671875,0.03295135498046875,train
2019-05-11 15:30:00,0.1123199462890625,4.846026420593262,4.5667724609375,0.0008649826049804688,0.2977867126464844,0.0,0.861785888671875,train
2019-05-11 16:00:00,0.20648193359375,0.1123199462890625,4.846026420593262,4.5667724609375,0.0008649826049804688,0.2977867126464844,0.0,train
2019-05-11 16:30:00,0.8533935546875,0.20648193359375,0.1123199462890625,4.846026420593262,4.5667724609375,0.0008649826049804688,0.2977867126464844,train
2019-05-11 17:00:00,0.1338205337524414,0.8533935546875,0.20648193359375,0.1123199462890625,4.846026420593262,4.5667724609375,0.0008649826049804688,train
2019-05-11 17:30:00,2.1953048706054688,0.1338205337524414,0.8533935546875,0.20648193359375,0.1123199462890625,4.846026420593262,4.5667724609375,train
2019-05-11 18:00:00,0.2559843063354492,2.1953048706054688,0.1338205337524414,0.8533935546875,0.20648193359375,0.1123199462890625,4.846026420593262,train
2019-05-11 18:30:00,0.1623516082763672,0.2559843063354492,2.1953048706054688,0.1338205337524414,0.8533935546875,0.20648193359375,0.1123199462890625,train
2019-05-11 19:00:00,0.0,0.1623516082763672,0.2559843063354492,2.1953048706054688,0.1338205337524414,0.8533935546875,0.20648193359375,train
2019-05-11 19:30:00,0.0,0.0,0.1623516082763672,0.2559843063354492,2.1953048706054688,0.1338205337524414,0.8533935546875,train
2019-05-11 20:00:00,0.0,0.0,0.0,0.1623516082763672,0.2559843063354492,2.1953048706054688,0.1338205337524414,train
2019-05-11 20:30:00,2.0562591552734375,0.0,0.0,0.0,0.1623516082763672,0.2559843063354492,2.1953048706054688,train
2019-05-11 21:00:00,3.052001953125,2.0562591552734375,0.0,0.0,0.0,0.1623516082763672,0.2559843063354492,train
2019-05-11 21:30:00,0.0,3.052001953125,2.0562591552734375,0.0,0.0,0.0,0.1623516082763672,train
2019-05-11 22:00:00,1.518280029296875,0.0,3.052001953125,2.0562591552734375,0.0,0.0,0.0,train
2019-05-11 22:30:00,0.0009222030639648438,1.518280029296875,0.0,3.052001953125,2.0562591552734375,0.0,0.0,train
2019-05-11 23:00:00,0.03240394592285156,0.0009222030639648438,1.518280029296875,0.0,3.052001953125,2.0562591552734375,0.0,train
2019-05-11 23:30:00,0.2525634765625,0.03240394592285156,0.0009222030639648438,1.518280029296875,0.0,3.052001953125,2.0562591552734375,train
2019-05-12 00:00:00,3.555145263671875,0.2525634765625,0.03240394592285156,0.0009222030639648438,1.518280029296875,0.0,3.052001953125,train
2019-05-12 00:30:00,1.3000240325927734,3.555145263671875,0.2525634765625,0.03240394592285156,0.0009222030639648438,1.518280029296875,0.0,train
2019-05-12 01:00:00,0.23138999938964844,1.3000240325927734,3.555145263671875,0.2525634765625,0.03240394592285156,0.0009222030639648438,1.518280029296875,train
2019-05-12 01:30:00,0.0,0.23138999938964844,1.3000240325927734,3.555145263671875,0.2525634765625,0.03240394592285156,0.0009222030639648438,train
2019-05-12 02:00:00,0.18272018432617188,0.0,0.23138999938964844,1.3000240325927734,3.555145263671875,0.2525634765625,0.03240394592285156,train
2019-05-12 02:30:00,2.2675838470458984,0.18272018432617188,0.0,0.23138999938964844,1.3000240325927734,3.555145263671875,0.2525634765625,train
2019-05-12 03:00:00,0.7266387939453125,2.2675838470458984,0.18272018432617188,0.0,0.23138999938964844,1.3000240325927734,3.555145263671875,train
2019-05-12 03:30:00,0.48760986328125,0.7266387939453125,2.2675838470458984,0.18272018432617188,0.0,0.23138999938964844,1.3000240325927734,train
2019-05-12 04:00:00,0.0,0.48760986328125,0.7266387939453125,2.2675838470458984,0.18272018432617188,0.0,0.23138999938964844,train
2019-05-12 04:30:00,0.4058361053466797,0.0,0.48760986328125,0.7266387939453125,2.2675838470458984,0.18272018432617188,0.0,train
2019-05-12 05:00:00,0.0007638931274414062,0.4058361053466797,0.0,0.48760986328125,0.7266387939453125,2.2675838470458984,0.18272018432617188,train
2019-05-12 05:30:00,1.0077743530273438,0.0007638931274414062,0.4058361053466797,0.0,0.48760986328125,0.7266387939453125,2.2675838470458984,train
2019-05-12 06:00:00,0.004149436950683594,1.0077743530273438,0.0007638931274414062,0.4058361053466797,0.0,0.48760986328125,0.7266387939453125,train
2019-05-12 06:30:00,0.0018529891967773438,0.004149436950683594,1.0077743530273438,0.0007638931274414062,0.4058361053466797,0.0,0.48760986328125,train
2019-05-12 07:00:00,0.028110504150390625,0.0018529891967773438,0.004149436950683594,1.0077743530273438,0.0007638931274414062,0.4058361053466797,0.0,train
2019-05-12 07:30:00,0.0,0.028110504150390625,0.0018529891967773438,0.004149436950683594,1.0077743530273438,0.0007638931274414062,0.4058361053466797,train
2019-05-12 08:00:00,0.0,0.0,0.028110504150390625,0.0018529891967773438,0.004149436950683594,1.0077743530273438,0.0007638931274414062,train
2019-05-12 08:30:00,0.03428173065185547,0.0,0.0,0.028110504150390625,0.0018529891967773438,0.004149436950683594,1.0077743530273438,train
2019-05-12 09:00:00,0.0095062255859375,0.03428173065185547,0.0,0.0,0.028110504150390625,0.0018529891967773438,0.004149436950683594,train
2019-05-12 09:30:00,1.774979591369629,0.0095062255859375,0.03428173065185547,0.0,0.0,0.028110504150390625,0.0018529891967773438,train
2019-05-12 10:00:00,0.11127090454101562,1.774979591369629,0.0095062255859375,0.03428173065185547,0.0,0.0,0.028110504150390625,train
2019-05-12 10:30:00,0.4490213394165039,0.11127090454101562,1.774979591369629,0.0095062255859375,0.03428173065185547,0.0,0.0,train
2019-05-12 11:00:00,0.61395263671875,0.4490213394165039,0.11127090454101562,1.774979591369629,0.0095062255859375,0.03428173065185547,0.0,train
2019-05-12 11:30:00,0.06356048583984375,0.61395263671875,0.4490213394165039,0.11127090454101562,1.774979591369629,0.0095062255859375,0.03428173065185547,train
2019-05-12 12:00:00,42.623117446899414,0.06356048583984375,0.61395263671875,0.4490213394165039,0.11127090454101562,1.774979591369629,0.0095062255859375,train
2019-05-12 12:30:00,0.3512420654296875,42.623117446899414,0.06356048583984375,0.61395263671875,0.4490213394165039,0.11127090454101562,1.774979591369629,train
2019-05-12 13:00:00,0.09692859649658203,0.3512420654296875,42.623117446899414,0.06356048583984375,0.61395263671875,0.4490213394165039,0.11127090454101562,train
2019-05-12 13:30:00,0.10321044921875,0.09692859649658203,0.3512420654296875,42.623117446899414,0.06356048583984375,0.61395263671875,0.4490213394165039,train
2019-05-12 14:00:00,0.1334991455078125,0.10321044921875,0.09692859649658203,0.3512420654296875,42.623117446899414,0.06356048583984375,0.61395263671875,train
2019-05-12 14:30:00,0.057830810546875,0.1334991455078125,0.10321044921875,0.09692859649658203,0.3512420654296875,42.623117446899414,0.06356048583984375,train
2019-05-12 15:00:00,0.047985076904296875,0.057830810546875,0.1334991455078125,0.10321044921875,0.09692859649658203,0.3512420654296875,42.623117446899414,train
2019-05-12 15:30:00,0.3137950897216797,0.047985076904296875,0.057830810546875,0.1334991455078125,0.10321044921875,0.09692859649658203,0.3512420654296875,train
2019-05-12 16:00:00,85.95048809051514,0.3137950897216797,0.047985076904296875,0.057830810546875,0.1334991455078125,0.10321044921875,0.09692859649658203,train
2019-05-12 16:30:00,0.06191825866699219,85.95048809051514,0.3137950897216797,0.047985076904296875,0.057830810546875,0.1334991455078125,0.10321044921875,train
2019-05-12 17:00:00,1.054220199584961,0.06191825866699219,85.95048809051514,0.3137950897216797,0.047985076904296875,0.057830810546875,0.1334991455078125,train
2019-05-12 17:30:00,19.484130859375,1.054220199584961,0.06191825866699219,85.95048809051514,0.3137950897216797,0.047985076904296875,0.057830810546875,train
2019-05-12 18:00:00,0.000560760498046875,19.484130859375,1.054220199584961,0.06191825866699219,85.95048809051514,0.3137950897216797,0.047985076904296875,train
2019-05-12 18:30:00,0.0022430419921875,0.000560760498046875,19.484130859375,1.054220199584961,0.06191825866699219,85.95048809051514,0.3137950897216797,train
2019-05-12 19:00:00,0.13764572143554688,0.0022430419921875,0.000560760498046875,19.484130859375,1.054220199584961,0.06191825866699219,85.95048809051514,train
2019-05-12 19:30:00,1.0445556640625,0.13764572143554688,0.0022430419921875,0.000560760498046875,19.484130859375,1.054220199584961,0.06191825866699219,train
2019-05-12 20:00:00,0.038272857666015625,1.0445556640625,0.13764572143554688,0.0022430419921875,0.000560760498046875,19.484130859375,1.054220199584961,train
2019-05-12 20:30:00,0.004664421081542969,0.038272857666015625,1.0445556640625,0.13764572143554688,0.0022430419921875,0.000560760498046875,19.484130859375,train
2019-05-12 21:00:00,6.9994354248046875,0.004664421081542969,0.038272857666015625,1.0445556640625,0.13764572143554688,0.0022430419921875,0.000560760498046875,train
2019-05-12 21:30:00,0.2010650634765625,6.9994354248046875,0.004664421081542969,0.038272857666015625,1.0445556640625,0.13764572143554688,0.0022430419921875,train
2019-05-12 22:00:00,0.45946311950683594,0.2010650634765625,6.9994354248046875,0.004664421081542969,0.038272857666015625,1.0445556640625,0.13764572143554688,train
2019-05-12 22:30:00,1.4350624084472656,0.45946311950683594,0.2010650634765625,6.9994354248046875,0.004664421081542969,0.038272857666015625,1.0445556640625,train
2019-05-12 23:00:00,0.047028541564941406,1.4350624084472656,0.45946311950683594,0.2010650634765625,6.9994354248046875,0.004664421081542969,0.038272857666015625,train
2019-05-12 23:30:00,0.08857154846191406,0.047028541564941406,1.4350624084472656,0.45946311950683594,0.2010650634765625,6.9994354248046875,0.004664421081542969,train
2019-05-13 00:00:00,0.001430511474609375,0.08857154846191406,0.047028541564941406,1.4350624084472656,0.45946311950683594,0.2010650634765625,6.9994354248046875,train
2019-05-13 00:30:00,1.5950775146484375,0.001430511474609375,0.08857154846191406,0.047028541564941406,1.4350624084472656,0.45946311950683594,0.2010650634765625,train
2019-05-13 01:00:00,0.0007343292236328125,1.5950775146484375,0.001430511474609375,0.08857154846191406,0.047028541564941406,1.4350624084472656,0.45946311950683594,train
2019-05-13 01:30:00,0.303070068359375,0.0007343292236328125,1.5950775146484375,0.001430511474609375,0.08857154846191406,0.047028541564941406,1.4350624084472656,train
2019-05-13 02:00:00,0.0013208389282226562,0.303070068359375,0.0007343292236328125,1.5950775146484375,0.001430511474609375,0.08857154846191406,0.047028541564941406,train
2019-05-13 02:30:00,0.0,0.0013208389282226562,0.303070068359375,0.0007343292236328125,1.5950775146484375,0.001430511474609375,0.08857154846191406,train
2019-05-13 03:00:00,3.482086181640625,0.0,0.0013208389282226562,0.303070068359375,0.0007343292236328125,1.5950775146484375,0.001430511474609375,train
2019-05-13 03:30:00,0.12064743041992188,3.482086181640625,0.0,0.0013208389282226562,0.303070068359375,0.0007343292236328125,1.5950775146484375,train
2019-05-13 04:00:00,1.1008806228637695,0.12064743041992188,3.482086181640625,0.0,0.0013208389282226562,0.303070068359375,0.0007343292236328125,train
2019-05-13 04:30:00,0.1009521484375,1.1008806228637695,0.12064743041992188,3.482086181640625,0.0,0.0013208389282226562,0.303070068359375,train
2019-05-13 05:00:00,0.7486209869384766,0.1009521484375,1.1008806228637695,0.12064743041992188,3.482086181640625,0.0,0.0013208389282226562,train
2019-05-13 05:30:00,0.1832723617553711,0.7486209869384766,0.1009521484375,1.1008806228637695,0.12064743041992188,3.482086181640625,0.0,train
2019-05-13 06:00:00,0.025115966796875,0.1832723617553711,0.7486209869384766,0.1009521484375,1.1008806228637695,0.12064743041992188,3.482086181640625,train
2019-05-13 06:30:00,1.28448486328125,0.025115966796875,0.1832723617553711,0.7486209869384766,0.1009521484375,1.1008806228637695,0.12064743041992188,train
2019-05-13 07:00:00,0.0,1.28448486328125,0.025115966796875,0.1832723617553711,0.7486209869384766,0.1009521484375,1.1008806228637695,train
2019-05-13 07:30:00,4.548065185546875,0.0,1.28448486328125,0.025115966796875,0.1832723617553711,0.7486209869384766,0.1009521484375,train
2019-05-13 08:00:00,0.360626220703125,4.548065185546875,0.0,1.28448486328125,0.025115966796875,0.1832723617553711,0.7486209869384766,train
2019-05-13 08:30:00,0.13190460205078125,0.360626220703125,4.548065185546875,0.0,1.28448486328125,0.025115966796875,0.1832723617553711,train
2019-05-13 09:00:00,1.4580135345458984,0.13190460205078125,0.360626220703125,4.548065185546875,0.0,1.28448486328125,0.025115966796875,train
2019-05-13 09:30:00,0.060577392578125,1.4580135345458984,0.13190460205078125,0.360626220703125,4.548065185546875,0.0,1.28448486328125,train
2019-05-13 10:00:00,0.0,0.060577392578125,1.4580135345458984,0.13190460205078125,0.360626220703125,4.548065185546875,0.0,train
2019-05-13 10:30:00,12.829841613769531,0.0,0.060577392578125,1.4580135345458984,0.13190460205078125,0.360626220703125,4.548065185546875,train
2019-05-13 11:00:00,0.02553081512451172,12.829841613769531,0.0,0.060577392578125,1.4580135345458984,0.13190460205078125,0.360626220703125,train
2019-05-13 11:30:00,23.182952880859375,0.02553081512451172,12.829841613769531,0.0,0.060577392578125,1.4580135345458984,0.13190460205078125,train
2019-05-13 12:00:00,0.046172142028808594,23.182952880859375,0.02553081512451172,12.829841613769531,0.0,0.060577392578125,1.4580135345458984,train
2019-05-13 12:30:00,1.3085403442382812,0.046172142028808594,23.182952880859375,0.02553081512451172,12.829841613769531,0.0,0.060577392578125,train
2019-05-13 13:00:00,1.5908203125,1.3085403442382812,0.046172142028808594,23.182952880859375,0.02553081512451172,12.829841613769531,0.0,train
2019-05-13 13:30:00,0.030645370483398438,1.5908203125,1.3085403442382812,0.046172142028808594,23.182952880859375,0.02553081512451172,12.829841613769531,train
2019-05-13 14:00:00,0.7446060180664062,0.030645370483398438,1.5908203125,1.3085403442382812,0.046172142028808594,23.182952880859375,0.02553081512451172,train
2019-05-13 14:30:00,0.27979278564453125,0.7446060180664062,0.030645370483398438,1.5908203125,1.3085403442382812,0.046172142028808594,23.182952880859375,train
2019-05-13 15:00:00,2.067131996154785,0.27979278564453125,0.7446060180664062,0.030645370483398438,1.5908203125,1.3085403442382812,0.046172142028808594,train
2019-05-13 15:30:00,1.7035436630249023,2.067131996154785,0.27979278564453125,0.7446060180664062,0.030645370483398438,1.5908203125,1.3085403442382812,train
2019-05-13 16:00:00,10.059356689453125,1.7035436630249023,2.067131996154785,0.27979278564453125,0.7446060180664062,0.030645370483398438,1.5908203125,train
2019-05-13 16:30:00,0.5397758483886719,10.059356689453125,1.7035436630249023,2.067131996154785,0.27979278564453125,0.7446060180664062,0.030645370483398438,train
2019-05-13 17:00:00,0.0017566680908203125,0.5397758483886719,10.059356689453125,1.7035436630249023,2.067131996154785,0.27979278564453125,0.7446060180664062,train
2019-05-13 17:30:00,0.0,0.0017566680908203125,0.5397758483886719,10.059356689453125,1.7035436630249023,2.067131996154785,0.27979278564453125,train
2019-05-13 18:00:00,0.13280010223388672,0.0,0.0017566680908203125,0.5397758483886719,10.059356689453125,1.7035436630249023,2.067131996154785,train
2019-05-13 18:30:00,0.4982757568359375,0.13280010223388672,0.0,0.0017566680908203125,0.5397758483886719,10.059356689453125,1.7035436630249023,train
2019-05-13 19:00:00,1.0346803665161133,0.4982757568359375,0.13280010223388672,0.0,0.0017566680908203125,0.5397758483886719,10.059356689453125,train
2019-05-13 19:30:00,0.026681900024414062,1.0346803665161133,0.4982757568359375,0.13280010223388672,0.0,0.0017566680908203125,0.5397758483886719,train
2019-05-13 20:00:00,0.05883312225341797,0.026681900024414062,1.0346803665161133,0.4982757568359375,0.13280010223388672,0.0,0.0017566680908203125,train
2019-05-13 20:30:00,0.1414012908935547,0.05883312225341797,0.026681900024414062,1.0346803665161133,0.4982757568359375,0.13280010223388672,0.0,train
2019-05-13 21:00:00,1.071319580078125,0.1414012908935547,0.05883312225341797,0.026681900024414062,1.0346803665161133,0.4982757568359375,0.13280010223388672,train
2019-05-13 21:30:00,0.0729217529296875,1.071319580078125,0.1414012908935547,0.05883312225341797,0.026681900024414062,1.0346803665161133,0.4982757568359375,train
2019-05-13 22:00:00,12.213159561157227,0.0729217529296875,1.071319580078125,0.1414012908935547,0.05883312225341797,0.026681900024414062,1.0346803665161133,train
2019-05-13 22:30:00,0.0,12.213159561157227,0.0729217529296875,1.071319580078125,0.1414012908935547,0.05883312225341797,0.026681900024414062,train
2019-05-13 23:00:00,1.9745893478393555,0.0,12.213159561157227,0.0729217529296875,1.071319580078125,0.1414012908935547,0.05883312225341797,train
2019-05-13 23:30:00,0.3991060256958008,1.9745893478393555,0.0,12.213159561157227,0.0729217529296875,1.071319580078125,0.1414012908935547,train
2019-05-14 00:00:00,0.0065765380859375,0.3991060256958008,1.9745893478393555,0.0,12.213159561157227,0.0729217529296875,1.071319580078125,train
2019-05-14 00:30:00,0.4600715637207031,0.0065765380859375,0.3991060256958008,1.9745893478393555,0.0,12.213159561157227,0.0729217529296875,train
2019-05-14 01:00:00,0.1107177734375,0.4600715637207031,0.0065765380859375,0.3991060256958008,1.9745893478393555,0.0,12.213159561157227,train
2019-05-14 01:30:00,0.0039539337158203125,0.1107177734375,0.4600715637207031,0.0065765380859375,0.3991060256958008,1.9745893478393555,0.0,train
2019-05-14 02:00:00,0.5496482849121094,0.0039539337158203125,0.1107177734375,0.4600715637207031,0.0065765380859375,0.3991060256958008,1.9745893478393555,train
2019-05-14 02:30:00,0.01499176025390625,0.5496482849121094,0.0039539337158203125,0.1107177734375,0.4600715637207031,0.0065765380859375,0.3991060256958008,train
2019-05-14 03:00:00,0.026650428771972656,0.01499176025390625,0.5496482849121094,0.0039539337158203125,0.1107177734375,0.4600715637207031,0.0065765380859375,train
2019-05-14 03:30:00,0.0762319564819336,0.026650428771972656,0.01499176025390625,0.5496482849121094,0.0039539337158203125,0.1107177734375,0.4600715637207031,train
2019-05-14 04:00:00,0.4353141784667969,0.0762319564819336,0.026650428771972656,0.01499176025390625,0.5496482849121094,0.0039539337158203125,0.1107177734375,train
2019-05-14 04:30:00,0.00054168701171875,0.4353141784667969,0.0762319564819336,0.026650428771972656,0.01499176025390625,0.5496482849121094,0.0039539337158203125,train
2019-05-14 05:00:00,0.09002685546875,0.00054168701171875,0.4353141784667969,0.0762319564819336,0.026650428771972656,0.01499176025390625,0.5496482849121094,train
2019-05-14 05:30:00,17.930169105529785,0.09002685546875,0.00054168701171875,0.4353141784667969,0.0762319564819336,0.026650428771972656,0.01499176025390625,train
2019-05-14 06:00:00,5.75969123840332,17.930169105529785,0.09002685546875,0.00054168701171875,0.4353141784667969,0.0762319564819336,0.026650428771972656,train
2019-05-14 06:30:00,0.022989273071289062,5.75969123840332,17.930169105529785,0.09002685546875,0.00054168701171875,0.4353141784667969,0.0762319564819336,train
2019-05-14 07:00:00,0.0,0.022989273071289062,5.75969123840332,17.930169105529785,0.09002685546875,0.00054168701171875,0.4353141784667969,train
2019-05-14 07:30:00,0.30206871032714844,0.0,0.022989273071289062,5.75969123840332,17.930169105529785,0.09002685546875,0.00054168701171875,train
2019-05-14 08:00:00,0.2490243911743164,0.30206871032714844,0.0,0.022989273071289062,5.75969123840332,17.930169105529785,0.09002685546875,train
2019-05-14 08:30:00,0.02899456024169922,0.2490243911743164,0.30206871032714844,0.0,0.022989273071289062,5.75969123840332,17.930169105529785,train
2019-05-14 09:00:00,0.0,0.02899456024169922,0.2490243911743164,0.30206871032714844,0.0,0.022989273071289062,5.75969123840332,train
2019-05-14 09:30:00,0.03251075744628906,0.0,0.02899456024169922,0.2490243911743164,0.30206871032714844,0.0,0.022989273071289062,train
2019-05-14 10:00:00,1.30181884765625,0.03251075744628906,0.0,0.02899456024169922,0.2490243911743164,0.30206871032714844,0.0,train
2019-05-14 10:30:00,1.5670108795166016,1.30181884765625,0.03251075744628906,0.0,0.02899456024169922,0.2490243911743164,0.30206871032714844,train
2019-05-14 11:00:00,2.185932159423828,1.5670108795166016,1.30181884765625,0.03251075744628906,0.0,0.02899456024169922,0.2490243911743164,train
2019-05-14 11:30:00,0.10683917999267578,2.185932159423828,1.5670108795166016,1.30181884765625,0.03251075744628906,0.0,0.02899456024169922,train
2019-05-14 12:00:00,0.0008726119995117188,0.10683917999267578,2.185932159423828,1.5670108795166016,1.30181884765625,0.03251075744628906,0.0,train
2019-05-14 12:30:00,0.020416259765625,0.0008726119995117188,0.10683917999267578,2.185932159423828,1.5670108795166016,1.30181884765625,0.03251075744628906,train
2019-05-14 13:00:00,3.059295654296875,0.020416259765625,0.0008726119995117188,0.10683917999267578,2.185932159423828,1.5670108795166016,1.30181884765625,train
2019-05-14 13:30:00,0.22912216186523438,3.059295654296875,0.020416259765625,0.0008726119995117188,0.10683917999267578,2.185932159423828,1.5670108795166016,train
2019-05-14 14:00:00,1.835968017578125,0.22912216186523438,3.059295654296875,0.020416259765625,0.0008726119995117188,0.10683917999267578,2.185932159423828,train
2019-05-14 14:30:00,0.2060861587524414,1.835968017578125,0.22912216186523438,3.059295654296875,0.020416259765625,0.0008726119995117188,0.10683917999267578,train
2019-05-14 15:00:00,0.03299140930175781,0.2060861587524414,1.835968017578125,0.22912216186523438,3.059295654296875,0.020416259765625,0.0008726119995117188,train
2019-05-14 15:30:00,0.009307861328125,0.03299140930175781,0.2060861587524414,1.835968017578125,0.22912216186523438,3.059295654296875,0.020416259765625,train
2019-05-14 16:00:00,19.96530532836914,0.009307861328125,0.03299140930175781,0.2060861587524414,1.835968017578125,0.22912216186523438,3.059295654296875,train
2019-05-14 16:30:00,0.10595703125,19.96530532836914,0.009307861328125,0.03299140930175781,0.2060861587524414,1.835968017578125,0.22912216186523438,train
2019-05-14 17:00:00,0.004787445068359375,0.10595703125,19.96530532836914,0.009307861328125,0.03299140930175781,0.2060861587524414,1.835968017578125,train
2019-05-14 17:30:00,0.032746315002441406,0.004787445068359375,0.10595703125,19.96530532836914,0.009307861328125,0.03299140930175781,0.2060861587524414,train
2019-05-14 18:00:00,0.7122879028320312,0.032746315002441406,0.004787445068359375,0.10595703125,19.96530532836914,0.009307861328125,0.03299140930175781,train
2019-05-14 18:30:00,0.000301361083984375,0.7122879028320312,0.032746315002441406,0.004787445068359375,0.10595703125,19.96530532836914,0.009307861328125,train
2019-05-14 19:00:00,0.10629653930664062,0.000301361083984375,0.7122879028320312,0.032746315002441406,0.004787445068359375,0.10595703125,19.96530532836914,train
2019-05-14 19:30:00,0.0020351409912109375,0.10629653930664062,0.000301361083984375,0.7122879028320312,0.032746315002441406,0.004787445068359375,0.10595703125,train
2019-05-14 20:00:00,0.008733749389648438,0.0020351409912109375,0.10629653930664062,0.000301361083984375,0.7122879028320312,0.032746315002441406,0.004787445068359375,train
2019-05-14 20:30:00,0.04658317565917969,0.008733749389648438,0.0020351409912109375,0.10629653930664062,0.000301361083984375,0.7122879028320312,0.032746315002441406,train
2019-05-14 21:00:00,0.09752750396728516,0.04658317565917969,0.008733749389648438,0.0020351409912109375,0.10629653930664062,0.000301361083984375,0.7122879028320312,train
2019-05-14 21:30:00,0.012769699096679688,0.09752750396728516,0.04658317565917969,0.008733749389648438,0.0020351409912109375,0.10629653930664062,0.000301361083984375,train
2019-05-14 22:00:00,1.0273408889770508,0.012769699096679688,0.09752750396728516,0.04658317565917969,0.008733749389648438,0.0020351409912109375,0.10629653930664062,train
2019-05-14 22:30:00,0.00661468505859375,1.0273408889770508,0.012769699096679688,0.09752750396728516,0.04658317565917969,0.008733749389648438,0.0020351409912109375,train
2019-05-14 23:00:00,0.0,0.00661468505859375,1.0273408889770508,0.012769699096679688,0.09752750396728516,0.04658317565917969,0.008733749389648438,train
2019-05-14 23:30:00,0.8154735565185547,0.0,0.00661468505859375,1.0273408889770508,0.012769699096679688,0.09752750396728516,0.04658317565917969,train
2019-05-15 00:00:00,0.0024967193603515625,0.8154735565185547,0.0,0.00661468505859375,1.0273408889770508,0.012769699096679688,0.09752750396728516,train
2019-05-15 00:30:00,0.0002803802490234375,0.0024967193603515625,0.8154735565185547,0.0,0.00661468505859375,1.0273408889770508,0.012769699096679688,train
2019-05-15 01:00:00,0.5433149337768555,0.0002803802490234375,0.0024967193603515625,0.8154735565185547,0.0,0.00661468505859375,1.0273408889770508,train
2019-05-15 01:30:00,0.18106842041015625,0.5433149337768555,0.0002803802490234375,0.0024967193603515625,0.8154735565185547,0.0,0.00661468505859375,train
2019-05-15 02:00:00,5.611225128173828,0.18106842041015625,0.5433149337768555,0.0002803802490234375,0.0024967193603515625,0.8154735565185547,0.0,train
2019-05-15 02:30:00,0.014826774597167969,5.611225128173828,0.18106842041015625,0.5433149337768555,0.0002803802490234375,0.0024967193603515625,0.8154735565185547,train
2019-05-15 03:00:00,0.0095672607421875,0.014826774597167969,5.611225128173828,0.18106842041015625,0.5433149337768555,0.0002803802490234375,0.0024967193603515625,train
2019-05-15 03:30:00,0.013813018798828125,0.0095672607421875,0.014826774597167969,5.611225128173828,0.18106842041015625,0.5433149337768555,0.0002803802490234375,train
2019-05-15 04:00:00,0.00150299072265625,0.013813018798828125,0.0095672607421875,0.014826774597167969,5.611225128173828,0.18106842041015625,0.5433149337768555,train
2019-05-15 04:30:00,1.5403776168823242,0.00150299072265625,0.013813018798828125,0.0095672607421875,0.014826774597167969,5.611225128173828,0.18106842041015625,train
2019-05-15 05:00:00,1.26983642578125,1.5403776168823242,0.00150299072265625,0.013813018798828125,0.0095672607421875,0.014826774597167969,5.611225128173828,train
2019-05-15 05:30:00,0.3009033203125,1.26983642578125,1.5403776168823242,0.00150299072265625,0.013813018798828125,0.0095672607421875,0.014826774597167969,train
2019-05-15 06:00:00,2.0749053955078125,0.3009033203125,1.26983642578125,1.5403776168823242,0.00150299072265625,0.013813018798828125,0.0095672607421875,train
2019-05-15 06:30:00,0.024824142456054688,2.0749053955078125,0.3009033203125,1.26983642578125,1.5403776168823242,0.00150299072265625,0.013813018798828125,train
2019-05-15 07:00:00,0.1207122802734375,0.024824142456054688,2.0749053955078125,0.3009033203125,1.26983642578125,1.5403776168823242,0.00150299072265625,train
2019-05-15 07:30:00,0.217926025390625,0.1207122802734375,0.024824142456054688,2.0749053955078125,0.3009033203125,1.26983642578125,1.5403776168823242,train
2019-05-15 08:00:00,0.02921295166015625,0.217926025390625,0.1207122802734375,0.024824142456054688,2.0749053955078125,0.3009033203125,1.26983642578125,train
2019-05-15 08:30:00,0.1908588409423828,0.02921295166015625,0.217926025390625,0.1207122802734375,0.024824142456054688,2.0749053955078125,0.3009033203125,train
2019-05-15 09:00:00,0.1463623046875,0.1908588409423828,0.02921295166015625,0.217926025390625,0.1207122802734375,0.024824142456054688,2.0749053955078125,train
2019-05-15 09:30:00,0.7523508071899414,0.1463623046875,0.1908588409423828,0.02921295166015625,0.217926025390625,0.1207122802734375,0.024824142456054688,train
2019-05-15 10:00:00,0.0013179779052734375,0.7523508071899414,0.1463623046875,0.1908588409423828,0.02921295166015625,0.217926025390625,0.1207122802734375,train
2019-05-15 10:30:00,2.0136260986328125,0.0013179779052734375,0.7523508071899414,0.1463623046875,0.1908588409423828,0.02921295166015625,0.217926025390625,train
2019-05-15 11:00:00,6.722389221191406,2.0136260986328125,0.0013179779052734375,0.7523508071899414,0.1463623046875,0.1908588409423828,0.02921295166015625,train
2019-05-15 11:30:00,0.6618900299072266,6.722389221191406,2.0136260986328125,0.0013179779052734375,0.7523508071899414,0.1463623046875,0.1908588409423828,train
2019-05-15 12:00:00,0.5101451873779297,0.6618900299072266,6.722389221191406,2.0136260986328125,0.0013179779052734375,0.7523508071899414,0.1463623046875,train
2019-05-15 12:30:00,0.29525279998779297,0.5101451873779297,0.6618900299072266,6.722389221191406,2.0136260986328125,0.0013179779052734375,0.7523508071899414,train
2019-05-15 13:00:00,0.002838134765625,0.29525279998779297,0.5101451873779297,0.6618900299072266,6.722389221191406,2.0136260986328125,0.0013179779052734375,train
2019-05-15 13:30:00,0.02940845489501953,0.002838134765625,0.29525279998779297,0.5101451873779297,0.6618900299072266,6.722389221191406,2.0136260986328125,train
2019-05-15 14:00:00,0.27938270568847656,0.02940845489501953,0.002838134765625,0.29525279998779297,0.5101451873779297,0.6618900299072266,6.722389221191406,train
2019-05-15 14:30:00,6.136653900146484,0.27938270568847656,0.02940845489501953,0.002838134765625,0.29525279998779297,0.5101451873779297,0.6618900299072266,train
2019-05-15 15:00:00,0.001125335693359375,6.136653900146484,0.27938270568847656,0.02940845489501953,0.002838134765625,0.29525279998779297,0.5101451873779297,train
2019-05-15 15:30:00,0.19042682647705078,0.001125335693359375,6.136653900146484,0.27938270568847656,0.02940845489501953,0.002838134765625,0.29525279998779297,train
2019-05-15 16:00:00,0.1650381088256836,0.19042682647705078,0.001125335693359375,6.136653900146484,0.27938270568847656,0.02940845489501953,0.002838134765625,train
2019-05-15 16:30:00,0.00141143798828125,0.1650381088256836,0.19042682647705078,0.001125335693359375,6.136653900146484,0.27938270568847656,0.02940845489501953,train
2019-05-15 17:00:00,13.611808776855469,0.00141143798828125,0.1650381088256836,0.19042682647705078,0.001125335693359375,6.136653900146484,0.27938270568847656,train
2019-05-15 17:30:00,0.15462303161621094,13.611808776855469,0.00141143798828125,0.1650381088256836,0.19042682647705078,0.001125335693359375,6.136653900146484,train
2019-05-15 18:00:00,2.208629608154297,0.15462303161621094,13.611808776855469,0.00141143798828125,0.1650381088256836,0.19042682647705078,0.001125335693359375,train
2019-05-15 18:30:00,0.04584217071533203,2.208629608154297,0.15462303161621094,13.611808776855469,0.00141143798828125,0.1650381088256836,0.19042682647705078,train
2019-05-15 19:00:00,1.7482414245605469,0.04584217071533203,2.208629608154297,0.15462303161621094,13.611808776855469,0.00141143798828125,0.1650381088256836,train
2019-05-15 19:30:00,0.11025047302246094,1.7482414245605469,0.04584217071533203,2.208629608154297,0.15462303161621094,13.611808776855469,0.00141143798828125,train
2019-05-15 20:00:00,0.01174163818359375,0.11025047302246094,1.7482414245605469,0.04584217071533203,2.208629608154297,0.15462303161621094,13.611808776855469,train
2019-05-15 20:30:00,14.576854705810547,0.01174163818359375,0.11025047302246094,1.7482414245605469,0.04584217071533203,2.208629608154297,0.15462303161621094,train
2019-05-15 21:00:00,0.003261566162109375,14.576854705810547,0.01174163818359375,0.11025047302246094,1.7482414245605469,0.04584217071533203,2.208629608154297,train
2019-05-15 21:30:00,14.452655792236328,0.003261566162109375,14.576854705810547,0.01174163818359375,0.11025047302246094,1.7482414245605469,0.04584217071533203,train
2019-05-15 22:00:00,0.15665817260742188,14.452655792236328,0.003261566162109375,14.576854705810547,0.01174163818359375,0.11025047302246094,1.7482414245605469,train
2019-05-15 22:30:00,0.17302989959716797,0.15665817260742188,14.452655792236328,0.003261566162109375,14.576854705810547,0.01174163818359375,0.11025047302246094,train
2019-05-15 23:00:00,13.718710899353027,0.17302989959716797,0.15665817260742188,14.452655792236328,0.003261566162109375,14.576854705810547,0.01174163818359375,train
2019-05-15 23:30:00,0.06076812744140625,13.718710899353027,0.17302989959716797,0.15665817260742188,14.452655792236328,0.003261566162109375,14.576854705810547,train
2019-05-16 00:00:00,2.303089141845703,0.06076812744140625,13.718710899353027,0.17302989959716797,0.15665817260742188,14.452655792236328,0.003261566162109375,train
2019-05-16 00:30:00,0.0702066421508789,2.303089141845703,0.06076812744140625,13.718710899353027,0.17302989959716797,0.15665817260742188,14.452655792236328,train
2019-05-16 01:00:00,0.0,0.0702066421508789,2.303089141845703,0.06076812744140625,13.718710899353027,0.17302989959716797,0.15665817260742188,train
2019-05-16 01:30:00,0.9079141616821289,0.0,0.0702066421508789,2.303089141845703,0.06076812744140625,13.718710899353027,0.17302989959716797,train
2019-05-16 02:00:00,0.04071044921875,0.9079141616821289,0.0,0.0702066421508789,2.303089141845703,0.06076812744140625,13.718710899353027,train
2019-05-16 02:30:00,0.16077423095703125,0.04071044921875,0.9079141616821289,0.0,0.0702066421508789,2.303089141845703,0.06076812744140625,train
2019-05-16 03:00:00,2.6760711669921875,0.16077423095703125,0.04071044921875,0.9079141616821289,0.0,0.0702066421508789,2.303089141845703,train
2019-05-16 03:30:00,0.5836906433105469,2.6760711669921875,0.16077423095703125,0.04071044921875,0.9079141616821289,0.0,0.0702066421508789,train
2019-05-16 04:00:00,0.19701099395751953,0.5836906433105469,2.6760711669921875,0.16077423095703125,0.04071044921875,0.9079141616821289,0.0,train
2019-05-16 04:30:00,3.8245649337768555,0.19701099395751953,0.5836906433105469,2.6760711669921875,0.16077423095703125,0.04071044921875,0.9079141616821289,train
2019-05-16 05:00:00,0.340576171875,3.8245649337768555,0.19701099395751953,0.5836906433105469,2.6760711669921875,0.16077423095703125,0.04071044921875,train
2019-05-16 05:30:00,0.03263664245605469,0.340576171875,3.8245649337768555,0.19701099395751953,0.5836906433105469,2.6760711669921875,0.16077423095703125,train
2019-05-16 06:00:00,0.0027217864990234375,0.03263664245605469,0.340576171875,3.8245649337768555,0.19701099395751953,0.5836906433105469,2.6760711669921875,train
2019-05-16 06:30:00,0.002285003662109375,0.0027217864990234375,0.03263664245605469,0.340576171875,3.8245649337768555,0.19701099395751953,0.5836906433105469,train
2019-05-16 07:00:00,0.027405738830566406,0.002285003662109375,0.0027217864990234375,0.03263664245605469,0.340576171875,3.8245649337768555,0.19701099395751953,train
2019-05-16 07:30:00,0.9995498657226562,0.027405738830566406,0.002285003662109375,0.0027217864990234375,0.03263664245605469,0.340576171875,3.8245649337768555,train
2019-05-16 08:00:00,0.6306591033935547,0.9995498657226562,0.027405738830566406,0.002285003662109375,0.0027217864990234375,0.03263664245605469,0.340576171875,train
2019-05-16 08:30:00,0.708953857421875,0.6306591033935547,0.9995498657226562,0.027405738830566406,0.002285003662109375,0.0027217864990234375,0.03263664245605469,train
2019-05-16 09:00:00,0.3436098098754883,0.708953857421875,0.6306591033935547,0.9995498657226562,0.027405738830566406,0.002285003662109375,0.0027217864990234375,train
2019-05-16 09:30:00,0.07246780395507812,0.3436098098754883,0.708953857421875,0.6306591033935547,0.9995498657226562,0.027405738830566406,0.002285003662109375,train
2019-05-16 10:00:00,0.1847820281982422,0.07246780395507812,0.3436098098754883,0.708953857421875,0.6306591033935547,0.9995498657226562,0.027405738830566406,train
2019-05-16 10:30:00,0.016866683959960938,0.1847820281982422,0.07246780395507812,0.3436098098754883,0.708953857421875,0.6306591033935547,0.9995498657226562,train
2019-05-16 11:00:00,0.9912014007568359,0.016866683959960938,0.1847820281982422,0.07246780395507812,0.3436098098754883,0.708953857421875,0.6306591033935547,train
2019-05-16 11:30:00,11.219008445739746,0.9912014007568359,0.016866683959960938,0.1847820281982422,0.07246780395507812,0.3436098098754883,0.708953857421875,train
2019-05-16 12:00:00,0.167572021484375,11.219008445739746,0.9912014007568359,0.016866683959960938,0.1847820281982422,0.07246780395507812,0.3436098098754883,train
2019-05-16 12:30:00,0.4970970153808594,0.167572021484375,11.219008445739746,0.9912014007568359,0.016866683959960938,0.1847820281982422,0.07246780395507812,train
2019-05-16 13:00:00,16.52192783355713,0.4970970153808594,0.167572021484375,11.219008445739746,0.9912014007568359,0.016866683959960938,0.1847820281982422,train
2019-05-16 13:30:00,2.052189826965332,16.52192783355713,0.4970970153808594,0.167572021484375,11.219008445739746,0.9912014007568359,0.016866683959960938,train
2019-05-16 14:00:00,0.0788116455078125,2.052189826965332,16.52192783355713,0.4970970153808594,0.167572021484375,11.219008445739746,0.9912014007568359,train
2019-05-16 14:30:00,0.45009708404541016,0.0788116455078125,2.052189826965332,16.52192783355713,0.4970970153808594,0.167572021484375,11.219008445739746,train
2019-05-16 15:00:00,5.93412971496582,0.45009708404541016,0.0788116455078125,2.052189826965332,16.52192783355713,0.4970970153808594,0.167572021484375,train
2019-05-16 15:30:00,0.013905525207519531,5.93412971496582,0.45009708404541016,0.0788116455078125,2.052189826965332,16.52192783355713,0.4970970153808594,train
2019-05-16 16:00:00,0.020368576049804688,0.013905525207519531,5.93412971496582,0.45009708404541016,0.0788116455078125,2.052189826965332,16.52192783355713,train
2019-05-16 16:30:00,0.6732549667358398,0.020368576049804688,0.013905525207519531,5.93412971496582,0.45009708404541016,0.0788116455078125,2.052189826965332,train
2019-05-16 17:00:00,0.0011110305786132812,0.6732549667358398,0.020368576049804688,0.013905525207519531,5.93412971496582,0.45009708404541016,0.0788116455078125,train
2019-05-16 17:30:00,0.19940185546875,0.0011110305786132812,0.6732549667358398,0.020368576049804688,0.013905525207519531,5.93412971496582,0.45009708404541016,train
2019-05-16 18:00:00,11.201499938964844,0.19940185546875,0.0011110305786132812,0.6732549667358398,0.020368576049804688,0.013905525207519531,5.93412971496582,train
2019-05-16 18:30:00,0.010284423828125,11.201499938964844,0.19940185546875,0.0011110305786132812,0.6732549667358398,0.020368576049804688,0.013905525207519531,train
2019-05-16 19:00:00,0.06457138061523438,0.010284423828125,11.201499938964844,0.19940185546875,0.0011110305786132812,0.6732549667358398,0.020368576049804688,train
2019-05-16 19:30:00,0.0063304901123046875,0.06457138061523438,0.010284423828125,11.201499938964844,0.19940185546875,0.0011110305786132812,0.6732549667358398,train
2019-05-16 20:00:00,0.029541015625,0.0063304901123046875,0.06457138061523438,0.010284423828125,11.201499938964844,0.19940185546875,0.0011110305786132812,train
2019-05-16 20:30:00,0.4381694793701172,0.029541015625,0.0063304901123046875,0.06457138061523438,0.010284423828125,11.201499938964844,0.19940185546875,train
2019-05-16 21:00:00,0.13419723510742188,0.4381694793701172,0.029541015625,0.0063304901123046875,0.06457138061523438,0.010284423828125,11.201499938964844,train
2019-05-16 21:30:00,0.006880760192871094,0.13419723510742188,0.4381694793701172,0.029541015625,0.0063304901123046875,0.06457138061523438,0.010284423828125,train
2019-05-16 22:00:00,0.014026641845703125,0.006880760192871094,0.13419723510742188,0.4381694793701172,0.029541015625,0.0063304901123046875,0.06457138061523438,train
2019-05-16 22:30:00,2.132617950439453,0.014026641845703125,0.006880760192871094,0.13419723510742188,0.4381694793701172,0.029541015625,0.0063304901123046875,train
2019-05-16 23:00:00,0.0024862289428710938,2.132617950439453,0.014026641845703125,0.006880760192871094,0.13419723510742188,0.4381694793701172,0.029541015625,train
2019-05-16 23:30:00,0.000743865966796875,0.0024862289428710938,2.132617950439453,0.014026641845703125,0.006880760192871094,0.13419723510742188,0.4381694793701172,train
2019-05-17 00:00:00,0.14525222778320312,0.000743865966796875,0.0024862289428710938,2.132617950439453,0.014026641845703125,0.006880760192871094,0.13419723510742188,train
2019-05-17 00:30:00,0.24439144134521484,0.14525222778320312,0.000743865966796875,0.0024862289428710938,2.132617950439453,0.014026641845703125,0.006880760192871094,train
2019-05-17 01:00:00,0.16570568084716797,0.24439144134521484,0.14525222778320312,0.000743865966796875,0.0024862289428710938,2.132617950439453,0.014026641845703125,train
2019-05-17 01:30:00,0.1002492904663086,0.16570568084716797,0.24439144134521484,0.14525222778320312,0.000743865966796875,0.0024862289428710938,2.132617950439453,train
2019-05-17 02:00:00,0.011806488037109375,0.1002492904663086,0.16570568084716797,0.24439144134521484,0.14525222778320312,0.000743865966796875,0.0024862289428710938,train
2019-05-17 02:30:00,0.4283447265625,0.011806488037109375,0.1002492904663086,0.16570568084716797,0.24439144134521484,0.14525222778320312,0.000743865966796875,train
2019-05-17 03:00:00,0.25695037841796875,0.4283447265625,0.011806488037109375,0.1002492904663086,0.16570568084716797,0.24439144134521484,0.14525222778320312,train
2019-05-17 03:30:00,0.3945951461791992,0.25695037841796875,0.4283447265625,0.011806488037109375,0.1002492904663086,0.16570568084716797,0.24439144134521484,train
2019-05-17 04:00:00,2.564411163330078,0.3945951461791992,0.25695037841796875,0.4283447265625,0.011806488037109375,0.1002492904663086,0.16570568084716797,train
2019-05-17 04:30:00,0.1444091796875,2.564411163330078,0.3945951461791992,0.25695037841796875,0.4283447265625,0.011806488037109375,0.1002492904663086,train
2019-05-17 05:00:00,0.339599609375,0.1444091796875,2.564411163330078,0.3945951461791992,0.25695037841796875,0.4283447265625,0.011806488037109375,train
2019-05-17 05:30:00,0.0924072265625,0.339599609375,0.1444091796875,2.564411163330078,0.3945951461791992,0.25695037841796875,0.4283447265625,train
2019-05-17 06:00:00,2.9339046478271484,0.0924072265625,0.339599609375,0.1444091796875,2.564411163330078,0.3945951461791992,0.25695037841796875,train
2019-05-17 06:30:00,5.79052734375,2.9339046478271484,0.0924072265625,0.339599609375,0.1444091796875,2.564411163330078,0.3945951461791992,train
2019-05-17 07:00:00,0.0021648406982421875,5.79052734375,2.9339046478271484,0.0924072265625,0.339599609375,0.1444091796875,2.564411163330078,train
2019-05-17 07:30:00,0.08005905151367188,0.0021648406982421875,5.79052734375,2.9339046478271484,0.0924072265625,0.339599609375,0.1444091796875,train
2019-05-17 08:00:00,0.0011987686157226562,0.08005905151367188,0.0021648406982421875,5.79052734375,2.9339046478271484,0.0924072265625,0.339599609375,train
2019-05-17 08:30:00,14.427267074584961,0.0011987686157226562,0.08005905151367188,0.0021648406982421875,5.79052734375,2.9339046478271484,0.0924072265625,train
2019-05-17 09:00:00,0.0015306472778320312,14.427267074584961,0.0011987686157226562,0.08005905151367188,0.0021648406982421875,5.79052734375,2.9339046478271484,train
2019-05-17 09:30:00,1.5092926025390625,0.0015306472778320312,14.427267074584961,0.0011987686157226562,0.08005905151367188,0.0021648406982421875,5.79052734375,train
2019-05-17 10:00:00,0.5304746627807617,1.5092926025390625,0.0015306472778320312,14.427267074584961,0.0011987686157226562,0.08005905151367188,0.0021648406982421875,train
2019-05-17 10:30:00,0.0454559326171875,0.5304746627807617,1.5092926025390625,0.0015306472778320312,14.427267074584961,0.0011987686157226562,0.08005905151367188,train
2019-05-17 11:00:00,0.1023101806640625,0.0454559326171875,0.5304746627807617,1.5092926025390625,0.0015306472778320312,14.427267074584961,0.0011987686157226562,train
2019-05-17 11:30:00,0.024723052978515625,0.1023101806640625,0.0454559326171875,0.5304746627807617,1.5092926025390625,0.0015306472778320312,14.427267074584961,train
2019-05-17 12:00:00,1.098480224609375,0.024723052978515625,0.1023101806640625,0.0454559326171875,0.5304746627807617,1.5092926025390625,0.0015306472778320312,train
2019-05-17 12:30:00,10.515005111694336,1.098480224609375,0.024723052978515625,0.1023101806640625,0.0454559326171875,0.5304746627807617,1.5092926025390625,train
2019-05-17 13:00:00,0.00022411346435546875,10.515005111694336,1.098480224609375,0.024723052978515625,0.1023101806640625,0.0454559326171875,0.5304746627807617,train
2019-05-17 13:30:00,0.09865951538085938,0.00022411346435546875,10.515005111694336,1.098480224609375,0.024723052978515625,0.1023101806640625,0.0454559326171875,train
2019-05-17 14:00:00,0.026821136474609375,0.09865951538085938,0.00022411346435546875,10.515005111694336,1.098480224609375,0.024723052978515625,0.1023101806640625,train
2019-05-17 14:30:00,0.05839252471923828,0.026821136474609375,0.09865951538085938,0.00022411346435546875,10.515005111694336,1.098480224609375,0.024723052978515625,train
2019-05-17 15:00:00,0.004965782165527344,0.05839252471923828,0.026821136474609375,0.09865951538085938,0.00022411346435546875,10.515005111694336,1.098480224609375,train
2019-05-17 15:30:00,0.011813163757324219,0.004965782165527344,0.05839252471923828,0.026821136474609375,0.09865951538085938,0.00022411346435546875,10.515005111694336,train
2019-05-17 16:00:00,0.8206939697265625,0.011813163757324219,0.004965782165527344,0.05839252471923828,0.026821136474609375,0.09865951538085938,0.00022411346435546875,train
2019-05-17 16:30:00,0.0,0.8206939697265625,0.011813163757324219,0.004965782165527344,0.05839252471923828,0.026821136474609375,0.09865951538085938,train
2019-05-17 17:00:00,18.568603515625,0.0,0.8206939697265625,0.011813163757324219,0.004965782165527344,0.05839252471923828,0.026821136474609375,train
2019-05-17 17:30:00,3.95599365234375,18.568603515625,0.0,0.8206939697265625,0.011813163757324219,0.004965782165527344,0.05839252471923828,train
2019-05-17 18:00:00,1.293853759765625,3.95599365234375,18.568603515625,0.0,0.8206939697265625,0.011813163757324219,0.004965782165527344,train
2019-05-17 18:30:00,6.377996444702148,1.293853759765625,3.95599365234375,18.568603515625,0.0,0.8206939697265625,0.011813163757324219,train
2019-05-17 19:00:00,0.7594203948974609,6.377996444702148,1.293853759765625,3.95599365234375,18.568603515625,0.0,0.8206939697265625,train
2019-05-17 19:30:00,0.024244308471679688,0.7594203948974609,6.377996444702148,1.293853759765625,3.95599365234375,18.568603515625,0.0,train
2019-05-17 20:00:00,5.988525390625,0.024244308471679688,0.7594203948974609,6.377996444702148,1.293853759765625,3.95599365234375,18.568603515625,train
2019-05-17 20:30:00,0.1626272201538086,5.988525390625,0.024244308471679688,0.7594203948974609,6.377996444702148,1.293853759765625,3.95599365234375,train
2019-05-17 21:00:00,0.039478302001953125,0.1626272201538086,5.988525390625,0.024244308471679688,0.7594203948974609,6.377996444702148,1.293853759765625,train
2019-05-17 21:30:00,2.040325164794922,0.039478302001953125,0.1626272201538086,5.988525390625,0.024244308471679688,0.7594203948974609,6.377996444702148,train
2019-05-17 22:00:00,0.0,2.040325164794922,0.039478302001953125,0.1626272201538086,5.988525390625,0.024244308471679688,0.7594203948974609,train
2019-05-17 22:30:00,3.798797607421875,0.0,2.040325164794922,0.039478302001953125,0.1626272201538086,5.988525390625,0.024244308471679688,train
2019-05-17 23:00:00,0.2634449005126953,3.798797607421875,0.0,2.040325164794922,0.039478302001953125,0.1626272201538086,5.988525390625,train
2019-05-17 23:30:00,4.762351989746094,0.2634449005126953,3.798797607421875,0.0,2.040325164794922,0.039478302001953125,0.1626272201538086,train
2019-05-18 00:00:00,0.010335922241210938,4.762351989746094,0.2634449005126953,3.798797607421875,0.0,2.040325164794922,0.039478302001953125,train
2019-05-18 00:30:00,0.025803565979003906,0.010335922241210938,4.762351989746094,0.2634449005126953,3.798797607421875,0.0,2.040325164794922,train
2019-05-18 01:00:00,0.2413797378540039,0.025803565979003906,0.010335922241210938,4.762351989746094,0.2634449005126953,3.798797607421875,0.0,train
2019-05-18 01:30:00,40.63563537597656,0.2413797378540039,0.025803565979003906,0.010335922241210938,4.762351989746094,0.2634449005126953,3.798797607421875,train
2019-05-18 02:00:00,0.09990692138671875,40.63563537597656,0.2413797378540039,0.025803565979003906,0.010335922241210938,4.762351989746094,0.2634449005126953,train
2019-05-18 02:30:00,0.08636474609375,0.09990692138671875,40.63563537597656,0.2413797378540039,0.025803565979003906,0.010335922241210938,4.762351989746094,train
2019-05-18 03:00:00,0.1581592559814453,0.08636474609375,0.09990692138671875,40.63563537597656,0.2413797378540039,0.025803565979003906,0.010335922241210938,train
2019-05-18 03:30:00,0.0,0.1581592559814453,0.08636474609375,0.09990692138671875,40.63563537597656,0.2413797378540039,0.025803565979003906,train
2019-05-18 04:00:00,0.0,0.0,0.1581592559814453,0.08636474609375,0.09990692138671875,40.63563537597656,0.2413797378540039,train
2019-05-18 04:30:00,7.846741676330566,0.0,0.0,0.1581592559814453,0.08636474609375,0.09990692138671875,40.63563537597656,train
2019-05-18 05:00:00,0.046417236328125,7.846741676330566,0.0,0.0,0.1581592559814453,0.08636474609375,0.09990692138671875,train
2019-05-18 05:30:00,0.000732421875,0.046417236328125,7.846741676330566,0.0,0.0,0.1581592559814453,0.08636474609375,train
2019-05-18 06:00:00,0.0015726089477539062,0.000732421875,0.046417236328125,7.846741676330566,0.0,0.0,0.1581592559814453,train
2019-05-18 06:30:00,10.018890380859375,0.0015726089477539062,0.000732421875,0.046417236328125,7.846741676330566,0.0,0.0,train
2019-05-18 07:00:00,0.48480224609375,10.018890380859375,0.0015726089477539062,0.000732421875,0.046417236328125,7.846741676330566,0.0,train
2019-05-18 07:30:00,0.22974395751953125,0.48480224609375,10.018890380859375,0.0015726089477539062,0.000732421875,0.046417236328125,7.846741676330566,train
2019-05-18 08:00:00,1.864471435546875,0.22974395751953125,0.48480224609375,10.018890380859375,0.0015726089477539062,0.000732421875,0.046417236328125,train
2019-05-18 08:30:00,0.10851478576660156,1.864471435546875,0.22974395751953125,0.48480224609375,10.018890380859375,0.0015726089477539062,0.000732421875,train
2019-05-18 09:00:00,0.5520763397216797,0.10851478576660156,1.864471435546875,0.22974395751953125,0.48480224609375,10.018890380859375,0.0015726089477539062,train
2019-05-18 09:30:00,3.448763847351074,0.5520763397216797,0.10851478576660156,1.864471435546875,0.22974395751953125,0.48480224609375,10.018890380859375,train
2019-05-18 10:00:00,0.023000717163085938,3.448763847351074,0.5520763397216797,0.10851478576660156,1.864471435546875,0.22974395751953125,0.48480224609375,train
2019-05-18 10:30:00,0.02374553680419922,0.023000717163085938,3.448763847351074,0.5520763397216797,0.10851478576660156,1.864471435546875,0.22974395751953125,train
2019-05-18 11:00:00,0.002338409423828125,0.02374553680419922,0.023000717163085938,3.448763847351074,0.5520763397216797,0.10851478576660156,1.864471435546875,train
2019-05-18 11:30:00,0.0,0.002338409423828125,0.02374553680419922,0.023000717163085938,3.448763847351074,0.5520763397216797,0.10851478576660156,train
2019-05-18 12:00:00,0.0007114410400390625,0.0,0.002338409423828125,0.02374553680419922,0.023000717163085938,3.448763847351074,0.5520763397216797,train
2019-05-18 12:30:00,0.00043582916259765625,0.0007114410400390625,0.0,0.002338409423828125,0.02374553680419922,0.023000717163085938,3.448763847351074,train
2019-05-18 13:00:00,0.00467681884765625,0.00043582916259765625,0.0007114410400390625,0.0,0.002338409423828125,0.02374553680419922,0.023000717163085938,train
2019-05-18 13:30:00,0.7700042724609375,0.00467681884765625,0.00043582916259765625,0.0007114410400390625,0.0,0.002338409423828125,0.02374553680419922,train
2019-05-18 14:00:00,0.4536895751953125,0.7700042724609375,0.00467681884765625,0.00043582916259765625,0.0007114410400390625,0.0,0.002338409423828125,train
2019-05-18 14:30:00,0.0,0.4536895751953125,0.7700042724609375,0.00467681884765625,0.00043582916259765625,0.0007114410400390625,0.0,train
2019-05-18 15:00:00,14.08538818359375,0.0,0.4536895751953125,0.7700042724609375,0.00467681884765625,0.00043582916259765625,0.0007114410400390625,train
2019-05-18 15:30:00,0.37499046325683594,14.08538818359375,0.0,0.4536895751953125,0.7700042724609375,0.00467681884765625,0.00043582916259765625,train
2019-05-18 16:00:00,0.24094390869140625,0.37499046325683594,14.08538818359375,0.0,0.4536895751953125,0.7700042724609375,0.00467681884765625,train
2019-05-18 16:30:00,0.0,0.24094390869140625,0.37499046325683594,14.08538818359375,0.0,0.4536895751953125,0.7700042724609375,train
2019-05-18 17:00:00,0.27069091796875,0.0,0.24094390869140625,0.37499046325683594,14.08538818359375,0.0,0.4536895751953125,train
2019-05-18 17:30:00,0.0010852813720703125,0.27069091796875,0.0,0.24094390869140625,0.37499046325683594,14.08538818359375,0.0,train
2019-05-18 18:00:00,0.4587249755859375,0.0010852813720703125,0.27069091796875,0.0,0.24094390869140625,0.37499046325683594,14.08538818359375,train
2019-05-18 18:30:00,0.3016786575317383,0.4587249755859375,0.0010852813720703125,0.27069091796875,0.0,0.24094390869140625,0.37499046325683594,train
2019-05-18 19:00:00,6.783893585205078,0.3016786575317383,0.4587249755859375,0.0010852813720703125,0.27069091796875,0.0,0.24094390869140625,train
2019-05-18 19:30:00,0.11077880859375,6.783893585205078,0.3016786575317383,0.4587249755859375,0.0010852813720703125,0.27069091796875,0.0,train
2019-05-18 20:00:00,0.24352073669433594,0.11077880859375,6.783893585205078,0.3016786575317383,0.4587249755859375,0.0010852813720703125,0.27069091796875,train
2019-05-18 20:30:00,0.0,0.24352073669433594,0.11077880859375,6.783893585205078,0.3016786575317383,0.4587249755859375,0.0010852813720703125,train
2019-05-18 21:00:00,0.0006542205810546875,0.0,0.24352073669433594,0.11077880859375,6.783893585205078,0.3016786575317383,0.4587249755859375,train
2019-05-18 21:30:00,0.6555862426757812,0.0006542205810546875,0.0,0.24352073669433594,0.11077880859375,6.783893585205078,0.3016786575317383,train
2019-05-18 22:00:00,0.09850692749023438,0.6555862426757812,0.0006542205810546875,0.0,0.24352073669433594,0.11077880859375,6.783893585205078,train
2019-05-18 22:30:00,0.2506885528564453,0.09850692749023438,0.6555862426757812,0.0006542205810546875,0.0,0.24352073669433594,0.11077880859375,train
2019-05-18 23:00:00,0.0458984375,0.2506885528564453,0.09850692749023438,0.6555862426757812,0.0006542205810546875,0.0,0.24352073669433594,train
2019-05-18 23:30:00,0.17910385131835938,0.0458984375,0.2506885528564453,0.09850692749023438,0.6555862426757812,0.0006542205810546875,0.0,train
2019-05-19 00:00:00,0.18889808654785156,0.17910385131835938,0.0458984375,0.2506885528564453,0.09850692749023438,0.6555862426757812,0.0006542205810546875,train
2019-05-19 00:30:00,2.1956024169921875,0.18889808654785156,0.17910385131835938,0.0458984375,0.2506885528564453,0.09850692749023438,0.6555862426757812,train
2019-05-19 01:00:00,7.487070083618164,2.1956024169921875,0.18889808654785156,0.17910385131835938,0.0458984375,0.2506885528564453,0.09850692749023438,train
2019-05-19 01:30:00,0.0022125244140625,7.487070083618164,2.1956024169921875,0.18889808654785156,0.17910385131835938,0.0458984375,0.2506885528564453,train
2019-05-19 02:00:00,0.03454875946044922,0.0022125244140625,7.487070083618164,2.1956024169921875,0.18889808654785156,0.17910385131835938,0.0458984375,train
2019-05-19 02:30:00,0.002437591552734375,0.03454875946044922,0.0022125244140625,7.487070083618164,2.1956024169921875,0.18889808654785156,0.17910385131835938,train
2019-05-19 03:00:00,0.09567928314208984,0.002437591552734375,0.03454875946044922,0.0022125244140625,7.487070083618164,2.1956024169921875,0.18889808654785156,train
2019-05-19 03:30:00,2.6978979110717773,0.09567928314208984,0.002437591552734375,0.03454875946044922,0.0022125244140625,7.487070083618164,2.1956024169921875,train
2019-05-19 04:00:00,0.000247955322265625,2.6978979110717773,0.09567928314208984,0.002437591552734375,0.03454875946044922,0.0022125244140625,7.487070083618164,train
2019-05-19 04:30:00,0.39787864685058594,0.000247955322265625,2.6978979110717773,0.09567928314208984,0.002437591552734375,0.03454875946044922,0.0022125244140625,train
2019-05-19 05:00:00,0.0028467178344726562,0.39787864685058594,0.000247955322265625,2.6978979110717773,0.09567928314208984,0.002437591552734375,0.03454875946044922,train
2019-05-19 05:30:00,0.017749786376953125,0.0028467178344726562,0.39787864685058594,0.000247955322265625,2.6978979110717773,0.09567928314208984,0.002437591552734375,train
2019-05-19 06:00:00,9.298038482666016,0.017749786376953125,0.0028467178344726562,0.39787864685058594,0.000247955322265625,2.6978979110717773,0.09567928314208984,train
2019-05-19 06:30:00,0.36456298828125,9.298038482666016,0.017749786376953125,0.0028467178344726562,0.39787864685058594,0.000247955322265625,2.6978979110717773,train
2019-05-19 07:00:00,12.942444801330566,0.36456298828125,9.298038482666016,0.017749786376953125,0.0028467178344726562,0.39787864685058594,0.000247955322265625,train
2019-05-19 07:30:00,0.000598907470703125,12.942444801330566,0.36456298828125,9.298038482666016,0.017749786376953125,0.0028467178344726562,0.39787864685058594,train
2019-05-19 08:00:00,0.00018787384033203125,0.000598907470703125,12.942444801330566,0.36456298828125,9.298038482666016,0.017749786376953125,0.0028467178344726562,train
2019-05-19 08:30:00,0.21186256408691406,0.00018787384033203125,0.000598907470703125,12.942444801330566,0.36456298828125,9.298038482666016,0.017749786376953125,train
2019-05-19 09:00:00,0.36652374267578125,0.21186256408691406,0.00018787384033203125,0.000598907470703125,12.942444801330566,0.36456298828125,9.298038482666016,train
2019-05-19 09:30:00,0.7360706329345703,0.36652374267578125,0.21186256408691406,0.00018787384033203125,0.000598907470703125,12.942444801330566,0.36456298828125,train
2019-05-19 10:00:00,0.08420562744140625,0.7360706329345703,0.36652374267578125,0.21186256408691406,0.00018787384033203125,0.000598907470703125,12.942444801330566,train
2019-05-19 10:30:00,0.00554656982421875,0.08420562744140625,0.7360706329345703,0.36652374267578125,0.21186256408691406,0.00018787384033203125,0.000598907470703125,train
2019-05-19 11:00:00,0.003147125244140625,0.00554656982421875,0.08420562744140625,0.7360706329345703,0.36652374267578125,0.21186256408691406,0.00018787384033203125,train
2019-05-19 11:30:00,0.0,0.003147125244140625,0.00554656982421875,0.08420562744140625,0.7360706329345703,0.36652374267578125,0.21186256408691406,train
2019-05-19 12:00:00,0.06241607666015625,0.0,0.003147125244140625,0.00554656982421875,0.08420562744140625,0.7360706329345703,0.36652374267578125,train
2019-05-19 12:30:00,0.07356548309326172,0.06241607666015625,0.0,0.003147125244140625,0.00554656982421875,0.08420562744140625,0.7360706329345703,train
2019-05-19 13:00:00,0.010231971740722656,0.07356548309326172,0.06241607666015625,0.0,0.003147125244140625,0.00554656982421875,0.08420562744140625,train
2019-05-19 13:30:00,0.03137683868408203,0.010231971740722656,0.07356548309326172,0.06241607666015625,0.0,0.003147125244140625,0.00554656982421875,train
2019-05-19 14:00:00,1.3102569580078125,0.03137683868408203,0.010231971740722656,0.07356548309326172,0.06241607666015625,0.0,0.003147125244140625,train
2019-05-19 14:30:00,0.0,1.3102569580078125,0.03137683868408203,0.010231971740722656,0.07356548309326172,0.06241607666015625,0.0,train
2019-05-19 15:00:00,0.023468017578125,0.0,1.3102569580078125,0.03137683868408203,0.010231971740722656,0.07356548309326172,0.06241607666015625,train
2019-05-19 15:30:00,0.18092727661132812,0.023468017578125,0.0,1.3102569580078125,0.03137683868408203,0.010231971740722656,0.07356548309326172,train
2019-05-19 16:00:00,0.00579833984375,0.18092727661132812,0.023468017578125,0.0,1.3102569580078125,0.03137683868408203,0.010231971740722656,train
2019-05-19 16:30:00,0.0,0.00579833984375,0.18092727661132812,0.023468017578125,0.0,1.3102569580078125,0.03137683868408203,train
2019-05-19 17:00:00,0.16790771484375,0.0,0.00579833984375,0.18092727661132812,0.023468017578125,0.0,1.3102569580078125,train
2019-05-19 17:30:00,49.68500328063965,0.16790771484375,0.0,0.00579833984375,0.18092727661132812,0.023468017578125,0.0,train
2019-05-19 18:00:00,0.0,49.68500328063965,0.16790771484375,0.0,0.00579833984375,0.18092727661132812,0.023468017578125,train
2019-05-19 18:30:00,0.0012922286987304688,0.0,49.68500328063965,0.16790771484375,0.0,0.00579833984375,0.18092727661132812,train
2019-05-19 19:00:00,3.6978759765625,0.0012922286987304688,0.0,49.68500328063965,0.16790771484375,0.0,0.00579833984375,train
2019-05-19 19:30:00,22.86995220184326,3.6978759765625,0.0012922286987304688,0.0,49.68500328063965,0.16790771484375,0.0,train
2019-05-19 20:00:00,0.13515472412109375,22.86995220184326,3.6978759765625,0.0012922286987304688,0.0,49.68500328063965,0.16790771484375,train
2019-05-19 20:30:00,0.0478515625,0.13515472412109375,22.86995220184326,3.6978759765625,0.0012922286987304688,0.0,49.68500328063965,train
2019-05-19 21:00:00,0.39652442932128906,0.0478515625,0.13515472412109375,22.86995220184326,3.6978759765625,0.0012922286987304688,0.0,train
2019-05-19 21:30:00,6.0506744384765625,0.39652442932128906,0.0478515625,0.13515472412109375,22.86995220184326,3.6978759765625,0.0012922286987304688,train
2019-05-19 22:00:00,0.142822265625,6.0506744384765625,0.39652442932128906,0.0478515625,0.13515472412109375,22.86995220184326,3.6978759765625,train
2019-05-19 22:30:00,0.0,0.142822265625,6.0506744384765625,0.39652442932128906,0.0478515625,0.13515472412109375,22.86995220184326,train
2019-05-19 23:00:00,16.85137939453125,0.0,0.142822265625,6.0506744384765625,0.39652442932128906,0.0478515625,0.13515472412109375,train
2019-05-19 23:30:00,0.9569244384765625,16.85137939453125,0.0,0.142822265625,6.0506744384765625,0.39652442932128906,0.0478515625,train
2019-05-20 00:00:00,0.018995285034179688,0.9569244384765625,16.85137939453125,0.0,0.142822265625,6.0506744384765625,0.39652442932128906,train
2019-05-20 00:30:00,0.0019655227661132812,0.018995285034179688,0.9569244384765625,16.85137939453125,0.0,0.142822265625,6.0506744384765625,train
2019-05-20 01:00:00,0.189666748046875,0.0019655227661132812,0.018995285034179688,0.9569244384765625,16.85137939453125,0.0,0.142822265625,train
2019-05-20 01:30:00,1.089559555053711,0.189666748046875,0.0019655227661132812,0.018995285034179688,0.9569244384765625,16.85137939453125,0.0,train
2019-05-20 02:00:00,0.0589599609375,1.089559555053711,0.189666748046875,0.0019655227661132812,0.018995285034179688,0.9569244384765625,16.85137939453125,train
2019-05-20 02:30:00,0.09393310546875,0.0589599609375,1.089559555053711,0.189666748046875,0.0019655227661132812,0.018995285034179688,0.9569244384765625,train
2019-05-20 03:00:00,0.0,0.09393310546875,0.0589599609375,1.089559555053711,0.189666748046875,0.0019655227661132812,0.018995285034179688,train
2019-05-20 03:30:00,0.17710304260253906,0.0,0.09393310546875,0.0589599609375,1.089559555053711,0.189666748046875,0.0019655227661132812,train
2019-05-20 04:00:00,0.0666656494140625,0.17710304260253906,0.0,0.09393310546875,0.0589599609375,1.089559555053711,0.189666748046875,train
2019-05-20 04:30:00,0.0014543533325195312,0.0666656494140625,0.17710304260253906,0.0,0.09393310546875,0.0589599609375,1.089559555053711,train
2019-05-20 05:00:00,0.05298805236816406,0.0014543533325195312,0.0666656494140625,0.17710304260253906,0.0,0.09393310546875,0.0589599609375,train
2019-05-20 05:30:00,0.0016632080078125,0.05298805236816406,0.0014543533325195312,0.0666656494140625,0.17710304260253906,0.0,0.09393310546875,train
2019-05-20 06:00:00,0.049071311950683594,0.0016632080078125,0.05298805236816406,0.0014543533325195312,0.0666656494140625,0.17710304260253906,0.0,train
2019-05-20 06:30:00,1.0064468383789062,0.049071311950683594,0.0016632080078125,0.05298805236816406,0.0014543533325195312,0.0666656494140625,0.17710304260253906,train
2019-05-20 07:00:00,0.020374298095703125,1.0064468383789062,0.049071311950683594,0.0016632080078125,0.05298805236816406,0.0014543533325195312,0.0666656494140625,train
2019-05-20 07:30:00,2.569316864013672,0.020374298095703125,1.0064468383789062,0.049071311950683594,0.0016632080078125,0.05298805236816406,0.0014543533325195312,train
2019-05-20 08:00:00,0.23984336853027344,2.569316864013672,0.020374298095703125,1.0064468383789062,0.049071311950683594,0.0016632080078125,0.05298805236816406,train
2019-05-20 08:30:00,9.09521484375,0.23984336853027344,2.569316864013672,0.020374298095703125,1.0064468383789062,0.049071311950683594,0.0016632080078125,train
2019-05-20 09:00:00,0.018402099609375,9.09521484375,0.23984336853027344,2.569316864013672,0.020374298095703125,1.0064468383789062,0.049071311950683594,train
2019-05-20 09:30:00,0.2184276580810547,0.018402099609375,9.09521484375,0.23984336853027344,2.569316864013672,0.020374298095703125,1.0064468383789062,train
2019-05-20 10:00:00,0.4028739929199219,0.2184276580810547,0.018402099609375,9.09521484375,0.23984336853027344,2.569316864013672,0.020374298095703125,train
2019-05-20 10:30:00,0.0037050247192382812,0.4028739929199219,0.2184276580810547,0.018402099609375,9.09521484375,0.23984336853027344,2.569316864013672,train
2019-05-20 11:00:00,0.0,0.0037050247192382812,0.4028739929199219,0.2184276580810547,0.018402099609375,9.09521484375,0.23984336853027344,train
2019-05-20 11:30:00,0.0002689361572265625,0.0,0.0037050247192382812,0.4028739929199219,0.2184276580810547,0.018402099609375,9.09521484375,train
2019-05-20 12:00:00,0.1543264389038086,0.0002689361572265625,0.0,0.0037050247192382812,0.4028739929199219,0.2184276580810547,0.018402099609375,train
2019-05-20 12:30:00,0.3455982208251953,0.1543264389038086,0.0002689361572265625,0.0,0.0037050247192382812,0.4028739929199219,0.2184276580810547,train
2019-05-20 13:00:00,0.0,0.3455982208251953,0.1543264389038086,0.0002689361572265625,0.0,0.0037050247192382812,0.4028739929199219,train
2019-05-20 13:30:00,0.029829025268554688,0.0,0.3455982208251953,0.1543264389038086,0.0002689361572265625,0.0,0.0037050247192382812,train
2019-05-20 14:00:00,0.010172843933105469,0.029829025268554688,0.0,0.3455982208251953,0.1543264389038086,0.0002689361572265625,0.0,train
2019-05-20 14:30:00,0.38298892974853516,0.010172843933105469,0.029829025268554688,0.0,0.3455982208251953,0.1543264389038086,0.0002689361572265625,train
2019-05-20 15:00:00,0.016246795654296875,0.38298892974853516,0.010172843933105469,0.029829025268554688,0.0,0.3455982208251953,0.1543264389038086,train
2019-05-20 15:30:00,0.19431304931640625,0.016246795654296875,0.38298892974853516,0.010172843933105469,0.029829025268554688,0.0,0.3455982208251953,train
2019-05-20 16:00:00,0.03246307373046875,0.19431304931640625,0.016246795654296875,0.38298892974853516,0.010172843933105469,0.029829025268554688,0.0,train
2019-05-20 16:30:00,0.049839019775390625,0.03246307373046875,0.19431304931640625,0.016246795654296875,0.38298892974853516,0.010172843933105469,0.029829025268554688,train
2019-05-20 17:00:00,3.5211353302001953,0.049839019775390625,0.03246307373046875,0.19431304931640625,0.016246795654296875,0.38298892974853516,0.010172843933105469,train
2019-05-20 17:30:00,0.5771322250366211,3.5211353302001953,0.049839019775390625,0.03246307373046875,0.19431304931640625,0.016246795654296875,0.38298892974853516,train
2019-05-20 18:00:00,1.2760734558105469,0.5771322250366211,3.5211353302001953,0.049839019775390625,0.03246307373046875,0.19431304931640625,0.016246795654296875,train
2019-05-20 18:30:00,0.634765625,1.2760734558105469,0.5771322250366211,3.5211353302001953,0.049839019775390625,0.03246307373046875,0.19431304931640625,train
2019-05-20 19:00:00,1.1211261749267578,0.634765625,1.2760734558105469,0.5771322250366211,3.5211353302001953,0.049839019775390625,0.03246307373046875,train
2019-05-20 19:30:00,0.06659126281738281,1.1211261749267578,0.634765625,1.2760734558105469,0.5771322250366211,3.5211353302001953,0.049839019775390625,train
2019-05-20 20:00:00,0.0,0.06659126281738281,1.1211261749267578,0.634765625,1.2760734558105469,0.5771322250366211,3.5211353302001953,train
2019-05-20 20:30:00,0.0001049041748046875,0.0,0.06659126281738281,1.1211261749267578,0.634765625,1.2760734558105469,0.5771322250366211,train
2019-05-20 21:00:00,0.12213897705078125,0.0001049041748046875,0.0,0.06659126281738281,1.1211261749267578,0.634765625,1.2760734558105469,train
2019-05-20 21:30:00,0.012279510498046875,0.12213897705078125,0.0001049041748046875,0.0,0.06659126281738281,1.1211261749267578,0.634765625,train
2019-05-20 22:00:00,0.0959920883178711,0.012279510498046875,0.12213897705078125,0.0001049041748046875,0.0,0.06659126281738281,1.1211261749267578,train
2019-05-20 22:30:00,0.0053691864013671875,0.0959920883178711,0.012279510498046875,0.12213897705078125,0.0001049041748046875,0.0,0.06659126281738281,train
2019-05-20 23:00:00,4.597312927246094,0.0053691864013671875,0.0959920883178711,0.012279510498046875,0.12213897705078125,0.0001049041748046875,0.0,train
2019-05-20 23:30:00,0.838343620300293,4.597312927246094,0.0053691864013671875,0.0959920883178711,0.012279510498046875,0.12213897705078125,0.0001049041748046875,train
2019-05-21 00:00:00,1.5616188049316406,0.838343620300293,4.597312927246094,0.0053691864013671875,0.0959920883178711,0.012279510498046875,0.12213897705078125,train
2019-05-21 00:30:00,0.4229278564453125,1.5616188049316406,0.838343620300293,4.597312927246094,0.0053691864013671875,0.0959920883178711,0.012279510498046875,train
2019-05-21 01:00:00,1.4739837646484375,0.4229278564453125,1.5616188049316406,0.838343620300293,4.597312927246094,0.0053691864013671875,0.0959920883178711,train
2019-05-21 01:30:00,0.2984046936035156,1.4739837646484375,0.4229278564453125,1.5616188049316406,0.838343620300293,4.597312927246094,0.0053691864013671875,train
2019-05-21 02:00:00,0.047359466552734375,0.2984046936035156,1.4739837646484375,0.4229278564453125,1.5616188049316406,0.838343620300293,4.597312927246094,train
2019-05-21 02:30:00,2.764982223510742,0.047359466552734375,0.2984046936035156,1.4739837646484375,0.4229278564453125,1.5616188049316406,0.838343620300293,train
2019-05-21 03:00:00,14.7509765625,2.764982223510742,0.047359466552734375,0.2984046936035156,1.4739837646484375,0.4229278564453125,1.5616188049316406,train
2019-05-21 03:30:00,0.021910667419433594,14.7509765625,2.764982223510742,0.047359466552734375,0.2984046936035156,1.4739837646484375,0.4229278564453125,train
2019-05-21 04:00:00,0.13843345642089844,0.021910667419433594,14.7509765625,2.764982223510742,0.047359466552734375,0.2984046936035156,1.4739837646484375,train
2019-05-21 04:30:00,0.18727684020996094,0.13843345642089844,0.021910667419433594,14.7509765625,2.764982223510742,0.047359466552734375,0.2984046936035156,train
2019-05-21 05:00:00,0.22873497009277344,0.18727684020996094,0.13843345642089844,0.021910667419433594,14.7509765625,2.764982223510742,0.047359466552734375,train
2019-05-21 05:30:00,0.05768013000488281,0.22873497009277344,0.18727684020996094,0.13843345642089844,0.021910667419433594,14.7509765625,2.764982223510742,train
2019-05-21 06:00:00,0.0036191940307617188,0.05768013000488281,0.22873497009277344,0.18727684020996094,0.13843345642089844,0.021910667419433594,14.7509765625,train
2019-05-21 06:30:00,0.9501495361328125,0.0036191940307617188,0.05768013000488281,0.22873497009277344,0.18727684020996094,0.13843345642089844,0.021910667419433594,train
2019-05-21 07:00:00,0.0,0.9501495361328125,0.0036191940307617188,0.05768013000488281,0.22873497009277344,0.18727684020996094,0.13843345642089844,train
2019-05-21 07:30:00,0.9713869094848633,0.0,0.9501495361328125,0.0036191940307617188,0.05768013000488281,0.22873497009277344,0.18727684020996094,train
2019-05-21 08:00:00,0.3834724426269531,0.9713869094848633,0.0,0.9501495361328125,0.0036191940307617188,0.05768013000488281,0.22873497009277344,train
2019-05-21 08:30:00,0.9521903991699219,0.3834724426269531,0.9713869094848633,0.0,0.9501495361328125,0.0036191940307617188,0.05768013000488281,train
2019-05-21 09:00:00,7.17578125,0.9521903991699219,0.3834724426269531,0.9713869094848633,0.0,0.9501495361328125,0.0036191940307617188,train
2019-05-21 09:30:00,1.5236539840698242,7.17578125,0.9521903991699219,0.3834724426269531,0.9713869094848633,0.0,0.9501495361328125,train
2019-05-21 10:00:00,0.005523681640625,1.5236539840698242,7.17578125,0.9521903991699219,0.3834724426269531,0.9713869094848633,0.0,train
2019-05-21 10:30:00,0.0017824172973632812,0.005523681640625,1.5236539840698242,7.17578125,0.9521903991699219,0.3834724426269531,0.9713869094848633,train
2019-05-21 11:00:00,0.016450881958007812,0.0017824172973632812,0.005523681640625,1.5236539840698242,7.17578125,0.9521903991699219,0.3834724426269531,train
2019-05-21 11:30:00,0.00075531005859375,0.016450881958007812,0.0017824172973632812,0.005523681640625,1.5236539840698242,7.17578125,0.9521903991699219,train
2019-05-21 12:00:00,1.18756103515625,0.00075531005859375,0.016450881958007812,0.0017824172973632812,0.005523681640625,1.5236539840698242,7.17578125,train
2019-05-21 12:30:00,0.003734588623046875,1.18756103515625,0.00075531005859375,0.016450881958007812,0.0017824172973632812,0.005523681640625,1.5236539840698242,train
2019-05-21 13:00:00,0.0006561279296875,0.003734588623046875,1.18756103515625,0.00075531005859375,0.016450881958007812,0.0017824172973632812,0.005523681640625,train
2019-05-21 13:30:00,0.0,0.0006561279296875,0.003734588623046875,1.18756103515625,0.00075531005859375,0.016450881958007812,0.0017824172973632812,train
2019-05-21 14:00:00,2.5241851806640625,0.0,0.0006561279296875,0.003734588623046875,1.18756103515625,0.00075531005859375,0.016450881958007812,train
2019-05-21 14:30:00,1.1498260498046875,2.5241851806640625,0.0,0.0006561279296875,0.003734588623046875,1.18756103515625,0.00075531005859375,train
2019-05-21 15:00:00,1.5154085159301758,1.1498260498046875,2.5241851806640625,0.0,0.0006561279296875,0.003734588623046875,1.18756103515625,train
2019-05-21 15:30:00,2.4664993286132812,1.5154085159301758,1.1498260498046875,2.5241851806640625,0.0,0.0006561279296875,0.003734588623046875,train
2019-05-21 16:00:00,3.888838768005371,2.4664993286132812,1.5154085159301758,1.1498260498046875,2.5241851806640625,0.0,0.0006561279296875,train
2019-05-21 16:30:00,0.3668994903564453,3.888838768005371,2.4664993286132812,1.5154085159301758,1.1498260498046875,2.5241851806640625,0.0,train
2019-05-21 17:00:00,11.33207893371582,0.3668994903564453,3.888838768005371,2.4664993286132812,1.5154085159301758,1.1498260498046875,2.5241851806640625,train
2019-05-21 17:30:00,17.228546142578125,11.33207893371582,0.3668994903564453,3.888838768005371,2.4664993286132812,1.5154085159301758,1.1498260498046875,train
2019-05-21 18:00:00,0.008719444274902344,17.228546142578125,11.33207893371582,0.3668994903564453,3.888838768005371,2.4664993286132812,1.5154085159301758,train
2019-05-21 18:30:00,0.019426345825195312,0.008719444274902344,17.228546142578125,11.33207893371582,0.3668994903564453,3.888838768005371,2.4664993286132812,train
2019-05-21 19:00:00,0.1680908203125,0.019426345825195312,0.008719444274902344,17.228546142578125,11.33207893371582,0.3668994903564453,3.888838768005371,train
2019-05-21 19:30:00,0.0001392364501953125,0.1680908203125,0.019426345825195312,0.008719444274902344,17.228546142578125,11.33207893371582,0.3668994903564453,train
2019-05-21 20:00:00,0.0,0.0001392364501953125,0.1680908203125,0.019426345825195312,0.008719444274902344,17.228546142578125,11.33207893371582,train
2019-05-21 20:30:00,0.0042877197265625,0.0,0.0001392364501953125,0.1680908203125,0.019426345825195312,0.008719444274902344,17.228546142578125,train
2019-05-21 21:00:00,4.79078483581543,0.0042877197265625,0.0,0.0001392364501953125,0.1680908203125,0.019426345825195312,0.008719444274902344,train
2019-05-21 21:30:00,1.0660552978515625,4.79078483581543,0.0042877197265625,0.0,0.0001392364501953125,0.1680908203125,0.019426345825195312,train
2019-05-21 22:00:00,0.2709465026855469,1.0660552978515625,4.79078483581543,0.0042877197265625,0.0,0.0001392364501953125,0.1680908203125,train
2019-05-21 22:30:00,0.24640178680419922,0.2709465026855469,1.0660552978515625,4.79078483581543,0.0042877197265625,0.0,0.0001392364501953125,train
2019-05-21 23:00:00,1.4527769088745117,0.24640178680419922,0.2709465026855469,1.0660552978515625,4.79078483581543,0.0042877197265625,0.0,train
2019-05-21 23:30:00,3.757946014404297,1.4527769088745117,0.24640178680419922,0.2709465026855469,1.0660552978515625,4.79078483581543,0.0042877197265625,train
2019-05-22 00:00:00,0.0059566497802734375,3.757946014404297,1.4527769088745117,0.24640178680419922,0.2709465026855469,1.0660552978515625,4.79078483581543,train
2019-05-22 00:30:00,0.013458251953125,0.0059566497802734375,3.757946014404297,1.4527769088745117,0.24640178680419922,0.2709465026855469,1.0660552978515625,train
2019-05-22 01:00:00,5.234264373779297,0.013458251953125,0.0059566497802734375,3.757946014404297,1.4527769088745117,0.24640178680419922,0.2709465026855469,train
2019-05-22 01:30:00,0.7996492385864258,5.234264373779297,0.013458251953125,0.0059566497802734375,3.757946014404297,1.4527769088745117,0.24640178680419922,train
2019-05-22 02:00:00,0.8217744827270508,0.7996492385864258,5.234264373779297,0.013458251953125,0.0059566497802734375,3.757946014404297,1.4527769088745117,train
2019-05-22 02:30:00,0.05012035369873047,0.8217744827270508,0.7996492385864258,5.234264373779297,0.013458251953125,0.0059566497802734375,3.757946014404297,train
2019-05-22 03:00:00,0.0944833755493164,0.05012035369873047,0.8217744827270508,0.7996492385864258,5.234264373779297,0.013458251953125,0.0059566497802734375,train
2019-05-22 03:30:00,0.2240610122680664,0.0944833755493164,0.05012035369873047,0.8217744827270508,0.7996492385864258,5.234264373779297,0.013458251953125,train
2019-05-22 04:00:00,0.0086669921875,0.2240610122680664,0.0944833755493164,0.05012035369873047,0.8217744827270508,0.7996492385864258,5.234264373779297,train
2019-05-22 04:30:00,0.16763687133789062,0.0086669921875,0.2240610122680664,0.0944833755493164,0.05012035369873047,0.8217744827270508,0.7996492385864258,train
2019-05-22 05:00:00,1.077000617980957,0.16763687133789062,0.0086669921875,0.2240610122680664,0.0944833755493164,0.05012035369873047,0.8217744827270508,train
2019-05-22 05:30:00,4.095722198486328,1.077000617980957,0.16763687133789062,0.0086669921875,0.2240610122680664,0.0944833755493164,0.05012035369873047,train
2019-05-22 06:00:00,0.0,4.095722198486328,1.077000617980957,0.16763687133789062,0.0086669921875,0.2240610122680664,0.0944833755493164,train
2019-05-22 06:30:00,6.373554229736328,0.0,4.095722198486328,1.077000617980957,0.16763687133789062,0.0086669921875,0.2240610122680664,train
2019-05-22 07:00:00,1.8243560791015625,6.373554229736328,0.0,4.095722198486328,1.077000617980957,0.16763687133789062,0.0086669921875,train
2019-05-22 07:30:00,1.9566020965576172,1.8243560791015625,6.373554229736328,0.0,4.095722198486328,1.077000617980957,0.16763687133789062,train
2019-05-22 08:00:00,0.09581661224365234,1.9566020965576172,1.8243560791015625,6.373554229736328,0.0,4.095722198486328,1.077000617980957,train
2019-05-22 08:30:00,0.45236968994140625,0.09581661224365234,1.9566020965576172,1.8243560791015625,6.373554229736328,0.0,4.095722198486328,train
2019-05-22 09:00:00,0.0711822509765625,0.45236968994140625,0.09581661224365234,1.9566020965576172,1.8243560791015625,6.373554229736328,0.0,train
2019-05-22 09:30:00,8.39208984375,0.0711822509765625,0.45236968994140625,0.09581661224365234,1.9566020965576172,1.8243560791015625,6.373554229736328,train
2019-05-22 10:00:00,0.08794212341308594,8.39208984375,0.0711822509765625,0.45236968994140625,0.09581661224365234,1.9566020965576172,1.8243560791015625,train
2019-05-22 10:30:00,0.001392364501953125,0.08794212341308594,8.39208984375,0.0711822509765625,0.45236968994140625,0.09581661224365234,1.9566020965576172,train
2019-05-22 11:00:00,0.0,0.001392364501953125,0.08794212341308594,8.39208984375,0.0711822509765625,0.45236968994140625,0.09581661224365234,train
2019-05-22 11:30:00,0.06229209899902344,0.0,0.001392364501953125,0.08794212341308594,8.39208984375,0.0711822509765625,0.45236968994140625,train
2019-05-22 12:00:00,0.0,0.06229209899902344,0.0,0.001392364501953125,0.08794212341308594,8.39208984375,0.0711822509765625,train
2019-05-22 12:30:00,2.7316341400146484,0.0,0.06229209899902344,0.0,0.001392364501953125,0.08794212341308594,8.39208984375,train
2019-05-22 13:00:00,0.0,2.7316341400146484,0.0,0.06229209899902344,0.0,0.001392364501953125,0.08794212341308594,train
2019-05-22 13:30:00,0.5521316528320312,0.0,2.7316341400146484,0.0,0.06229209899902344,0.0,0.001392364501953125,train
2019-05-22 14:00:00,0.0149688720703125,0.5521316528320312,0.0,2.7316341400146484,0.0,0.06229209899902344,0.0,train
2019-05-22 14:30:00,0.0,0.0149688720703125,0.5521316528320312,0.0,2.7316341400146484,0.0,0.06229209899902344,train
2019-05-22 15:00:00,0.0019779205322265625,0.0,0.0149688720703125,0.5521316528320312,0.0,2.7316341400146484,0.0,train
2019-05-22 15:30:00,0.4412212371826172,0.0019779205322265625,0.0,0.0149688720703125,0.5521316528320312,0.0,2.7316341400146484,train
2019-05-22 16:00:00,0.1588897705078125,0.4412212371826172,0.0019779205322265625,0.0,0.0149688720703125,0.5521316528320312,0.0,train
2019-05-22 16:30:00,0.8877105712890625,0.1588897705078125,0.4412212371826172,0.0019779205322265625,0.0,0.0149688720703125,0.5521316528320312,train
2019-05-22 17:00:00,0.0777292251586914,0.8877105712890625,0.1588897705078125,0.4412212371826172,0.0019779205322265625,0.0,0.0149688720703125,train
2019-05-22 17:30:00,0.0005369186401367188,0.0777292251586914,0.8877105712890625,0.1588897705078125,0.4412212371826172,0.0019779205322265625,0.0,train
2019-05-22 18:00:00,0.07993507385253906,0.0005369186401367188,0.0777292251586914,0.8877105712890625,0.1588897705078125,0.4412212371826172,0.0019779205322265625,train
2019-05-22 18:30:00,0.1119375228881836,0.07993507385253906,0.0005369186401367188,0.0777292251586914,0.8877105712890625,0.1588897705078125,0.4412212371826172,train
2019-05-22 19:00:00,0.0006389617919921875,0.1119375228881836,0.07993507385253906,0.0005369186401367188,0.0777292251586914,0.8877105712890625,0.1588897705078125,train
2019-05-22 19:30:00,0.8438291549682617,0.0006389617919921875,0.1119375228881836,0.07993507385253906,0.0005369186401367188,0.0777292251586914,0.8877105712890625,train
2019-05-22 20:00:00,4.226043701171875,0.8438291549682617,0.0006389617919921875,0.1119375228881836,0.07993507385253906,0.0005369186401367188,0.0777292251586914,train
2019-05-22 20:30:00,0.055797576904296875,4.226043701171875,0.8438291549682617,0.0006389617919921875,0.1119375228881836,0.07993507385253906,0.0005369186401367188,train
2019-05-22 21:00:00,0.08668899536132812,0.055797576904296875,4.226043701171875,0.8438291549682617,0.0006389617919921875,0.1119375228881836,0.07993507385253906,train
2019-05-22 21:30:00,0.055988311767578125,0.08668899536132812,0.055797576904296875,4.226043701171875,0.8438291549682617,0.0006389617919921875,0.1119375228881836,train
2019-05-22 22:00:00,0.3466072082519531,0.055988311767578125,0.08668899536132812,0.055797576904296875,4.226043701171875,0.8438291549682617,0.0006389617919921875,train
2019-05-22 22:30:00,0.7468862533569336,0.3466072082519531,0.055988311767578125,0.08668899536132812,0.055797576904296875,4.226043701171875,0.8438291549682617,train
2019-05-22 23:00:00,2.3822317123413086,0.7468862533569336,0.3466072082519531,0.055988311767578125,0.08668899536132812,0.055797576904296875,4.226043701171875,train
2019-05-22 23:30:00,0.0,2.3822317123413086,0.7468862533569336,0.3466072082519531,0.055988311767578125,0.08668899536132812,0.055797576904296875,train
2019-05-23 00:00:00,0.0,0.0,2.3822317123413086,0.7468862533569336,0.3466072082519531,0.055988311767578125,0.08668899536132812,train
2019-05-23 00:30:00,0.00553131103515625,0.0,0.0,2.3822317123413086,0.7468862533569336,0.3466072082519531,0.055988311767578125,train
2019-05-23 01:00:00,0.31259918212890625,0.00553131103515625,0.0,0.0,2.3822317123413086,0.7468862533569336,0.3466072082519531,train
2019-05-23 01:30:00,0.3031005859375,0.31259918212890625,0.00553131103515625,0.0,0.0,2.3822317123413086,0.7468862533569336,train
2019-05-23 02:00:00,0.034671783447265625,0.3031005859375,0.31259918212890625,0.00553131103515625,0.0,0.0,2.3822317123413086,train
2019-05-23 02:30:00,2.2379379272460938,0.034671783447265625,0.3031005859375,0.31259918212890625,0.00553131103515625,0.0,0.0,train
2019-05-23 03:00:00,0.4835700988769531,2.2379379272460938,0.034671783447265625,0.3031005859375,0.31259918212890625,0.00553131103515625,0.0,train
2019-05-23 03:30:00,1.0196876525878906,0.4835700988769531,2.2379379272460938,0.034671783447265625,0.3031005859375,0.31259918212890625,0.00553131103515625,train
2019-05-23 04:00:00,0.09176445007324219,1.0196876525878906,0.4835700988769531,2.2379379272460938,0.034671783447265625,0.3031005859375,0.31259918212890625,train
2019-05-23 04:30:00,19.98349380493164,0.09176445007324219,1.0196876525878906,0.4835700988769531,2.2379379272460938,0.034671783447265625,0.3031005859375,train
2019-05-23 05:00:00,1.8179779052734375,19.98349380493164,0.09176445007324219,1.0196876525878906,0.4835700988769531,2.2379379272460938,0.034671783447265625,train
2019-05-23 05:30:00,0.10546875,1.8179779052734375,19.98349380493164,0.09176445007324219,1.0196876525878906,0.4835700988769531,2.2379379272460938,train
2019-05-23 06:00:00,0.011661529541015625,0.10546875,1.8179779052734375,19.98349380493164,0.09176445007324219,1.0196876525878906,0.4835700988769531,train
2019-05-23 06:30:00,0.007860183715820312,0.011661529541015625,0.10546875,1.8179779052734375,19.98349380493164,0.09176445007324219,1.0196876525878906,train
2019-05-23 07:00:00,1.2631101608276367,0.007860183715820312,0.011661529541015625,0.10546875,1.8179779052734375,19.98349380493164,0.09176445007324219,train
2019-05-23 07:30:00,0.94976806640625,1.2631101608276367,0.007860183715820312,0.011661529541015625,0.10546875,1.8179779052734375,19.98349380493164,train
2019-05-23 08:00:00,0.0334625244140625,0.94976806640625,1.2631101608276367,0.007860183715820312,0.011661529541015625,0.10546875,1.8179779052734375,train
2019-05-23 08:30:00,0.12379646301269531,0.0334625244140625,0.94976806640625,1.2631101608276367,0.007860183715820312,0.011661529541015625,0.10546875,train
2019-05-23 09:00:00,0.0063419342041015625,0.12379646301269531,0.0334625244140625,0.94976806640625,1.2631101608276367,0.007860183715820312,0.011661529541015625,train
2019-05-23 09:30:00,0.09960460662841797,0.0063419342041015625,0.12379646301269531,0.0334625244140625,0.94976806640625,1.2631101608276367,0.007860183715820312,train
2019-05-23 10:00:00,0.08324050903320312,0.09960460662841797,0.0063419342041015625,0.12379646301269531,0.0334625244140625,0.94976806640625,1.2631101608276367,train
2019-05-23 10:30:00,0.6442527770996094,0.08324050903320312,0.09960460662841797,0.0063419342041015625,0.12379646301269531,0.0334625244140625,0.94976806640625,train
2019-05-23 11:00:00,0.00133514404296875,0.6442527770996094,0.08324050903320312,0.09960460662841797,0.0063419342041015625,0.12379646301269531,0.0334625244140625,train
2019-05-23 11:30:00,0.9586582183837891,0.00133514404296875,0.6442527770996094,0.08324050903320312,0.09960460662841797,0.0063419342041015625,0.12379646301269531,train
2019-05-23 12:00:00,0.3531494140625,0.9586582183837891,0.00133514404296875,0.6442527770996094,0.08324050903320312,0.09960460662841797,0.0063419342041015625,train
2019-05-23 12:30:00,0.4811534881591797,0.3531494140625,0.9586582183837891,0.00133514404296875,0.6442527770996094,0.08324050903320312,0.09960460662841797,train
2019-05-23 13:00:00,0.057501792907714844,0.4811534881591797,0.3531494140625,0.9586582183837891,0.00133514404296875,0.6442527770996094,0.08324050903320312,train
2019-05-23 13:30:00,2.4119644165039062,0.057501792907714844,0.4811534881591797,0.3531494140625,0.9586582183837891,0.00133514404296875,0.6442527770996094,train
2019-05-23 14:00:00,0.03167533874511719,2.4119644165039062,0.057501792907714844,0.4811534881591797,0.3531494140625,0.9586582183837891,0.00133514404296875,train
2019-05-23 14:30:00,0.008050918579101562,0.03167533874511719,2.4119644165039062,0.057501792907714844,0.4811534881591797,0.3531494140625,0.9586582183837891,train
2019-05-23 15:00:00,0.0,0.008050918579101562,0.03167533874511719,2.4119644165039062,0.057501792907714844,0.4811534881591797,0.3531494140625,train
2019-05-23 15:30:00,0.3937397003173828,0.0,0.008050918579101562,0.03167533874511719,2.4119644165039062,0.057501792907714844,0.4811534881591797,train
2019-05-23 16:00:00,0.09859085083007812,0.3937397003173828,0.0,0.008050918579101562,0.03167533874511719,2.4119644165039062,0.057501792907714844,train
2019-05-23 16:30:00,1.537841796875,0.09859085083007812,0.3937397003173828,0.0,0.008050918579101562,0.03167533874511719,2.4119644165039062,train
2019-05-23 17:00:00,0.1250162124633789,1.537841796875,0.09859085083007812,0.3937397003173828,0.0,0.008050918579101562,0.03167533874511719,train
2019-05-23 17:30:00,7.834220886230469,0.1250162124633789,1.537841796875,0.09859085083007812,0.3937397003173828,0.0,0.008050918579101562,train
2019-05-23 18:00:00,0.0003871917724609375,7.834220886230469,0.1250162124633789,1.537841796875,0.09859085083007812,0.3937397003173828,0.0,train
2019-05-23 18:30:00,0.15007400512695312,0.0003871917724609375,7.834220886230469,0.1250162124633789,1.537841796875,0.09859085083007812,0.3937397003173828,train
2019-05-23 19:00:00,0.04668426513671875,0.15007400512695312,0.0003871917724609375,7.834220886230469,0.1250162124633789,1.537841796875,0.09859085083007812,train
2019-05-23 19:30:00,6.678190231323242,0.04668426513671875,0.15007400512695312,0.0003871917724609375,7.834220886230469,0.1250162124633789,1.537841796875,train
2019-05-23 20:00:00,0.02155017852783203,6.678190231323242,0.04668426513671875,0.15007400512695312,0.0003871917724609375,7.834220886230469,0.1250162124633789,train
2019-05-23 20:30:00,0.0031871795654296875,0.02155017852783203,6.678190231323242,0.04668426513671875,0.15007400512695312,0.0003871917724609375,7.834220886230469,train
2019-05-23 21:00:00,0.03936576843261719,0.0031871795654296875,0.02155017852783203,6.678190231323242,0.04668426513671875,0.15007400512695312,0.0003871917724609375,train
2019-05-23 21:30:00,1.4139747619628906,0.03936576843261719,0.0031871795654296875,0.02155017852783203,6.678190231323242,0.04668426513671875,0.15007400512695312,train
2019-05-23 22:00:00,0.0,1.4139747619628906,0.03936576843261719,0.0031871795654296875,0.02155017852783203,6.678190231323242,0.04668426513671875,train
2019-05-23 22:30:00,0.16835975646972656,0.0,1.4139747619628906,0.03936576843261719,0.0031871795654296875,0.02155017852783203,6.678190231323242,train
2019-05-23 23:00:00,0.05126953125,0.16835975646972656,0.0,1.4139747619628906,0.03936576843261719,0.0031871795654296875,0.02155017852783203,train
2019-05-23 23:30:00,0.060512542724609375,0.05126953125,0.16835975646972656,0.0,1.4139747619628906,0.03936576843261719,0.0031871795654296875,train
2019-05-24 00:00:00,12.554840087890625,0.060512542724609375,0.05126953125,0.16835975646972656,0.0,1.4139747619628906,0.03936576843261719,train
2019-05-24 00:30:00,0.10265541076660156,12.554840087890625,0.060512542724609375,0.05126953125,0.16835975646972656,0.0,1.4139747619628906,train
2019-05-24 01:00:00,0.1593017578125,0.10265541076660156,12.554840087890625,0.060512542724609375,0.05126953125,0.16835975646972656,0.0,train
2019-05-24 01:30:00,0.12910842895507812,0.1593017578125,0.10265541076660156,12.554840087890625,0.060512542724609375,0.05126953125,0.16835975646972656,train
2019-05-24 02:00:00,0.59686279296875,0.12910842895507812,0.1593017578125,0.10265541076660156,12.554840087890625,0.060512542724609375,0.05126953125,train
2019-05-24 02:30:00,0.000797271728515625,0.59686279296875,0.12910842895507812,0.1593017578125,0.10265541076660156,12.554840087890625,0.060512542724609375,train
2019-05-24 03:00:00,0.0051212310791015625,0.000797271728515625,0.59686279296875,0.12910842895507812,0.1593017578125,0.10265541076660156,12.554840087890625,train
2019-05-24 03:30:00,4.2851762771606445,0.0051212310791015625,0.000797271728515625,0.59686279296875,0.12910842895507812,0.1593017578125,0.10265541076660156,train
2019-05-24 04:00:00,10.346187591552734,4.2851762771606445,0.0051212310791015625,0.000797271728515625,0.59686279296875,0.12910842895507812,0.1593017578125,train
2019-05-24 04:30:00,3.1541748046875,10.346187591552734,4.2851762771606445,0.0051212310791015625,0.000797271728515625,0.59686279296875,0.12910842895507812,train
2019-05-24 05:00:00,0.12369918823242188,3.1541748046875,10.346187591552734,4.2851762771606445,0.0051212310791015625,0.000797271728515625,0.59686279296875,train
2019-05-24 05:30:00,1.9725751876831055,0.12369918823242188,3.1541748046875,10.346187591552734,4.2851762771606445,0.0051212310791015625,0.000797271728515625,train
2019-05-24 06:00:00,0.001369476318359375,1.9725751876831055,0.12369918823242188,3.1541748046875,10.346187591552734,4.2851762771606445,0.0051212310791015625,train
2019-05-24 06:30:00,1.1736698150634766,0.001369476318359375,1.9725751876831055,0.12369918823242188,3.1541748046875,10.346187591552734,4.2851762771606445,train
2019-05-24 07:00:00,0.4216117858886719,1.1736698150634766,0.001369476318359375,1.9725751876831055,0.12369918823242188,3.1541748046875,10.346187591552734,train
2019-05-24 07:30:00,0.16693115234375,0.4216117858886719,1.1736698150634766,0.001369476318359375,1.9725751876831055,0.12369918823242188,3.1541748046875,train
2019-05-24 08:00:00,1.1645622253417969,0.16693115234375,0.4216117858886719,1.1736698150634766,0.001369476318359375,1.9725751876831055,0.12369918823242188,train
2019-05-24 08:30:00,0.61810302734375,1.1645622253417969,0.16693115234375,0.4216117858886719,1.1736698150634766,0.001369476318359375,1.9725751876831055,train
2019-05-24 09:00:00,0.082275390625,0.61810302734375,1.1645622253417969,0.16693115234375,0.4216117858886719,1.1736698150634766,0.001369476318359375,train
2019-05-24 09:30:00,0.018013954162597656,0.082275390625,0.61810302734375,1.1645622253417969,0.16693115234375,0.4216117858886719,1.1736698150634766,train
2019-05-24 10:00:00,0.000720977783203125,0.018013954162597656,0.082275390625,0.61810302734375,1.1645622253417969,0.16693115234375,0.4216117858886719,train
2019-05-24 10:30:00,0.0,0.000720977783203125,0.018013954162597656,0.082275390625,0.61810302734375,1.1645622253417969,0.16693115234375,train
2019-05-24 11:00:00,0.8158226013183594,0.0,0.000720977783203125,0.018013954162597656,0.082275390625,0.61810302734375,1.1645622253417969,train
2019-05-24 11:30:00,0.29970645904541016,0.8158226013183594,0.0,0.000720977783203125,0.018013954162597656,0.082275390625,0.61810302734375,train
2019-05-24 12:00:00,1.541661262512207,0.29970645904541016,0.8158226013183594,0.0,0.000720977783203125,0.018013954162597656,0.082275390625,train
2019-05-24 12:30:00,0.00337982177734375,1.541661262512207,0.29970645904541016,0.8158226013183594,0.0,0.000720977783203125,0.018013954162597656,train
2019-05-24 13:00:00,0.42066192626953125,0.00337982177734375,1.541661262512207,0.29970645904541016,0.8158226013183594,0.0,0.000720977783203125,train
2019-05-24 13:30:00,1.5441551208496094,0.42066192626953125,0.00337982177734375,1.541661262512207,0.29970645904541016,0.8158226013183594,0.0,train
2019-05-24 14:00:00,0.013629913330078125,1.5441551208496094,0.42066192626953125,0.00337982177734375,1.541661262512207,0.29970645904541016,0.8158226013183594,train
2019-05-24 14:30:00,0.47607421875,0.013629913330078125,1.5441551208496094,0.42066192626953125,0.00337982177734375,1.541661262512207,0.29970645904541016,train
2019-05-24 15:00:00,0.0006103515625,0.47607421875,0.013629913330078125,1.5441551208496094,0.42066192626953125,0.00337982177734375,1.541661262512207,train
2019-05-24 15:30:00,1.0798721313476562,0.0006103515625,0.47607421875,0.013629913330078125,1.5441551208496094,0.42066192626953125,0.00337982177734375,train
2019-05-24 16:00:00,0.1400299072265625,1.0798721313476562,0.0006103515625,0.47607421875,0.013629913330078125,1.5441551208496094,0.42066192626953125,train
2019-05-24 16:30:00,0.02802276611328125,0.1400299072265625,1.0798721313476562,0.0006103515625,0.47607421875,0.013629913330078125,1.5441551208496094,train
2019-05-24 17:00:00,0.07899761199951172,0.02802276611328125,0.1400299072265625,1.0798721313476562,0.0006103515625,0.47607421875,0.013629913330078125,train
2019-05-24 17:30:00,4.498248100280762,0.07899761199951172,0.02802276611328125,0.1400299072265625,1.0798721313476562,0.0006103515625,0.47607421875,train
2019-05-24 18:00:00,13.606535911560059,4.498248100280762,0.07899761199951172,0.02802276611328125,0.1400299072265625,1.0798721313476562,0.0006103515625,train
2019-05-24 18:30:00,0.0,13.606535911560059,4.498248100280762,0.07899761199951172,0.02802276611328125,0.1400299072265625,1.0798721313476562,train
2019-05-24 19:00:00,0.7874116897583008,0.0,13.606535911560059,4.498248100280762,0.07899761199951172,0.02802276611328125,0.1400299072265625,train
2019-05-24 19:30:00,0.8775205612182617,0.7874116897583008,0.0,13.606535911560059,4.498248100280762,0.07899761199951172,0.02802276611328125,train
2019-05-24 20:00:00,4.635281562805176,0.8775205612182617,0.7874116897583008,0.0,13.606535911560059,4.498248100280762,0.07899761199951172,train
2019-05-24 20:30:00,0.100830078125,4.635281562805176,0.8775205612182617,0.7874116897583008,0.0,13.606535911560059,4.498248100280762,train
2019-05-24 21:00:00,0.002681732177734375,0.100830078125,4.635281562805176,0.8775205612182617,0.7874116897583008,0.0,13.606535911560059,train
2019-05-24 21:30:00,0.06080055236816406,0.002681732177734375,0.100830078125,4.635281562805176,0.8775205612182617,0.7874116897583008,0.0,train
2019-05-24 22:00:00,0.0498809814453125,0.06080055236816406,0.002681732177734375,0.100830078125,4.635281562805176,0.8775205612182617,0.7874116897583008,train
2019-05-24 22:30:00,0.08631324768066406,0.0498809814453125,0.06080055236816406,0.002681732177734375,0.100830078125,4.635281562805176,0.8775205612182617,train
2019-05-24 23:00:00,0.22837448120117188,0.08631324768066406,0.0498809814453125,0.06080055236816406,0.002681732177734375,0.100830078125,4.635281562805176,train
2019-05-24 23:30:00,0.02379608154296875,0.22837448120117188,0.08631324768066406,0.0498809814453125,0.06080055236816406,0.002681732177734375,0.100830078125,train
2019-05-25 00:00:00,0.0020389556884765625,0.02379608154296875,0.22837448120117188,0.08631324768066406,0.0498809814453125,0.06080055236816406,0.002681732177734375,train
2019-05-25 00:30:00,0.38195228576660156,0.0020389556884765625,0.02379608154296875,0.22837448120117188,0.08631324768066406,0.0498809814453125,0.06080055236816406,train
2019-05-25 01:00:00,0.00527191162109375,0.38195228576660156,0.0020389556884765625,0.02379608154296875,0.22837448120117188,0.08631324768066406,0.0498809814453125,train
2019-05-25 01:30:00,0.009784698486328125,0.00527191162109375,0.38195228576660156,0.0020389556884765625,0.02379608154296875,0.22837448120117188,0.08631324768066406,train
2019-05-25 02:00:00,0.48678016662597656,0.009784698486328125,0.00527191162109375,0.38195228576660156,0.0020389556884765625,0.02379608154296875,0.22837448120117188,train
2019-05-25 02:30:00,0.11498355865478516,0.48678016662597656,0.009784698486328125,0.00527191162109375,0.38195228576660156,0.0020389556884765625,0.02379608154296875,train
2019-05-25 03:00:00,0.03216552734375,0.11498355865478516,0.48678016662597656,0.009784698486328125,0.00527191162109375,0.38195228576660156,0.0020389556884765625,train
2019-05-25 03:30:00,0.15024948120117188,0.03216552734375,0.11498355865478516,0.48678016662597656,0.009784698486328125,0.00527191162109375,0.38195228576660156,train
2019-05-25 04:00:00,0.4652519226074219,0.15024948120117188,0.03216552734375,0.11498355865478516,0.48678016662597656,0.009784698486328125,0.00527191162109375,train
2019-05-25 04:30:00,0.3330078125,0.4652519226074219,0.15024948120117188,0.03216552734375,0.11498355865478516,0.48678016662597656,0.009784698486328125,train
2019-05-25 05:00:00,0.000102996826171875,0.3330078125,0.4652519226074219,0.15024948120117188,0.03216552734375,0.11498355865478516,0.48678016662597656,train
2019-05-25 05:30:00,4.11968994140625,0.000102996826171875,0.3330078125,0.4652519226074219,0.15024948120117188,0.03216552734375,0.11498355865478516,train
2019-05-25 06:00:00,0.0005388259887695312,4.11968994140625,0.000102996826171875,0.3330078125,0.4652519226074219,0.15024948120117188,0.03216552734375,train
2019-05-25 06:30:00,0.3895988464355469,0.0005388259887695312,4.11968994140625,0.000102996826171875,0.3330078125,0.4652519226074219,0.15024948120117188,train
2019-05-25 07:00:00,0.008299827575683594,0.3895988464355469,0.0005388259887695312,4.11968994140625,0.000102996826171875,0.3330078125,0.4652519226074219,train
2019-05-25 07:30:00,4.2628173828125,0.008299827575683594,0.3895988464355469,0.0005388259887695312,4.11968994140625,0.000102996826171875,0.3330078125,train
2019-05-25 08:00:00,0.6744756698608398,4.2628173828125,0.008299827575683594,0.3895988464355469,0.0005388259887695312,4.11968994140625,0.000102996826171875,train
2019-05-25 08:30:00,0.02907562255859375,0.6744756698608398,4.2628173828125,0.008299827575683594,0.3895988464355469,0.0005388259887695312,4.11968994140625,train
2019-05-25 09:00:00,9.808229446411133,0.02907562255859375,0.6744756698608398,4.2628173828125,0.008299827575683594,0.3895988464355469,0.0005388259887695312,train
2019-05-25 09:30:00,0.8109045028686523,9.808229446411133,0.02907562255859375,0.6744756698608398,4.2628173828125,0.008299827575683594,0.3895988464355469,train
2019-05-25 10:00:00,2.1118478775024414,0.8109045028686523,9.808229446411133,0.02907562255859375,0.6744756698608398,4.2628173828125,0.008299827575683594,train
2019-05-25 10:30:00,0.34973907470703125,2.1118478775024414,0.8109045028686523,9.808229446411133,0.02907562255859375,0.6744756698608398,4.2628173828125,train
2019-05-25 11:00:00,0.1053171157836914,0.34973907470703125,2.1118478775024414,0.8109045028686523,9.808229446411133,0.02907562255859375,0.6744756698608398,train
2019-05-25 11:30:00,0.040724754333496094,0.1053171157836914,0.34973907470703125,2.1118478775024414,0.8109045028686523,9.808229446411133,0.02907562255859375,train
2019-05-25 12:00:00,0.0008115768432617188,0.040724754333496094,0.1053171157836914,0.34973907470703125,2.1118478775024414,0.8109045028686523,9.808229446411133,train
2019-05-25 12:30:00,0.04572296142578125,0.0008115768432617188,0.040724754333496094,0.1053171157836914,0.34973907470703125,2.1118478775024414,0.8109045028686523,train
2019-05-25 13:00:00,0.7517757415771484,0.04572296142578125,0.0008115768432617188,0.040724754333496094,0.1053171157836914,0.34973907470703125,2.1118478775024414,train
2019-05-25 13:30:00,1.304682731628418,0.7517757415771484,0.04572296142578125,0.0008115768432617188,0.040724754333496094,0.1053171157836914,0.34973907470703125,train
2019-05-25 14:00:00,0.7270298004150391,1.304682731628418,0.7517757415771484,0.04572296142578125,0.0008115768432617188,0.040724754333496094,0.1053171157836914,train
2019-05-25 14:30:00,0.0006427764892578125,0.7270298004150391,1.304682731628418,0.7517757415771484,0.04572296142578125,0.0008115768432617188,0.040724754333496094,train
2019-05-25 15:00:00,0.002170562744140625,0.0006427764892578125,0.7270298004150391,1.304682731628418,0.7517757415771484,0.04572296142578125,0.0008115768432617188,train
2019-05-25 15:30:00,0.0075836181640625,0.002170562744140625,0.0006427764892578125,0.7270298004150391,1.304682731628418,0.7517757415771484,0.04572296142578125,train
2019-05-25 16:00:00,0.11868000030517578,0.0075836181640625,0.002170562744140625,0.0006427764892578125,0.7270298004150391,1.304682731628418,0.7517757415771484,train
2019-05-25 16:30:00,0.012548446655273438,0.11868000030517578,0.0075836181640625,0.002170562744140625,0.0006427764892578125,0.7270298004150391,1.304682731628418,train
2019-05-25 17:00:00,4.316981315612793,0.012548446655273438,0.11868000030517578,0.0075836181640625,0.002170562744140625,0.0006427764892578125,0.7270298004150391,train
2019-05-25 17:30:00,0.3562355041503906,4.316981315612793,0.012548446655273438,0.11868000030517578,0.0075836181640625,0.002170562744140625,0.0006427764892578125,train
2019-05-25 18:00:00,0.04401874542236328,0.3562355041503906,4.316981315612793,0.012548446655273438,0.11868000030517578,0.0075836181640625,0.002170562744140625,train
2019-05-25 18:30:00,0.06790542602539062,0.04401874542236328,0.3562355041503906,4.316981315612793,0.012548446655273438,0.11868000030517578,0.0075836181640625,train
2019-05-25 19:00:00,0.4689178466796875,0.06790542602539062,0.04401874542236328,0.3562355041503906,4.316981315612793,0.012548446655273438,0.11868000030517578,train
2019-05-25 19:30:00,0.82928466796875,0.4689178466796875,0.06790542602539062,0.04401874542236328,0.3562355041503906,4.316981315612793,0.012548446655273438,train
2019-05-25 20:00:00,1.2560157775878906,0.82928466796875,0.4689178466796875,0.06790542602539062,0.04401874542236328,0.3562355041503906,4.316981315612793,test
2019-05-25 20:30:00,0.2939872741699219,1.2560157775878906,0.82928466796875,0.4689178466796875,0.06790542602539062,0.04401874542236328,0.3562355041503906,test
2019-05-25 21:00:00,0.20029449462890625,0.2939872741699219,1.2560157775878906,0.82928466796875,0.4689178466796875,0.06790542602539062,0.04401874542236328,test
2019-05-25 21:30:00,15.33685302734375,0.20029449462890625,0.2939872741699219,1.2560157775878906,0.82928466796875,0.4689178466796875,0.06790542602539062,test
2019-05-25 22:00:00,0.0,15.33685302734375,0.20029449462890625,0.2939872741699219,1.2560157775878906,0.82928466796875,0.4689178466796875,test
2019-05-25 22:30:00,0.01896953582763672,0.0,15.33685302734375,0.20029449462890625,0.2939872741699219,1.2560157775878906,0.82928466796875,test
2019-05-25 23:00:00,13.518470764160156,0.01896953582763672,0.0,15.33685302734375,0.20029449462890625,0.2939872741699219,1.2560157775878906,test
2019-05-25 23:30:00,1.21466064453125,13.518470764160156,0.01896953582763672,0.0,15.33685302734375,0.20029449462890625,0.2939872741699219,test
2019-05-26 00:00:00,1.128936767578125,1.21466064453125,13.518470764160156,0.01896953582763672,0.0,15.33685302734375,0.20029449462890625,test
2019-05-26 00:30:00,0.0,1.128936767578125,1.21466064453125,13.518470764160156,0.01896953582763672,0.0,15.33685302734375,test
2019-05-26 01:00:00,0.08843994140625,0.0,1.128936767578125,1.21466064453125,13.518470764160156,0.01896953582763672,0.0,test
2019-05-26 01:30:00,1.7333984375,0.08843994140625,0.0,1.128936767578125,1.21466064453125,13.518470764160156,0.01896953582763672,test
2019-05-26 02:00:00,0.14514541625976562,1.7333984375,0.08843994140625,0.0,1.128936767578125,1.21466064453125,13.518470764160156,test
2019-05-26 02:30:00,0.1906890869140625,0.14514541625976562,1.7333984375,0.08843994140625,0.0,1.128936767578125,1.21466064453125,test
2019-05-26 03:00:00,0.1778564453125,0.1906890869140625,0.14514541625976562,1.7333984375,0.08843994140625,0.0,1.128936767578125,test
2019-05-26 03:30:00,1.6090354919433594,0.1778564453125,0.1906890869140625,0.14514541625976562,1.7333984375,0.08843994140625,0.0,test
2019-05-26 04:00:00,1.717529296875,1.6090354919433594,0.1778564453125,0.1906890869140625,0.14514541625976562,1.7333984375,0.08843994140625,test
2019-05-26 04:30:00,0.3173828125,1.717529296875,1.6090354919433594,0.1778564453125,0.1906890869140625,0.14514541625976562,1.7333984375,test
2019-05-26 05:00:00,0.3002910614013672,0.3173828125,1.717529296875,1.6090354919433594,0.1778564453125,0.1906890869140625,0.14514541625976562,test
2019-05-26 05:30:00,1.9078369140625,0.3002910614013672,0.3173828125,1.717529296875,1.6090354919433594,0.1778564453125,0.1906890869140625,test
2019-05-26 06:00:00,0.005963325500488281,1.9078369140625,0.3002910614013672,0.3173828125,1.717529296875,1.6090354919433594,0.1778564453125,test
2019-05-26 06:30:00,1.229909896850586,0.005963325500488281,1.9078369140625,0.3002910614013672,0.3173828125,1.717529296875,1.6090354919433594,test
2019-05-26 07:00:00,7.325868606567383,1.229909896850586,0.005963325500488281,1.9078369140625,0.3002910614013672,0.3173828125,1.717529296875,test
2019-05-26 07:30:00,0.036149024963378906,7.325868606567383,1.229909896850586,0.005963325500488281,1.9078369140625,0.3002910614013672,0.3173828125,test
2019-05-26 08:00:00,0.0011005401611328125,0.036149024963378906,7.325868606567383,1.229909896850586,0.005963325500488281,1.9078369140625,0.3002910614013672,test
2019-05-26 08:30:00,0.12689590454101562,0.0011005401611328125,0.036149024963378906,7.325868606567383,1.229909896850586,0.005963325500488281,1.9078369140625,test
2019-05-26 09:00:00,0.003993034362792969,0.12689590454101562,0.0011005401611328125,0.036149024963378906,7.325868606567383,1.229909896850586,0.005963325500488281,test
2019-05-26 09:30:00,0.0,0.003993034362792969,0.12689590454101562,0.0011005401611328125,0.036149024963378906,7.325868606567383,1.229909896850586,test
2019-05-26 10:00:00,0.0026636123657226562,0.0,0.003993034362792969,0.12689590454101562,0.0011005401611328125,0.036149024963378906,7.325868606567383,test
2019-05-26 10:30:00,1.6602344512939453,0.0026636123657226562,0.0,0.003993034362792969,0.12689590454101562,0.0011005401611328125,0.036149024963378906,test
2019-05-26 11:00:00,0.0,1.6602344512939453,0.0026636123657226562,0.0,0.003993034362792969,0.12689590454101562,0.0011005401611328125,test
2019-05-26 11:30:00,2.643768310546875,0.0,1.6602344512939453,0.0026636123657226562,0.0,0.003993034362792969,0.12689590454101562,test
2019-05-26 12:00:00,1.7852783203125,2.643768310546875,0.0,1.6602344512939453,0.0026636123657226562,0.0,0.003993034362792969,test
2019-05-26 12:30:00,0.0,1.7852783203125,2.643768310546875,0.0,1.6602344512939453,0.0026636123657226562,0.0,test
2019-05-26 13:00:00,0.54180908203125,0.0,1.7852783203125,2.643768310546875,0.0,1.6602344512939453,0.0026636123657226562,test
2019-05-26 13:30:00,0.06405448913574219,0.54180908203125,0.0,1.7852783203125,2.643768310546875,0.0,1.6602344512939453,test
2019-05-26 14:00:00,0.6361484527587891,0.06405448913574219,0.54180908203125,0.0,1.7852783203125,2.643768310546875,0.0,test
2019-05-26 14:30:00,0.10819149017333984,0.6361484527587891,0.06405448913574219,0.54180908203125,0.0,1.7852783203125,2.643768310546875,test
2019-05-26 15:00:00,3.2972412109375,0.10819149017333984,0.6361484527587891,0.06405448913574219,0.54180908203125,0.0,1.7852783203125,test
2019-05-26 15:30:00,2.423065185546875,3.2972412109375,0.10819149017333984,0.6361484527587891,0.06405448913574219,0.54180908203125,0.0,test
2019-05-26 16:00:00,3.971405029296875,2.423065185546875,3.2972412109375,0.10819149017333984,0.6361484527587891,0.06405448913574219,0.54180908203125,test
2019-05-26 16:30:00,0.0,3.971405029296875,2.423065185546875,3.2972412109375,0.10819149017333984,0.6361484527587891,0.06405448913574219,test
2019-05-26 17:00:00,0.36289215087890625,0.0,3.971405029296875,2.423065185546875,3.2972412109375,0.10819149017333984,0.6361484527587891,test
2019-05-26 17:30:00,4.55816650390625,0.36289215087890625,0.0,3.971405029296875,2.423065185546875,3.2972412109375,0.10819149017333984,test
2019-05-26 18:00:00,0.003864288330078125,4.55816650390625,0.36289215087890625,0.0,3.971405029296875,2.423065185546875,3.2972412109375,test
2019-05-26 18:30:00,0.4529075622558594,0.003864288330078125,4.55816650390625,0.36289215087890625,0.0,3.971405029296875,2.423065185546875,test
2019-05-26 19:00:00,0.0,0.4529075622558594,0.003864288330078125,4.55816650390625,0.36289215087890625,0.0,3.971405029296875,test
2019-05-26 19:30:00,0.0,0.0,0.4529075622558594,0.003864288330078125,4.55816650390625,0.36289215087890625,0.0,test
2019-05-26 20:00:00,0.0089263916015625,0.0,0.0,0.4529075622558594,0.003864288330078125,4.55816650390625,0.36289215087890625,test
2019-05-26 20:30:00,0.0,0.0089263916015625,0.0,0.0,0.4529075622558594,0.003864288330078125,4.55816650390625,test
2019-05-26 21:00:00,0.0046062469482421875,0.0,0.0089263916015625,0.0,0.0,0.4529075622558594,0.003864288330078125,test
2019-05-26 21:30:00,0.0,0.0046062469482421875,0.0,0.0089263916015625,0.0,0.0,0.4529075622558594,test
2019-05-26 22:00:00,0.06233978271484375,0.0,0.0046062469482421875,0.0,0.0089263916015625,0.0,0.0,test
2019-05-26 22:30:00,1.0608100891113281,0.06233978271484375,0.0,0.0046062469482421875,0.0,0.0089263916015625,0.0,test
2019-05-26 23:00:00,1.04278564453125,1.0608100891113281,0.06233978271484375,0.0,0.0046062469482421875,0.0,0.0089263916015625,test
2019-05-26 23:30:00,9.31103229522705,1.04278564453125,1.0608100891113281,0.06233978271484375,0.0,0.0046062469482421875,0.0,test
2019-05-27 00:00:00,0.007770538330078125,9.31103229522705,1.04278564453125,1.0608100891113281,0.06233978271484375,0.0,0.0046062469482421875,test
2019-05-27 00:30:00,1.1149158477783203,0.007770538330078125,9.31103229522705,1.04278564453125,1.0608100891113281,0.06233978271484375,0.0,test
2019-05-27 01:00:00,0.4953880310058594,1.1149158477783203,0.007770538330078125,9.31103229522705,1.04278564453125,1.0608100891113281,0.06233978271484375,test
2019-05-27 01:30:00,0.0196380615234375,0.4953880310058594,1.1149158477783203,0.007770538330078125,9.31103229522705,1.04278564453125,1.0608100891113281,test
2019-05-27 02:00:00,0.0102996826171875,0.0196380615234375,0.4953880310058594,1.1149158477783203,0.007770538330078125,9.31103229522705,1.04278564453125,test
2019-05-27 02:30:00,0.07476806640625,0.0102996826171875,0.0196380615234375,0.4953880310058594,1.1149158477783203,0.007770538330078125,9.31103229522705,test
2019-05-27 03:00:00,0.0437774658203125,0.07476806640625,0.0102996826171875,0.0196380615234375,0.4953880310058594,1.1149158477783203,0.007770538330078125,test
2019-05-27 03:30:00,0.3144388198852539,0.0437774658203125,0.07476806640625,0.0102996826171875,0.0196380615234375,0.4953880310058594,1.1149158477783203,test
2019-05-27 04:00:00,1.804443359375,0.3144388198852539,0.0437774658203125,0.07476806640625,0.0102996826171875,0.0196380615234375,0.4953880310058594,test
2019-05-27 04:30:00,0.23555946350097656,1.804443359375,0.3144388198852539,0.0437774658203125,0.07476806640625,0.0102996826171875,0.0196380615234375,test
2019-05-27 05:00:00,0.0,0.23555946350097656,1.804443359375,0.3144388198852539,0.0437774658203125,0.07476806640625,0.0102996826171875,test
2019-05-27 05:30:00,0.7457609176635742,0.0,0.23555946350097656,1.804443359375,0.3144388198852539,0.0437774658203125,0.07476806640625,test
2019-05-27 06:00:00,0.020233154296875,0.7457609176635742,0.0,0.23555946350097656,1.804443359375,0.3144388198852539,0.0437774658203125,test
2019-05-27 06:30:00,1.0634765625,0.020233154296875,0.7457609176635742,0.0,0.23555946350097656,1.804443359375,0.3144388198852539,test
2019-05-27 07:00:00,0.18001556396484375,1.0634765625,0.020233154296875,0.7457609176635742,0.0,0.23555946350097656,1.804443359375,test
2019-05-27 07:30:00,0.0001697540283203125,0.18001556396484375,1.0634765625,0.020233154296875,0.7457609176635742,0.0,0.23555946350097656,test
2019-05-27 08:00:00,0.10495567321777344,0.0001697540283203125,0.18001556396484375,1.0634765625,0.020233154296875,0.7457609176635742,0.0,test
2019-05-27 08:30:00,1.124237060546875,0.10495567321777344,0.0001697540283203125,0.18001556396484375,1.0634765625,0.020233154296875,0.7457609176635742,test
2019-05-27 09:00:00,0.1546154022216797,1.124237060546875,0.10495567321777344,0.0001697540283203125,0.18001556396484375,1.0634765625,0.020233154296875,test
2019-05-27 09:30:00,0.00605010986328125,0.1546154022216797,1.124237060546875,0.10495567321777344,0.0001697540283203125,0.18001556396484375,1.0634765625,test
2019-05-27 10:00:00,0.09417343139648438,0.00605010986328125,0.1546154022216797,1.124237060546875,0.10495567321777344,0.0001697540283203125,0.18001556396484375,test
2019-05-27 10:30:00,4.311981201171875,0.09417343139648438,0.00605010986328125,0.1546154022216797,1.124237060546875,0.10495567321777344,0.0001697540283203125,test
2019-05-27 11:00:00,0.02446746826171875,4.311981201171875,0.09417343139648438,0.00605010986328125,0.1546154022216797,1.124237060546875,0.10495567321777344,test
2019-05-27 11:30:00,0.2774238586425781,0.02446746826171875,4.311981201171875,0.09417343139648438,0.00605010986328125,0.1546154022216797,1.124237060546875,test
2019-05-27 12:00:00,2.794677734375,0.2774238586425781,0.02446746826171875,4.311981201171875,0.09417343139648438,0.00605010986328125,0.1546154022216797,test
2019-05-27 12:30:00,2.280109405517578,2.794677734375,0.2774238586425781,0.02446746826171875,4.311981201171875,0.09417343139648438,0.00605010986328125,test
2019-05-27 13:00:00,0.15772151947021484,2.280109405517578,2.794677734375,0.2774238586425781,0.02446746826171875,4.311981201171875,0.09417343139648438,test
2019-05-27 13:30:00,0.8376121520996094,0.15772151947021484,2.280109405517578,2.794677734375,0.2774238586425781,0.02446746826171875,4.311981201171875,test
2019-05-27 14:00:00,0.017180442810058594,0.8376121520996094,0.15772151947021484,2.280109405517578,2.794677734375,0.2774238586425781,0.02446746826171875,test
2019-05-27 14:30:00,0.0,0.017180442810058594,0.8376121520996094,0.15772151947021484,2.280109405517578,2.794677734375,0.2774238586425781,test
2019-05-27 15:00:00,0.03449249267578125,0.0,0.017180442810058594,0.8376121520996094,0.15772151947021484,2.280109405517578,2.794677734375,test
2019-05-27 15:30:00,0.038608551025390625,0.03449249267578125,0.0,0.017180442810058594,0.8376121520996094,0.15772151947021484,2.280109405517578,test
2019-05-27 16:00:00,0.041370391845703125,0.038608551025390625,0.03449249267578125,0.0,0.017180442810058594,0.8376121520996094,0.15772151947021484,test
2019-05-27 16:30:00,0.14464855194091797,0.041370391845703125,0.038608551025390625,0.03449249267578125,0.0,0.017180442810058594,0.8376121520996094,test
2019-05-27 17:00:00,0.0011081695556640625,0.14464855194091797,0.041370391845703125,0.038608551025390625,0.03449249267578125,0.0,0.017180442810058594,test
2019-05-27 17:30:00,0.01907062530517578,0.0011081695556640625,0.14464855194091797,0.041370391845703125,0.038608551025390625,0.03449249267578125,0.0,test
2019-05-27 18:00:00,0.9769744873046875,0.01907062530517578,0.0011081695556640625,0.14464855194091797,0.041370391845703125,0.038608551025390625,0.03449249267578125,test
2019-05-27 18:30:00,1.0401105880737305,0.9769744873046875,0.01907062530517578,0.0011081695556640625,0.14464855194091797,0.041370391845703125,0.038608551025390625,test
2019-05-27 19:00:00,0.39234352111816406,1.0401105880737305,0.9769744873046875,0.01907062530517578,0.0011081695556640625,0.14464855194091797,0.041370391845703125,test
2019-05-27 19:30:00,6.471824645996094,0.39234352111816406,1.0401105880737305,0.9769744873046875,0.01907062530517578,0.0011081695556640625,0.14464855194091797,test
2019-05-27 20:00:00,0.095306396484375,6.471824645996094,0.39234352111816406,1.0401105880737305,0.9769744873046875,0.01907062530517578,0.0011081695556640625,test
2019-05-27 20:30:00,1.8685951232910156,0.095306396484375,6.471824645996094,0.39234352111816406,1.0401105880737305,0.9769744873046875,0.01907062530517578,test
2019-05-27 21:00:00,0.1864013671875,1.8685951232910156,0.095306396484375,6.471824645996094,0.39234352111816406,1.0401105880737305,0.9769744873046875,test
2019-05-27 21:30:00,0.030221939086914062,0.1864013671875,1.8685951232910156,0.095306396484375,6.471824645996094,0.39234352111816406,1.0401105880737305,test
2019-05-27 22:00:00,0.0036869049072265625,0.030221939086914062,0.1864013671875,1.8685951232910156,0.095306396484375,6.471824645996094,0.39234352111816406,test
2019-05-27 22:30:00,0.0,0.0036869049072265625,0.030221939086914062,0.1864013671875,1.8685951232910156,0.095306396484375,6.471824645996094,test
2019-05-27 23:00:00,0.001316070556640625,0.0,0.0036869049072265625,0.030221939086914062,0.1864013671875,1.8685951232910156,0.095306396484375,test
2019-05-27 23:30:00,0.5189266204833984,0.001316070556640625,0.0,0.0036869049072265625,0.030221939086914062,0.1864013671875,1.8685951232910156,test
2019-05-28 00:00:00,0.014439582824707031,0.5189266204833984,0.001316070556640625,0.0,0.0036869049072265625,0.030221939086914062,0.1864013671875,test
2019-05-28 00:30:00,0.47069740295410156,0.014439582824707031,0.5189266204833984,0.001316070556640625,0.0,0.0036869049072265625,0.030221939086914062,test
2019-05-28 01:00:00,0.1445770263671875,0.47069740295410156,0.014439582824707031,0.5189266204833984,0.001316070556640625,0.0,0.0036869049072265625,test
2019-05-28 01:30:00,0.14947032928466797,0.1445770263671875,0.47069740295410156,0.014439582824707031,0.5189266204833984,0.001316070556640625,0.0,test
2019-05-28 02:00:00,0.04779052734375,0.14947032928466797,0.1445770263671875,0.47069740295410156,0.014439582824707031,0.5189266204833984,0.001316070556640625,test
2019-05-28 02:30:00,0.0,0.04779052734375,0.14947032928466797,0.1445770263671875,0.47069740295410156,0.014439582824707031,0.5189266204833984,test
2019-05-28 03:00:00,0.47595977783203125,0.0,0.04779052734375,0.14947032928466797,0.1445770263671875,0.47069740295410156,0.014439582824707031,test
2019-05-28 03:30:00,0.26666831970214844,0.47595977783203125,0.0,0.04779052734375,0.14947032928466797,0.1445770263671875,0.47069740295410156,test
2019-05-28 04:00:00,0.0,0.26666831970214844,0.47595977783203125,0.0,0.04779052734375,0.14947032928466797,0.1445770263671875,test
2019-05-28 04:30:00,0.03397369384765625,0.0,0.26666831970214844,0.47595977783203125,0.0,0.04779052734375,0.14947032928466797,test
2019-05-28 05:00:00,0.0010585784912109375,0.03397369384765625,0.0,0.26666831970214844,0.47595977783203125,0.0,0.04779052734375,test
2019-05-28 05:30:00,0.017543792724609375,0.0010585784912109375,0.03397369384765625,0.0,0.26666831970214844,0.47595977783203125,0.0,test
2019-05-28 06:00:00,26.764238357543945,0.017543792724609375,0.0010585784912109375,0.03397369384765625,0.0,0.26666831970214844,0.47595977783203125,test
2019-05-28 06:30:00,0.6556549072265625,26.764238357543945,0.017543792724609375,0.0010585784912109375,0.03397369384765625,0.0,0.26666831970214844,test
2019-05-28 07:00:00,2.5733184814453125,0.6556549072265625,26.764238357543945,0.017543792724609375,0.0010585784912109375,0.03397369384765625,0.0,test
2019-05-28 07:30:00,2.241567611694336,2.5733184814453125,0.6556549072265625,26.764238357543945,0.017543792724609375,0.0010585784912109375,0.03397369384765625,test
2019-05-28 08:00:00,1.1070499420166016,2.241567611694336,2.5733184814453125,0.6556549072265625,26.764238357543945,0.017543792724609375,0.0010585784912109375,test
2019-05-28 08:30:00,0.2532205581665039,1.1070499420166016,2.241567611694336,2.5733184814453125,0.6556549072265625,26.764238357543945,0.017543792724609375,test
2019-05-28 09:00:00,0.02066516876220703,0.2532205581665039,1.1070499420166016,2.241567611694336,2.5733184814453125,0.6556549072265625,26.764238357543945,test
2019-05-28 09:30:00,0.034427642822265625,0.02066516876220703,0.2532205581665039,1.1070499420166016,2.241567611694336,2.5733184814453125,0.6556549072265625,test
2019-05-28 10:00:00,0.985931396484375,0.034427642822265625,0.02066516876220703,0.2532205581665039,1.1070499420166016,2.241567611694336,2.5733184814453125,test
2019-05-28 10:30:00,0.03372764587402344,0.985931396484375,0.034427642822265625,0.02066516876220703,0.2532205581665039,1.1070499420166016,2.241567611694336,test
2019-05-28 11:00:00,0.00494384765625,0.03372764587402344,0.985931396484375,0.034427642822265625,0.02066516876220703,0.2532205581665039,1.1070499420166016,test
2019-05-28 11:30:00,0.3955726623535156,0.00494384765625,0.03372764587402344,0.985931396484375,0.034427642822265625,0.02066516876220703,0.2532205581665039,test
2019-05-28 12:00:00,0.09993934631347656,0.3955726623535156,0.00494384765625,0.03372764587402344,0.985931396484375,0.034427642822265625,0.02066516876220703,test
2019-05-28 12:30:00,3.318948745727539,0.09993934631347656,0.3955726623535156,0.00494384765625,0.03372764587402344,0.985931396484375,0.034427642822265625,test
2019-05-28 13:00:00,0.09341907501220703,3.318948745727539,0.09993934631347656,0.3955726623535156,0.00494384765625,0.03372764587402344,0.985931396484375,test
2019-05-28 13:30:00,1.2742156982421875,0.09341907501220703,3.318948745727539,0.09993934631347656,0.3955726623535156,0.00494384765625,0.03372764587402344,test
2019-05-28 14:00:00,0.5387954711914062,1.2742156982421875,0.09341907501220703,3.318948745727539,0.09993934631347656,0.3955726623535156,0.00494384765625,test
2019-05-28 14:30:00,0.019649505615234375,0.5387954711914062,1.2742156982421875,0.09341907501220703,3.318948745727539,0.09993934631347656,0.3955726623535156,test
2019-05-28 15:00:00,0.7222671508789062,0.019649505615234375,0.5387954711914062,1.2742156982421875,0.09341907501220703,3.318948745727539,0.09993934631347656,test
2019-05-28 15:30:00,13.213486671447754,0.7222671508789062,0.019649505615234375,0.5387954711914062,1.2742156982421875,0.09341907501220703,3.318948745727539,test
2019-05-28 16:00:00,0.0,13.213486671447754,0.7222671508789062,0.019649505615234375,0.5387954711914062,1.2742156982421875,0.09341907501220703,test
2019-05-28 16:30:00,0.09360122680664062,0.0,13.213486671447754,0.7222671508789062,0.019649505615234375,0.5387954711914062,1.2742156982421875,test
2019-05-28 17:00:00,2.0128536224365234,0.09360122680664062,0.0,13.213486671447754,0.7222671508789062,0.019649505615234375,0.5387954711914062,test
2019-05-28 17:30:00,0.2249307632446289,2.0128536224365234,0.09360122680664062,0.0,13.213486671447754,0.7222671508789062,0.019649505615234375,test
2019-05-28 18:00:00,2.334859848022461,0.2249307632446289,2.0128536224365234,0.09360122680664062,0.0,13.213486671447754,0.7222671508789062,test
2019-05-28 18:30:00,1.8667259216308594,2.334859848022461,0.2249307632446289,2.0128536224365234,0.09360122680664062,0.0,13.213486671447754,test
2019-05-28 19:00:00,0.01572418212890625,1.8667259216308594,2.334859848022461,0.2249307632446289,2.0128536224365234,0.09360122680664062,0.0,test
2019-05-28 19:30:00,0.06327438354492188,0.01572418212890625,1.8667259216308594,2.334859848022461,0.2249307632446289,2.0128536224365234,0.09360122680664062,test
2019-05-28 20:00:00,0.2989482879638672,0.06327438354492188,0.01572418212890625,1.8667259216308594,2.334859848022461,0.2249307632446289,2.0128536224365234,test
2019-05-28 20:30:00,0.0048370361328125,0.2989482879638672,0.06327438354492188,0.01572418212890625,1.8667259216308594,2.334859848022461,0.2249307632446289,test
2019-05-28 21:00:00,0.06325149536132812,0.0048370361328125,0.2989482879638672,0.06327438354492188,0.01572418212890625,1.8667259216308594,2.334859848022461,test
2019-05-28 21:30:00,0.17175769805908203,0.06325149536132812,0.0048370361328125,0.2989482879638672,0.06327438354492188,0.01572418212890625,1.8667259216308594,test
2019-05-28 22:00:00,0.017678260803222656,0.17175769805908203,0.06325149536132812,0.0048370361328125,0.2989482879638672,0.06327438354492188,0.01572418212890625,test
2019-05-28 22:30:00,0.14882183074951172,0.017678260803222656,0.17175769805908203,0.06325149536132812,0.0048370361328125,0.2989482879638672,0.06327438354492188,test
2019-05-28 23:00:00,0.7559690475463867,0.14882183074951172,0.017678260803222656,0.17175769805908203,0.06325149536132812,0.0048370361328125,0.2989482879638672,test
2019-05-28 23:30:00,0.0216217041015625,0.7559690475463867,0.14882183074951172,0.017678260803222656,0.17175769805908203,0.06325149536132812,0.0048370361328125,test
2019-05-29 00:00:00,0.016378402709960938,0.0216217041015625,0.7559690475463867,0.14882183074951172,0.017678260803222656,0.17175769805908203,0.06325149536132812,test
2019-05-29 00:30:00,0.5750503540039062,0.016378402709960938,0.0216217041015625,0.7559690475463867,0.14882183074951172,0.017678260803222656,0.17175769805908203,test
2019-05-29 01:00:00,2.097902297973633,0.5750503540039062,0.016378402709960938,0.0216217041015625,0.7559690475463867,0.14882183074951172,0.017678260803222656,test
2019-05-29 01:30:00,0.10370445251464844,2.097902297973633,0.5750503540039062,0.016378402709960938,0.0216217041015625,0.7559690475463867,0.14882183074951172,test
2019-05-29 02:00:00,0.00041961669921875,0.10370445251464844,2.097902297973633,0.5750503540039062,0.016378402709960938,0.0216217041015625,0.7559690475463867,test
2019-05-29 02:30:00,8.9444580078125,0.00041961669921875,0.10370445251464844,2.097902297973633,0.5750503540039062,0.016378402709960938,0.0216217041015625,test
2019-05-29 03:00:00,0.0,8.9444580078125,0.00041961669921875,0.10370445251464844,2.097902297973633,0.5750503540039062,0.016378402709960938,test
2019-05-29 03:30:00,0.03779029846191406,0.0,8.9444580078125,0.00041961669921875,0.10370445251464844,2.097902297973633,0.5750503540039062,test
2019-05-29 04:00:00,0.30841064453125,0.03779029846191406,0.0,8.9444580078125,0.00041961669921875,0.10370445251464844,2.097902297973633,test
2019-05-29 04:30:00,0.009185791015625,0.30841064453125,0.03779029846191406,0.0,8.9444580078125,0.00041961669921875,0.10370445251464844,test
2019-05-29 05:00:00,0.45064258575439453,0.009185791015625,0.30841064453125,0.03779029846191406,0.0,8.9444580078125,0.00041961669921875,test
2019-05-29 05:30:00,1.3348770141601562,0.45064258575439453,0.009185791015625,0.30841064453125,0.03779029846191406,0.0,8.9444580078125,test
2019-05-29 06:00:00,0.021071434020996094,1.3348770141601562,0.45064258575439453,0.009185791015625,0.30841064453125,0.03779029846191406,0.0,test
2019-05-29 06:30:00,0.0028543472290039062,0.021071434020996094,1.3348770141601562,0.45064258575439453,0.009185791015625,0.30841064453125,0.03779029846191406,test
2019-05-29 07:00:00,0.012118339538574219,0.0028543472290039062,0.021071434020996094,1.3348770141601562,0.45064258575439453,0.009185791015625,0.30841064453125,test
2019-05-29 07:30:00,0.02261829376220703,0.012118339538574219,0.0028543472290039062,0.021071434020996094,1.3348770141601562,0.45064258575439453,0.009185791015625,test
2019-05-29 08:00:00,0.026254653930664062,0.02261829376220703,0.012118339538574219,0.0028543472290039062,0.021071434020996094,1.3348770141601562,0.45064258575439453,test
2019-05-29 08:30:00,0.064849853515625,0.026254653930664062,0.02261829376220703,0.012118339538574219,0.0028543472290039062,0.021071434020996094,1.3348770141601562,test
2019-05-29 09:00:00,0.3860359191894531,0.064849853515625,0.026254653930664062,0.02261829376220703,0.012118339538574219,0.0028543472290039062,0.021071434020996094,test
2019-05-29 09:30:00,0.37056922912597656,0.3860359191894531,0.064849853515625,0.026254653930664062,0.02261829376220703,0.012118339538574219,0.0028543472290039062,test
2019-05-29 10:00:00,0.00263214111328125,0.37056922912597656,0.3860359191894531,0.064849853515625,0.026254653930664062,0.02261829376220703,0.012118339538574219,test
2019-05-29 10:30:00,3.3822708129882812,0.00263214111328125,0.37056922912597656,0.3860359191894531,0.064849853515625,0.026254653930664062,0.02261829376220703,test
2019-05-29 11:00:00,0.038460731506347656,3.3822708129882812,0.00263214111328125,0.37056922912597656,0.3860359191894531,0.064849853515625,0.026254653930664062,test
2019-05-29 11:30:00,0.11716365814208984,0.038460731506347656,3.3822708129882812,0.00263214111328125,0.37056922912597656,0.3860359191894531,0.064849853515625,test
2019-05-29 12:00:00,0.04352283477783203,0.11716365814208984,0.038460731506347656,3.3822708129882812,0.00263214111328125,0.37056922912597656,0.3860359191894531,test
2019-05-29 12:30:00,0.22981834411621094,0.04352283477783203,0.11716365814208984,0.038460731506347656,3.3822708129882812,0.00263214111328125,0.37056922912597656,test
2019-05-29 13:00:00,0.09348011016845703,0.22981834411621094,0.04352283477783203,0.11716365814208984,0.038460731506347656,3.3822708129882812,0.00263214111328125,test
2019-05-29 13:30:00,0.12228965759277344,0.09348011016845703,0.22981834411621094,0.04352283477783203,0.11716365814208984,0.038460731506347656,3.3822708129882812,test
2019-05-29 14:00:00,3.3873395919799805,0.12228965759277344,0.09348011016845703,0.22981834411621094,0.04352283477783203,0.11716365814208984,0.038460731506347656,test
2019-05-29 14:30:00,0.11712837219238281,3.3873395919799805,0.12228965759277344,0.09348011016845703,0.22981834411621094,0.04352283477783203,0.11716365814208984,test
2019-05-29 15:00:00,0.1269388198852539,0.11712837219238281,3.3873395919799805,0.12228965759277344,0.09348011016845703,0.22981834411621094,0.04352283477783203,test
2019-05-29 15:30:00,2.9004592895507812,0.1269388198852539,0.11712837219238281,3.3873395919799805,0.12228965759277344,0.09348011016845703,0.22981834411621094,test
2019-05-29 16:00:00,15.730781555175781,2.9004592895507812,0.1269388198852539,0.11712837219238281,3.3873395919799805,0.12228965759277344,0.09348011016845703,test
2019-05-29 16:30:00,0.014257431030273438,15.730781555175781,2.9004592895507812,0.1269388198852539,0.11712837219238281,3.3873395919799805,0.12228965759277344,test
2019-05-29 17:00:00,7.057193756103516,0.014257431030273438,15.730781555175781,2.9004592895507812,0.1269388198852539,0.11712837219238281,3.3873395919799805,test
2019-05-29 17:30:00,1.4441919326782227,7.057193756103516,0.014257431030273438,15.730781555175781,2.9004592895507812,0.1269388198852539,0.11712837219238281,test
2019-05-29 18:00:00,0.5076694488525391,1.4441919326782227,7.057193756103516,0.014257431030273438,15.730781555175781,2.9004592895507812,0.1269388198852539,test
2019-05-29 18:30:00,0.0,0.5076694488525391,1.4441919326782227,7.057193756103516,0.014257431030273438,15.730781555175781,2.9004592895507812,test
2019-05-29 19:00:00,0.013059616088867188,0.0,0.5076694488525391,1.4441919326782227,7.057193756103516,0.014257431030273438,15.730781555175781,test
2019-05-29 19:30:00,1.3225784301757812,0.013059616088867188,0.0,0.5076694488525391,1.4441919326782227,7.057193756103516,0.014257431030273438,test
2019-05-29 20:00:00,0.00039196014404296875,1.3225784301757812,0.013059616088867188,0.0,0.5076694488525391,1.4441919326782227,7.057193756103516,test
2019-05-29 20:30:00,0.02935791015625,0.00039196014404296875,1.3225784301757812,0.013059616088867188,0.0,0.5076694488525391,1.4441919326782227,test
2019-05-29 21:00:00,1.8193359375,0.02935791015625,0.00039196014404296875,1.3225784301757812,0.013059616088867188,0.0,0.5076694488525391,test
2019-05-29 21:30:00,0.005717277526855469,1.8193359375,0.02935791015625,0.00039196014404296875,1.3225784301757812,0.013059616088867188,0.0,test
2019-05-29 22:00:00,0.6493692398071289,0.005717277526855469,1.8193359375,0.02935791015625,0.00039196014404296875,1.3225784301757812,0.013059616088867188,test
2019-05-29 22:30:00,0.35901355743408203,0.6493692398071289,0.005717277526855469,1.8193359375,0.02935791015625,0.00039196014404296875,1.3225784301757812,test
2019-05-29 23:00:00,0.0,0.35901355743408203,0.6493692398071289,0.005717277526855469,1.8193359375,0.02935791015625,0.00039196014404296875,test
2019-05-29 23:30:00,0.131256103515625,0.0,0.35901355743408203,0.6493692398071289,0.005717277526855469,1.8193359375,0.02935791015625,test
2019-05-30 00:00:00,0.1574859619140625,0.131256103515625,0.0,0.35901355743408203,0.6493692398071289,0.005717277526855469,1.8193359375,test
2019-05-30 00:30:00,0.1689901351928711,0.1574859619140625,0.131256103515625,0.0,0.35901355743408203,0.6493692398071289,0.005717277526855469,test
2019-05-30 01:00:00,0.037784576416015625,0.1689901351928711,0.1574859619140625,0.131256103515625,0.0,0.35901355743408203,0.6493692398071289,test
2019-05-30 01:30:00,0.5585155487060547,0.037784576416015625,0.1689901351928711,0.1574859619140625,0.131256103515625,0.0,0.35901355743408203,test
2019-05-30 02:00:00,0.1363525390625,0.5585155487060547,0.037784576416015625,0.1689901351928711,0.1574859619140625,0.131256103515625,0.0,test
2019-05-30 02:30:00,0.0,0.1363525390625,0.5585155487060547,0.037784576416015625,0.1689901351928711,0.1574859619140625,0.131256103515625,test
2019-05-30 03:00:00,0.4130239486694336,0.0,0.1363525390625,0.5585155487060547,0.037784576416015625,0.1689901351928711,0.1574859619140625,test
2019-05-30 03:30:00,0.10616493225097656,0.4130239486694336,0.0,0.1363525390625,0.5585155487060547,0.037784576416015625,0.1689901351928711,test
2019-05-30 04:00:00,2.3162841796875,0.10616493225097656,0.4130239486694336,0.0,0.1363525390625,0.5585155487060547,0.037784576416015625,test
2019-05-30 04:30:00,0.0,2.3162841796875,0.10616493225097656,0.4130239486694336,0.0,0.1363525390625,0.5585155487060547,test
2019-05-30 05:00:00,0.9207267761230469,0.0,2.3162841796875,0.10616493225097656,0.4130239486694336,0.0,0.1363525390625,test
2019-05-30 05:30:00,1.3001537322998047,0.9207267761230469,0.0,2.3162841796875,0.10616493225097656,0.4130239486694336,0.0,test
2019-05-30 06:00:00,3.002328872680664,1.3001537322998047,0.9207267761230469,0.0,2.3162841796875,0.10616493225097656,0.4130239486694336,test
2019-05-30 06:30:00,0.8601789474487305,3.002328872680664,1.3001537322998047,0.9207267761230469,0.0,2.3162841796875,0.10616493225097656,test
2019-05-30 07:00:00,0.7931032180786133,0.8601789474487305,3.002328872680664,1.3001537322998047,0.9207267761230469,0.0,2.3162841796875,test
2019-05-30 07:30:00,0.070892333984375,0.7931032180786133,0.8601789474487305,3.002328872680664,1.3001537322998047,0.9207267761230469,0.0,test
2019-05-30 08:00:00,0.03085803985595703,0.070892333984375,0.7931032180786133,0.8601789474487305,3.002328872680664,1.3001537322998047,0.9207267761230469,test
2019-05-30 08:30:00,0.7903823852539062,0.03085803985595703,0.070892333984375,0.7931032180786133,0.8601789474487305,3.002328872680664,1.3001537322998047,test
2019-05-30 09:00:00,0.12148475646972656,0.7903823852539062,0.03085803985595703,0.070892333984375,0.7931032180786133,0.8601789474487305,3.002328872680664,test
2019-05-30 09:30:00,0.0018062591552734375,0.12148475646972656,0.7903823852539062,0.03085803985595703,0.070892333984375,0.7931032180786133,0.8601789474487305,test
2019-05-30 10:00:00,0.0,0.0018062591552734375,0.12148475646972656,0.7903823852539062,0.03085803985595703,0.070892333984375,0.7931032180786133,test
2019-05-30 10:30:00,0.17986392974853516,0.0,0.0018062591552734375,0.12148475646972656,0.7903823852539062,0.03085803985595703,0.070892333984375,test
2019-05-30 11:00:00,1.7809724807739258,0.17986392974853516,0.0,0.0018062591552734375,0.12148475646972656,0.7903823852539062,0.03085803985595703,test
2019-05-30 11:30:00,0.3381805419921875,1.7809724807739258,0.17986392974853516,0.0,0.0018062591552734375,0.12148475646972656,0.7903823852539062,test
2019-05-30 12:00:00,1.0811595916748047,0.3381805419921875,1.7809724807739258,0.17986392974853516,0.0,0.0018062591552734375,0.12148475646972656,test
2019-05-30 12:30:00,0.0029745101928710938,1.0811595916748047,0.3381805419921875,1.7809724807739258,0.17986392974853516,0.0,0.0018062591552734375,test
2019-05-30 13:00:00,0.13975143432617188,0.0029745101928710938,1.0811595916748047,0.3381805419921875,1.7809724807739258,0.17986392974853516,0.0,test
2019-05-30 13:30:00,0.032296180725097656,0.13975143432617188,0.0029745101928710938,1.0811595916748047,0.3381805419921875,1.7809724807739258,0.17986392974853516,test
2019-05-30 14:00:00,0.1412506103515625,0.032296180725097656,0.13975143432617188,0.0029745101928710938,1.0811595916748047,0.3381805419921875,1.7809724807739258,test
2019-05-30 14:30:00,0.021820068359375,0.1412506103515625,0.032296180725097656,0.13975143432617188,0.0029745101928710938,1.0811595916748047,0.3381805419921875,test
2019-05-30 15:00:00,0.44985198974609375,0.021820068359375,0.1412506103515625,0.032296180725097656,0.13975143432617188,0.0029745101928710938,1.0811595916748047,test
2019-05-30 15:30:00,0.01857757568359375,0.44985198974609375,0.021820068359375,0.1412506103515625,0.032296180725097656,0.13975143432617188,0.0029745101928710938,test
2019-05-30 16:00:00,0.015705108642578125,0.01857757568359375,0.44985198974609375,0.021820068359375,0.1412506103515625,0.032296180725097656,0.13975143432617188,test
2019-05-30 16:30:00,0.005855560302734375,0.015705108642578125,0.01857757568359375,0.44985198974609375,0.021820068359375,0.1412506103515625,0.032296180725097656,test
2019-05-30 17:00:00,0.002887725830078125,0.005855560302734375,0.015705108642578125,0.01857757568359375,0.44985198974609375,0.021820068359375,0.1412506103515625,test
2019-05-30 17:30:00,0.75244140625,0.002887725830078125,0.005855560302734375,0.015705108642578125,0.01857757568359375,0.44985198974609375,0.021820068359375,test
2019-05-30 18:00:00,0.22886276245117188,0.75244140625,0.002887725830078125,0.005855560302734375,0.015705108642578125,0.01857757568359375,0.44985198974609375,test
2019-05-30 18:30:00,0.34044933319091797,0.22886276245117188,0.75244140625,0.002887725830078125,0.005855560302734375,0.015705108642578125,0.01857757568359375,test
2019-05-30 19:00:00,0.0118865966796875,0.34044933319091797,0.22886276245117188,0.75244140625,0.002887725830078125,0.005855560302734375,0.015705108642578125,test
2019-05-30 19:30:00,0.13787841796875,0.0118865966796875,0.34044933319091797,0.22886276245117188,0.75244140625,0.002887725830078125,0.005855560302734375,test
2019-05-30 20:00:00,0.01832866668701172,0.13787841796875,0.0118865966796875,0.34044933319091797,0.22886276245117188,0.75244140625,0.002887725830078125,test
2019-05-30 20:30:00,0.7265625,0.01832866668701172,0.13787841796875,0.0118865966796875,0.34044933319091797,0.22886276245117188,0.75244140625,test
2019-05-30 21:00:00,0.02301025390625,0.7265625,0.01832866668701172,0.13787841796875,0.0118865966796875,0.34044933319091797,0.22886276245117188,test
2019-05-30 21:30:00,9.354702949523926,0.02301025390625,0.7265625,0.01832866668701172,0.13787841796875,0.0118865966796875,0.34044933319091797,test
2019-05-30 22:00:00,0.027578353881835938,9.354702949523926,0.02301025390625,0.7265625,0.01832866668701172,0.13787841796875,0.0118865966796875,test
2019-05-30 22:30:00,0.05131816864013672,0.027578353881835938,9.354702949523926,0.02301025390625,0.7265625,0.01832866668701172,0.13787841796875,test
2019-05-30 23:00:00,0.26393890380859375,0.05131816864013672,0.027578353881835938,9.354702949523926,0.02301025390625,0.7265625,0.01832866668701172,test
2019-05-30 23:30:00,0.028150558471679688,0.26393890380859375,0.05131816864013672,0.027578353881835938,9.354702949523926,0.02301025390625,0.7265625,test
2019-05-31 00:00:00,1.755056381225586,0.028150558471679688,0.26393890380859375,0.05131816864013672,0.027578353881835938,9.354702949523926,0.02301025390625,test
2019-05-31 00:30:00,3.440995216369629,1.755056381225586,0.028150558471679688,0.26393890380859375,0.05131816864013672,0.027578353881835938,9.354702949523926,test
2019-05-31 01:00:00,0.03706932067871094,3.440995216369629,1.755056381225586,0.028150558471679688,0.26393890380859375,0.05131816864013672,0.027578353881835938,test
2019-05-31 01:30:00,1.4214057922363281,0.03706932067871094,3.440995216369629,1.755056381225586,0.028150558471679688,0.26393890380859375,0.05131816864013672,test
2019-05-31 02:00:00,0.04791259765625,1.4214057922363281,0.03706932067871094,3.440995216369629,1.755056381225586,0.028150558471679688,0.26393890380859375,test
2019-05-31 02:30:00,0.03979015350341797,0.04791259765625,1.4214057922363281,0.03706932067871094,3.440995216369629,1.755056381225586,0.028150558471679688,test
2019-05-31 03:00:00,1.479248046875,0.03979015350341797,0.04791259765625,1.4214057922363281,0.03706932067871094,3.440995216369629,1.755056381225586,test
2019-05-31 03:30:00,0.8628654479980469,1.479248046875,0.03979015350341797,0.04791259765625,1.4214057922363281,0.03706932067871094,3.440995216369629,test
2019-05-31 04:00:00,0.0,0.8628654479980469,1.479248046875,0.03979015350341797,0.04791259765625,1.4214057922363281,0.03706932067871094,test
2019-05-31 04:30:00,1.0342025756835938,0.0,0.8628654479980469,1.479248046875,0.03979015350341797,0.04791259765625,1.4214057922363281,test
2019-05-31 05:00:00,0.08221912384033203,1.0342025756835938,0.0,0.8628654479980469,1.479248046875,0.03979015350341797,0.04791259765625,test
2019-05-31 05:30:00,0.12248992919921875,0.08221912384033203,1.0342025756835938,0.0,0.8628654479980469,1.479248046875,0.03979015350341797,test
2019-05-31 06:00:00,1.948516845703125,0.12248992919921875,0.08221912384033203,1.0342025756835938,0.0,0.8628654479980469,1.479248046875,test
2019-05-31 06:30:00,0.19715595245361328,1.948516845703125,0.12248992919921875,0.08221912384033203,1.0342025756835938,0.0,0.8628654479980469,test
2019-05-31 07:00:00,0.12952804565429688,0.19715595245361328,1.948516845703125,0.12248992919921875,0.08221912384033203,1.0342025756835938,0.0,test
2019-05-31 07:30:00,2.1481590270996094,0.12952804565429688,0.19715595245361328,1.948516845703125,0.12248992919921875,0.08221912384033203,1.0342025756835938,test
2019-05-31 08:00:00,0.7222442626953125,2.1481590270996094,0.12952804565429688,0.19715595245361328,1.948516845703125,0.12248992919921875,0.08221912384033203,test
2019-05-31 08:30:00,0.8819427490234375,0.7222442626953125,2.1481590270996094,0.12952804565429688,0.19715595245361328,1.948516845703125,0.12248992919921875,test
2019-05-31 09:00:00,0.005707740783691406,0.8819427490234375,0.7222442626953125,2.1481590270996094,0.12952804565429688,0.19715595245361328,1.948516845703125,test
2019-05-31 09:30:00,0.0,0.005707740783691406,0.8819427490234375,0.7222442626953125,2.1481590270996094,0.12952804565429688,0.19715595245361328,test
2019-05-31 10:00:00,0.00542449951171875,0.0,0.005707740783691406,0.8819427490234375,0.7222442626953125,2.1481590270996094,0.12952804565429688,test
2019-05-31 10:30:00,0.062000274658203125,0.00542449951171875,0.0,0.005707740783691406,0.8819427490234375,0.7222442626953125,2.1481590270996094,test
2019-05-31 11:00:00,0.263671875,0.062000274658203125,0.00542449951171875,0.0,0.005707740783691406,0.8819427490234375,0.7222442626953125,test
2019-05-31 11:30:00,0.06552886962890625,0.263671875,0.062000274658203125,0.00542449951171875,0.0,0.005707740783691406,0.8819427490234375,test
2019-05-31 12:00:00,0.06784820556640625,0.06552886962890625,0.263671875,0.062000274658203125,0.00542449951171875,0.0,0.005707740783691406,test
2019-05-31 12:30:00,0.07235908508300781,0.06784820556640625,0.06552886962890625,0.263671875,0.062000274658203125,0.00542449951171875,0.0,test
2019-05-31 13:00:00,4.546787261962891,0.07235908508300781,0.06784820556640625,0.06552886962890625,0.263671875,0.062000274658203125,0.00542449951171875,test
2019-05-31 13:30:00,0.12215709686279297,4.546787261962891,0.07235908508300781,0.06784820556640625,0.06552886962890625,0.263671875,0.062000274658203125,test
2019-05-31 14:00:00,0.50244140625,0.12215709686279297,4.546787261962891,0.07235908508300781,0.06784820556640625,0.06552886962890625,0.263671875,test
2019-05-31 14:30:00,0.15541839599609375,0.50244140625,0.12215709686279297,4.546787261962891,0.07235908508300781,0.06784820556640625,0.06552886962890625,test
2019-05-31 15:00:00,0.019586563110351562,0.15541839599609375,0.50244140625,0.12215709686279297,4.546787261962891,0.07235908508300781,0.06784820556640625,test
2019-05-31 15:30:00,0.01473236083984375,0.019586563110351562,0.15541839599609375,0.50244140625,0.12215709686279297,4.546787261962891,0.07235908508300781,test
2019-05-31 16:00:00,0.07093143463134766,0.01473236083984375,0.019586563110351562,0.15541839599609375,0.50244140625,0.12215709686279297,4.546787261962891,test
2019-05-31 16:30:00,0.1297760009765625,0.07093143463134766,0.01473236083984375,0.019586563110351562,0.15541839599609375,0.50244140625,0.12215709686279297,test
2019-05-31 17:00:00,0.07917022705078125,0.1297760009765625,0.07093143463134766,0.01473236083984375,0.019586563110351562,0.15541839599609375,0.50244140625,test
2019-05-31 17:30:00,0.22854232788085938,0.07917022705078125,0.1297760009765625,0.07093143463134766,0.01473236083984375,0.019586563110351562,0.15541839599609375,test
2019-05-31 18:00:00,0.0035562515258789062,0.22854232788085938,0.07917022705078125,0.1297760009765625,0.07093143463134766,0.01473236083984375,0.019586563110351562,test
2019-05-31 18:30:00,17.046585083007812,0.0035562515258789062,0.22854232788085938,0.07917022705078125,0.1297760009765625,0.07093143463134766,0.01473236083984375,test
2019-05-31 19:00:00,0.5725297927856445,17.046585083007812,0.0035562515258789062,0.22854232788085938,0.07917022705078125,0.1297760009765625,0.07093143463134766,test
2019-05-31 19:30:00,2.001750946044922,0.5725297927856445,17.046585083007812,0.0035562515258789062,0.22854232788085938,0.07917022705078125,0.1297760009765625,test
2019-05-31 20:00:00,0.6742095947265625,2.001750946044922,0.5725297927856445,17.046585083007812,0.0035562515258789062,0.22854232788085938,0.07917022705078125,test
2019-05-31 20:30:00,0.3101053237915039,0.6742095947265625,2.001750946044922,0.5725297927856445,17.046585083007812,0.0035562515258789062,0.22854232788085938,test
2019-05-31 21:00:00,0.08935546875,0.3101053237915039,0.6742095947265625,2.001750946044922,0.5725297927856445,17.046585083007812,0.0035562515258789062,test
2019-05-31 21:30:00,6.064797401428223,0.08935546875,0.3101053237915039,0.6742095947265625,2.001750946044922,0.5725297927856445,17.046585083007812,test
2019-05-31 22:00:00,0.13364410400390625,6.064797401428223,0.08935546875,0.3101053237915039,0.6742095947265625,2.001750946044922,0.5725297927856445,test
2019-05-31 22:30:00,0.00014400482177734375,0.13364410400390625,6.064797401428223,0.08935546875,0.3101053237915039,0.6742095947265625,2.001750946044922,test
2019-05-31 23:00:00,1.4110565185546875,0.00014400482177734375,0.13364410400390625,6.064797401428223,0.08935546875,0.3101053237915039,0.6742095947265625,test
2019-05-31 23:30:00,1.7115793228149414,1.4110565185546875,0.00014400482177734375,0.13364410400390625,6.064797401428223,0.08935546875,0.3101053237915039,test
2019-06-01 00:00:00,0.296875,1.7115793228149414,1.4110565185546875,0.00014400482177734375,0.13364410400390625,6.064797401428223,0.08935546875,test
