timestamp,actual,persistence
2019-05-25 19:10:00,0.0072601318359375,0.0014839172363281
2019-05-25 19:15:00,0.0130363464355468,0.0072601318359375
2019-05-25 19:20:00,0.0188125610351562,0.0130363464355468
2019-05-25 19:25:00,0.0245887756347656,0.0188125610351562
2019-05-25 19:30:00,0.030364990234375,0.0245887756347656
2019-05-25 19:35:00,0.0210673014322916,0.030364990234375
2019-05-25 19:40:00,0.0178731282552083,0.0210673014322916
2019-05-25 19:45:00,0.014678955078125,0.0178731282552083
2019-05-25 19:50:00,0.0127304077148437,0.014678955078125
2019-05-25 19:55:00,0.0107818603515625,0.0127304077148437
2019-05-25 20:00:00,0.0088333129882812,0.0107818603515625
2019-05-25 20:05:00,0.006884765625,0.0088333129882812
2019-05-25 20:10:00,0.0049362182617187,0.006884765625
2019-05-25 20:15:00,0.0151290893554687,0.0049362182617187
2019-05-25 20:20:00,0.0113801956176757,0.0151290893554687
2019-05-25 20:25:00,0.0076313018798828,0.0113801956176757
2019-05-25 20:30:00,0.0038824081420898,0.0076313018798828
2019-05-25 20:35:00,0.0001335144042968,0.0038824081420898
2019-05-25 20:40:00,0.0106964111328125,0.0001335144042968
2019-05-25 20:45:00,0.00677490234375,0.0106964111328125
2019-05-25 20:50:00,0.0028533935546875,0.00677490234375
2019-05-25 20:55:00,0.0008172988891601,0.0028533935546875
2019-05-25 21:00:00,0.0053163846333821,0.0008172988891601
2019-05-25 21:05:00,0.0,0.0053163846333821
2019-05-25 21:10:00,0.0011329650878906,0.0
2019-05-25 21:15:00,0.0032901255289713,0.0011329650878906
2019-05-25 21:20:00,0.005447285970052,0.0032901255289713
2019-05-25 21:25:00,0.0076044464111328,0.005447285970052
2019-05-25 21:30:00,0.0097616068522135,0.0076044464111328
2019-05-25 21:35:00,0.0119187672932942,0.0097616068522135
2019-05-25 21:40:00,0.014075927734375,0.0119187672932942
2019-05-25 21:45:00,0.2692695030799278,0.014075927734375
2019-05-25 21:50:00,0.0,0.2692695030799278
2019-05-25 21:55:00,0.0001664161682128,0.0
2019-05-25 22:00:00,0.0003328323364257,0.0001664161682128
2019-05-25 22:05:00,0.0004992485046386,0.0003328323364257
2019-05-25 22:10:00,0.0006656646728515,0.0004992485046386
2019-05-25 22:15:00,0.0008320808410644,0.0006656646728515
2019-05-25 22:20:00,0.0009984970092773,0.0008320808410644
2019-05-25 22:25:00,0.0011649131774902,0.0009984970092773
2019-05-25 22:30:00,0.0013313293457031,0.0011649131774902
2019-05-25 22:35:00,0.0087528228759765,0.0013313293457031
2019-05-25 22:40:00,0.01617431640625,0.0087528228759765
2019-05-25 22:45:00,0.0001258850097656,0.01617431640625
2019-05-25 22:50:00,0.0035584767659505,0.0001258850097656
2019-05-25 22:55:00,0.0069910685221354,0.0035584767659505
2019-05-25 23:00:00,0.0104236602783203,0.0069910685221354
2019-05-25 23:05:00,0.0069491068522135,0.0104236602783203
2019-05-25 23:10:00,0.0034745534261067,0.0069491068522135
2019-05-25 23:15:00,0.0,0.0034745534261067
2019-05-25 23:20:00,0.03985595703125,0.0
2019-05-25 23:25:00,0.03564453125,0.03985595703125
2019-05-25 23:30:00,0.03143310546875,0.03564453125
2019-05-25 23:35:00,0.001477559407552,0.03143310546875
2019-05-25 23:40:00,0.0023152033487955,0.001477559407552
2019-05-25 23:45:00,0.003152847290039,0.0023152033487955
2019-05-25 23:50:00,0.0039904912312825,0.003152847290039
2019-05-25 23:55:00,0.004828135172526,0.0039904912312825
2019-05-26 00:00:00,0.0056657791137695,0.004828135172526
2019-05-26 00:05:00,0.006503423055013,0.0056657791137695
2019-05-26 00:10:00,0.0073410669962565,0.006503423055013
2019-05-26 00:15:00,0.0081787109375,0.0073410669962565
2019-05-26 00:20:00,0.0108413696289062,0.0081787109375
2019-05-26 00:25:00,0.0135040283203125,0.0108413696289062
2019-05-26 00:30:00,0.0161666870117187,0.0135040283203125
2019-05-26 00:35:00,0.018829345703125,0.0161666870117187
2019-05-26 00:40:00,0.0214920043945312,0.018829345703125
2019-05-26 00:45:00,0.0241546630859375,0.0214920043945312
2019-05-26 00:50:00,0.0268173217773437,0.0241546630859375
2019-05-26 00:55:00,0.02947998046875,0.0268173217773437
2019-05-26 01:00:00,0.0269571940104166,0.02947998046875
2019-05-26 01:05:00,0.0244344075520833,0.0269571940104166
2019-05-26 01:10:00,0.02191162109375,0.0244344075520833
2019-05-26 01:15:00,0.0193888346354166,0.02191162109375
2019-05-26 01:20:00,0.0168660481770833,0.0193888346354166
2019-05-26 01:25:00,0.01434326171875,0.0168660481770833
2019-05-26 01:30:00,0.038299560546875,0.01434326171875
2019-05-26 01:35:00,0.062255859375,0.038299560546875
2019-05-26 01:40:00,0.0500846862792968,0.062255859375
2019-05-26 01:45:00,0.0379135131835937,0.0500846862792968
2019-05-26 01:50:00,0.0257423400878906,0.0379135131835937
2019-05-26 01:55:00,0.0135711669921875,0.0257423400878906
2019-05-26 02:00:00,0.0013999938964843,0.0135711669921875
2019-05-26 02:05:00,0.0007991790771484,0.0013999938964843
2019-05-26 02:10:00,0.0001983642578125,0.0007991790771484
2019-05-26 02:15:00,0.0013751983642578,0.0001983642578125
2019-05-26 02:20:00,0.0025520324707031,0.0013751983642578
2019-05-26 02:25:00,0.0037288665771484,0.0025520324707031
2019-05-26 02:30:00,0.0049057006835937,0.0037288665771484
2019-05-26 02:35:00,0.006082534790039,0.0049057006835937
2019-05-26 02:40:00,0.0053306579589843,0.006082534790039
2019-05-26 02:45:00,0.0045787811279296,0.0053306579589843
2019-05-26 02:50:00,0.0038269042968749,0.0045787811279296
2019-05-26 02:55:00,0.0030750274658203,0.0038269042968749
2019-05-26 03:00:00,0.0023231506347656,0.0030750274658203
2019-05-26 03:05:00,0.0026473999023437,0.0023231506347656
2019-05-26 03:10:00,0.0029716491699218,0.0026473999023437
2019-05-26 03:15:00,0.0032958984375,0.0029716491699218
2019-05-26 03:20:00,0.0036201477050781,0.0032958984375
2019-05-26 03:25:00,0.0024347305297851,0.0036201477050781
2019-05-26 03:30:00,0.0012493133544921,0.0024347305297851
2019-05-26 03:35:00,6.389617919921875e-05,0.0012493133544921
2019-05-26 03:40:00,0.0059432983398437,6.389617919921875e-05
2019-05-26 03:45:00,0.010953630719866,0.0059432983398437
2019-05-26 03:50:00,0.0159639630998883,0.010953630719866
2019-05-26 03:55:00,0.0209742954799107,0.0159639630998883
2019-05-26 04:00:00,0.025984627859933,0.0209742954799107
2019-05-26 04:05:00,0.0309949602399553,0.025984627859933
2019-05-26 04:10:00,0.0360052926199776,0.0309949602399553
2019-05-26 04:15:00,0.041015625,0.0360052926199776
2019-05-26 04:20:00,0.05987548828125,0.041015625
2019-05-26 04:25:00,0.0464935302734375,0.05987548828125
2019-05-26 04:30:00,0.033111572265625,0.0464935302734375
2019-05-26 04:35:00,0.0197296142578125,0.033111572265625
2019-05-26 04:40:00,0.00634765625,0.0197296142578125
2019-05-26 04:45:00,0.0108439127604166,0.00634765625
2019-05-26 04:50:00,0.0153401692708333,0.0108439127604166
2019-05-26 04:55:00,0.01983642578125,0.0153401692708333
2019-05-26 05:00:00,0.0243326822916666,0.01983642578125
2019-05-26 05:05:00,0.0288289388020833,0.0243326822916666
2019-05-26 05:10:00,0.0333251953125,0.0288289388020833
2019-05-26 05:15:00,0.0168447494506835,0.0333251953125
2019-05-26 05:20:00,0.0003643035888671,0.0168447494506835
2019-05-26 05:25:00,0.04718017578125,0.0003643035888671
2019-05-26 05:30:00,0.03399658203125,0.04718017578125
2019-05-26 05:35:00,0.0233052571614583,0.03399658203125
2019-05-26 05:40:00,0.0126139322916666,0.0233052571614583
2019-05-26 05:45:00,0.001922607421875,0.0126139322916666
2019-05-26 05:50:00,0.00128173828125,0.001922607421875
2019-05-26 05:55:00,0.000640869140625,0.00128173828125
2019-05-26 06:00:00,0.0,0.000640869140625
2019-05-26 06:05:00,0.0001529057820638,0.0
2019-05-26 06:10:00,0.0003058115641276,0.0001529057820638
2019-05-26 06:15:00,0.0004587173461914,0.0003058115641276
2019-05-26 06:20:00,0.0023849010467529,0.0004587173461914
2019-05-26 06:25:00,0.0043110847473144,0.0023849010467529
2019-05-26 06:30:00,0.0062372684478759,0.0043110847473144
2019-05-26 06:35:00,0.0081634521484375,0.0062372684478759
2019-05-26 06:40:00,0.0049641927083333,0.0081634521484375
2019-05-26 06:45:00,0.0017649332682291,0.0049641927083333
2019-05-26 06:50:00,7.724761962890625e-05,0.0017649332682291
2019-05-26 06:55:00,0.0030595064163208,7.724761962890625e-05
2019-05-26 07:00:00,0.0060417652130126,0.0030595064163208
2019-05-26 07:05:00,0.0090240240097045,0.0060417652130126
2019-05-26 07:10:00,0.0120062828063964,0.0090240240097045
2019-05-26 07:15:00,0.0092140436172485,0.0120062828063964
2019-05-26 07:20:00,0.0064218044281005,0.0092140436172485
2019-05-26 07:25:00,0.0036295652389526,0.0064218044281005
2019-05-26 07:30:00,0.0008373260498046,0.0036295652389526
2019-05-26 07:35:00,0.0001440048217773,0.0008373260498046
2019-05-26 07:40:00,0.0002680778503417,0.0001440048217773
2019-05-26 07:45:00,0.0003921508789062,0.0002680778503417
2019-05-26 07:50:00,0.0005162239074707,0.0003921508789062
2019-05-26 07:55:00,0.0006402969360351,0.0005162239074707
2019-05-26 08:00:00,0.0007643699645996,0.0006402969360351
2019-05-26 08:05:00,0.000888442993164,0.0007643699645996
2019-05-26 08:10:00,0.0010125160217285,0.000888442993164
2019-05-26 08:15:00,0.0011365890502929,0.0010125160217285
2019-05-26 08:20:00,0.0012606620788574,0.0011365890502929
2019-05-26 08:25:00,0.0013847351074218,0.0012606620788574
2019-05-26 08:30:00,0.0002632141113281,0.0013847351074218
2019-05-26 08:35:00,0.0052947998046875,0.0002632141113281
2019-05-26 08:40:00,0.0151875813802083,0.0052947998046875
2019-05-26 08:45:00,0.0250803629557291,0.0151875813802083
2019-05-26 08:50:00,0.03497314453125,0.0250803629557291
2019-05-26 08:55:00,0.026257038116455,0.03497314453125
2019-05-26 09:00:00,0.0175409317016601,0.026257038116455
2019-05-26 09:05:00,0.0088248252868652,0.0175409317016601
2019-05-26 09:10:00,0.0001087188720703,0.0088248252868652
2019-05-26 09:15:00,0.0001313686370849,0.0001087188720703
2019-05-26 09:20:00,0.0001540184020996,0.0001313686370849
2019-05-26 09:25:00,0.0001766681671142,0.0001540184020996
2019-05-26 09:30:00,0.0001993179321289,0.0001766681671142
2019-05-26 09:35:00,0.0002219676971435,0.0001993179321289
2019-05-26 09:40:00,0.0002446174621582,0.0002219676971435
2019-05-26 09:45:00,0.0002672672271728,0.0002446174621582
2019-05-26 09:50:00,0.0002899169921875,0.0002672672271728
2019-05-26 09:55:00,0.0003125667572021,0.0002899169921875
2019-05-26 10:00:00,0.0003352165222167,0.0003125667572021
2019-05-26 10:05:00,0.0003578662872314,0.0003352165222167
2019-05-26 10:10:00,0.000380516052246,0.0003578662872314
2019-05-26 10:15:00,0.0016040802001953,0.000380516052246
2019-05-26 10:20:00,0.0028276443481445,0.0016040802001953
2019-05-26 10:25:00,0.0040512084960937,0.0028276443481445
2019-05-26 10:30:00,0.0005264282226562,0.0040512084960937
2019-05-26 10:35:00,0.01580810546875,0.0005264282226562
2019-05-26 10:40:00,0.0007686614990234,0.01580810546875
2019-05-26 10:45:00,0.0148557775160845,0.0007686614990234
2019-05-26 10:50:00,0.002227783203125,0.0148557775160845
2019-05-26 10:55:00,0.0053700711151069,0.002227783203125
2019-05-26 11:00:00,0.0085123590270888,0.0053700711151069
2019-05-26 11:05:00,0.0116546469390707,0.0085123590270888
2019-05-26 11:10:00,0.0147969348510526,0.0116546469390707
2019-05-26 11:15:00,0.0179392227630346,0.0147969348510526
2019-05-26 11:20:00,0.0210815106750165,0.0179392227630346
2019-05-26 11:25:00,0.0242237985869984,0.0210815106750165
2019-05-26 11:30:00,0.009552001953125,0.0242237985869984
2019-05-26 11:35:00,0.00906982421875,0.009552001953125
2019-05-26 11:40:00,0.008587646484375,0.00906982421875
2019-05-26 11:45:00,0.00810546875,0.008587646484375
2019-05-26 11:50:00,0.007623291015625,0.00810546875
2019-05-26 11:55:00,0.00714111328125,0.007623291015625
2019-05-26 12:00:00,0.005950927734375,0.00714111328125
2019-05-26 12:05:00,0.0047607421875,0.005950927734375
2019-05-26 12:10:00,0.003570556640625,0.0047607421875
2019-05-26 12:15:00,0.00238037109375,0.003570556640625
2019-05-26 12:20:00,0.001190185546875,0.00238037109375
2019-05-26 12:25:00,0.0,0.001190185546875
2019-05-26 12:30:00,0.0013961791992187,0.0
2019-05-26 12:35:00,0.0027923583984375,0.0013961791992187
2019-05-26 12:40:00,0.0041885375976562,0.0027923583984375
2019-05-26 12:45:00,0.005584716796875,0.0041885375976562
2019-05-26 12:50:00,0.0069808959960937,0.005584716796875
2019-05-26 12:55:00,0.0083770751953125,0.0069808959960937
2019-05-26 13:00:00,0.0097732543945312,0.0083770751953125
2019-05-26 13:05:00,0.01116943359375,0.0097732543945312
2019-05-26 13:10:00,0.0125656127929687,0.01116943359375
2019-05-26 13:15:00,0.0139617919921875,0.0125656127929687
2019-05-26 13:20:00,0.0127716064453125,0.0139617919921875
2019-05-26 13:25:00,8.869171142578125e-05,0.0127716064453125
2019-05-26 13:30:00,0.000533103942871,8.869171142578125e-05
2019-05-26 13:35:00,0.0002498626708984,0.000533103942871
2019-05-26 13:40:00,0.0011599858601888,0.0002498626708984
2019-05-26 13:45:00,0.0020701090494791,0.0011599858601888
2019-05-26 13:50:00,0.0029802322387695,0.0020701090494791
2019-05-26 13:55:00,0.01263427734375,0.0029802322387695
2019-05-26 14:00:00,0.0095326900482177,0.01263427734375
2019-05-26 14:05:00,0.0064311027526855,0.0095326900482177
2019-05-26 14:10:00,0.0033295154571533,0.0064311027526855
2019-05-26 14:15:00,0.000227928161621,0.0033295154571533
2019-05-26 14:20:00,0.0071868896484375,0.000227928161621
2019-05-26 14:25:00,0.0001993179321289,0.0071868896484375
2019-05-26 14:30:00,0.017974853515625,0.0001993179321289
2019-05-26 14:35:00,0.0136694908142089,0.017974853515625
2019-05-26 14:40:00,0.0093641281127929,0.0136694908142089
2019-05-26 14:45:00,0.0050587654113769,0.0093641281127929
2019-05-26 14:50:00,0.0007534027099609,0.0050587654113769
2019-05-26 14:55:00,0.0261777242024739,0.0007534027099609
2019-05-26 15:00:00,0.0516020456949869,0.0261777242024739
2019-05-26 15:05:00,0.0770263671875,0.0516020456949869
2019-05-26 15:10:00,0.0396575927734375,0.0770263671875
2019-05-26 15:15:00,0.002288818359375,0.0396575927734375
2019-05-26 15:20:00,0.01495361328125,0.002288818359375
2019-05-26 15:25:00,0.009185791015625,0.01495361328125
2019-05-26 15:30:00,0.0107879638671875,0.009185791015625
2019-05-26 15:35:00,0.0114364624023437,0.0107879638671875
2019-05-26 15:40:00,0.0120849609375,0.0114364624023437
2019-05-26 15:45:00,0.0127334594726562,0.0120849609375
2019-05-26 15:50:00,0.0133819580078125,0.0127334594726562
2019-05-26 15:55:00,0.024627685546875,0.0133819580078125
2019-05-26 16:00:00,0.0201416015625,0.024627685546875
2019-05-26 16:05:00,0.0132203102111816,0.0201416015625
2019-05-26 16:10:00,0.0062990188598632,0.0132203102111816
2019-05-26 16:15:00,0.0036973618624503,0.0062990188598632
2019-05-26 16:20:00,0.0010957048650373,0.0036973618624503
2019-05-26 16:25:00,0.0046536008218177,0.0010957048650373
2019-05-26 16:30:00,0.0082114967785981,0.0046536008218177
2019-05-26 16:35:00,0.0117693927353784,0.0082114967785981
2019-05-26 16:40:00,0.0153272886921588,0.0117693927353784
2019-05-26 16:45:00,0.0188851846489392,0.0153272886921588
2019-05-26 16:50:00,0.0224430806057196,0.0188851846489392
2019-05-26 16:55:00,0.0260009765625,0.0224430806057196
2019-05-26 17:00:00,0.0142974853515625,0.0260009765625
2019-05-26 17:05:00,0.0102157592773437,0.0142974853515625
2019-05-26 17:10:00,0.006134033203125,0.0102157592773437
2019-05-26 17:15:00,0.0020523071289062,0.006134033203125
2019-05-26 17:20:00,0.03082275390625,0.0020523071289062
2019-05-26 17:25:00,0.02386474609375,0.03082275390625
2019-05-26 17:30:00,0.0,0.02386474609375
2019-05-26 17:35:00,8.131663004557292e-05,0.0
2019-05-26 17:40:00,0.0001626332600911,8.131663004557292e-05
2019-05-26 17:45:00,0.0002439498901367,0.0001626332600911
2019-05-26 17:50:00,0.0003252665201822,0.0002439498901367
2019-05-26 17:55:00,0.0004065831502278,0.0003252665201822
2019-05-26 18:00:00,0.0004878997802734,0.0004065831502278
2019-05-26 18:05:00,0.0003516515096028,0.0004878997802734
2019-05-26 18:10:00,0.0002154032389322,0.0003516515096028
2019-05-26 18:15:00,7.915496826171875e-05,0.0002154032389322
2019-05-26 18:20:00,0.0015724182128906,7.915496826171875e-05
2019-05-26 18:25:00,0.0030656814575195,0.0015724182128906
2019-05-26 18:30:00,0.0045589447021484,0.0030656814575195
2019-05-26 18:35:00,0.0060522079467773,0.0045589447021484
2019-05-26 18:40:00,0.0075454711914062,0.0060522079467773
2019-05-26 18:45:00,0.0076181512129934,0.0075454711914062
2019-05-26 18:50:00,0.0076908312345805,0.0076181512129934
2019-05-26 18:55:00,0.0077635112561677,0.0076908312345805
2019-05-26 19:00:00,0.0078361912777549,0.0077635112561677
2019-05-26 19:05:00,0.0079088712993421,0.0078361912777549
2019-05-26 19:10:00,0.0079815513209292,0.0079088712993421
2019-05-26 19:15:00,0.0080542313425164,0.0079815513209292
2019-05-26 19:20:00,0.0081269113641036,0.0080542313425164
2019-05-26 19:25:00,0.0081995913856907,0.0081269113641036
2019-05-26 19:30:00,0.0082722714072779,0.0081995913856907
2019-05-26 19:35:00,0.0083449514288651,0.0082722714072779
2019-05-26 19:40:00,0.0084176314504523,0.0083449514288651
2019-05-26 19:45:00,0.0084903114720394,0.0084176314504523
2019-05-26 19:50:00,0.0085629914936266,0.0084903114720394
2019-05-26 19:55:00,0.0086356715152138,0.0085629914936266
2019-05-26 20:00:00,0.0087083515368009,0.0086356715152138
2019-05-26 20:05:00,0.0087810315583881,0.0087083515368009
2019-05-26 20:10:00,0.0088537115799753,0.0087810315583881
2019-05-26 20:15:00,0.0089263916015625,0.0088537115799753
2019-05-26 20:20:00,0.0082650551429161,0.0089263916015625
2019-05-26 20:25:00,0.0076037186842698,0.0082650551429161
2019-05-26 20:30:00,0.0069423822256234,0.0076037186842698
2019-05-26 20:35:00,0.0062810457669771,0.0069423822256234
2019-05-26 20:40:00,0.0056197093083308,0.0062810457669771
2019-05-26 20:45:00,0.0049583728496844,0.0056197093083308
2019-05-26 20:50:00,0.0042970363910381,0.0049583728496844
2019-05-26 20:55:00,0.0036356999323918,0.0042970363910381
2019-05-26 21:00:00,0.0029743634737454,0.0036356999323918
2019-05-26 21:05:00,0.0023130270150991,0.0029743634737454
2019-05-26 21:10:00,0.0016516905564528,0.0023130270150991
2019-05-26 21:15:00,0.0009903540978064,0.0016516905564528
2019-05-26 21:20:00,0.0003290176391601,0.0009903540978064
2019-05-26 21:25:00,0.0005643027169363,0.0003290176391601
2019-05-26 21:30:00,0.0007995877947126,0.0005643027169363
2019-05-26 21:35:00,0.0010348728724888,0.0007995877947126
2019-05-26 21:40:00,0.001270157950265,0.0010348728724888
2019-05-26 21:45:00,0.0015054430280412,0.001270157950265
2019-05-26 21:50:00,0.0017407281058175,0.0015054430280412
2019-05-26 21:55:00,0.0019760131835937,0.0017407281058175
2019-05-26 22:00:00,0.0,0.0019760131835937
2019-05-26 22:05:00,0.001237620478091,0.0
2019-05-26 22:10:00,0.0011415688887886,0.001237620478091
2019-05-26 22:15:00,0.0010455172994862,0.0011415688887886
2019-05-26 22:20:00,0.0009494657101838,0.0010455172994862
2019-05-26 22:25:00,0.0008534141208814,0.0009494657101838
2019-05-26 22:30:00,0.000757362531579,0.0008534141208814
2019-05-26 22:35:00,0.0006613109422766,0.000757362531579
2019-05-26 22:40:00,0.0005652593529742,0.0006613109422766
2019-05-26 22:45:00,0.0004692077636718,0.0005652593529742
2019-05-26 22:50:00,0.03350830078125,0.0004692077636718
2019-05-26 22:55:00,0.032562255859375,0.03350830078125
2019-05-26 23:00:00,0.0316162109375,0.032562255859375
2019-05-26 23:05:00,0.030670166015625,0.0316162109375
2019-05-26 23:10:00,0.0310345274029356,0.030670166015625
2019-05-26 23:15:00,0.0313988887902462,0.0310345274029356
2019-05-26 23:20:00,0.0317632501775568,0.0313988887902462
2019-05-26 23:25:00,0.0321276115648674,0.0317632501775568
2019-05-26 23:30:00,0.032491972952178,0.0321276115648674
2019-05-26 23:35:00,0.0328563343394886,0.032491972952178
2019-05-26 23:40:00,0.0002508163452148,0.0328563343394886
2019-05-26 23:45:00,0.02056884765625,0.0002508163452148
2019-05-26 23:50:00,0.0115795135498046,0.02056884765625
2019-05-26 23:55:00,0.0025901794433593,0.0115795135498046
2019-05-27 00:00:00,0.0022928755679448,0.0025901794433593
2019-05-27 00:05:00,0.0019955716925302,0.0022928755679448
2019-05-27 00:10:00,0.0016982678171157,0.0019955716925302
2019-05-27 00:15:00,0.0014009639417011,0.0016982678171157
2019-05-27 00:20:00,0.0011036600662866,0.0014009639417011
2019-05-27 00:25:00,0.000806356190872,0.0011036600662866
2019-05-27 00:30:00,0.0005090523154575,0.000806356190872
2019-05-27 00:35:00,0.0003506088451066,0.0005090523154575
2019-05-27 00:40:00,0.0001921653747558,0.0003506088451066
2019-05-27 00:45:00,0.0032386779785156,0.0001921653747558
2019-05-27 00:50:00,0.0024147033691406,0.0032386779785156
2019-05-27 00:55:00,0.0037012100219726,0.0024147033691406
2019-05-27 01:00:00,0.0049877166748046,0.0037012100219726
2019-05-27 01:05:00,0.0062742233276367,0.0049877166748046
2019-05-27 01:10:00,0.0075607299804687,0.0062742233276367
2019-05-27 01:15:00,0.0093806385993957,0.0075607299804687
2019-05-27 01:20:00,0.0075045108795166,0.0093806385993957
2019-05-27 01:25:00,0.0056283831596374,0.0075045108795166
2019-05-27 01:30:00,0.0037522554397583,0.0056283831596374
2019-05-27 01:35:00,0.0018761277198791,0.0037522554397583
2019-05-27 01:40:00,0.0,0.0018761277198791
2019-05-27 01:45:00,0.0002517700195312,0.0
2019-05-27 01:50:00,0.0012313842773437,0.0002517700195312
2019-05-27 01:55:00,0.0022109985351562,0.0012313842773437
2019-05-27 02:00:00,0.0031906127929687,0.0022109985351562
2019-05-27 02:05:00,0.0041702270507812,0.0031906127929687
2019-05-27 02:10:00,0.0051498413085937,0.0041702270507812
2019-05-27 02:15:00,0.0114428202311197,0.0051498413085937
2019-05-27 02:20:00,0.0177357991536458,0.0114428202311197
2019-05-27 02:25:00,0.0240287780761718,0.0177357991536458
2019-05-27 02:30:00,0.0303217569986979,0.0240287780761718
2019-05-27 02:35:00,0.0366147359212239,0.0303217569986979
2019-05-27 02:40:00,0.04290771484375,0.0366147359212239
2019-05-27 02:45:00,0.0341415405273437,0.04290771484375
2019-05-27 02:50:00,0.0253753662109375,0.0341415405273437
2019-05-27 02:55:00,0.0166091918945312,0.0253753662109375
2019-05-27 03:00:00,0.007843017578125,0.0166091918945312
2019-05-27 03:05:00,0.0076789855957031,0.007843017578125
2019-05-27 03:10:00,0.0075149536132812,0.0076789855957031
2019-05-27 03:15:00,0.0073509216308593,0.0075149536132812
2019-05-27 03:20:00,0.0071868896484375,0.0073509216308593
2019-05-27 03:25:00,0.0037436485290527,0.0071868896484375
2019-05-27 03:30:00,0.0003004074096679,0.0037436485290527
2019-05-27 03:35:00,6.29425048828125e-05,0.0003004074096679
2019-05-27 03:40:00,0.0117034912109375,6.29425048828125e-05
2019-05-27 03:45:00,0.017120361328125,0.0117034912109375
2019-05-27 03:50:00,0.0272420247395833,0.017120361328125
2019-05-27 03:55:00,0.0373636881510416,0.0272420247395833
2019-05-27 04:00:00,0.0474853515625,0.0373636881510416
2019-05-27 04:05:00,0.0398162841796875,0.0474853515625
2019-05-27 04:10:00,0.032147216796875,0.0398162841796875
2019-05-27 04:15:00,0.0244781494140625,0.032147216796875
2019-05-27 04:20:00,0.01680908203125,0.0244781494140625
2019-05-27 04:25:00,0.0091400146484375,0.01680908203125
2019-05-27 04:30:00,0.0058285168239048,0.0091400146484375
2019-05-27 04:35:00,0.0025170189993722,0.0058285168239048
2019-05-27 04:40:00,0.0016647747584751,0.0025170189993722
2019-05-27 04:45:00,0.0008125305175781,0.0016647747584751
2019-05-27 04:50:00,0.0016649034288194,0.0008125305175781
2019-05-27 04:55:00,0.0025172763400607,0.0016649034288194
2019-05-27 05:00:00,0.003369649251302,0.0025172763400607
2019-05-27 05:05:00,0.0042220221625434,0.003369649251302
2019-05-27 05:10:00,0.0050743950737847,0.0042220221625434
2019-05-27 05:15:00,0.005926767985026,0.0050743950737847
2019-05-27 05:20:00,0.0067791408962673,0.005926767985026
2019-05-27 05:25:00,0.0076315138075086,0.0067791408962673
2019-05-27 05:30:00,0.00848388671875,0.0076315138075086
2019-05-27 05:35:00,0.0016098022460937,0.00848388671875
2019-05-27 05:40:00,0.0012040138244628,0.0016098022460937
2019-05-27 05:45:00,0.000798225402832,0.0012040138244628
2019-05-27 05:50:00,0.0004572868347167,0.000798225402832
2019-05-27 05:55:00,0.0001163482666015,0.0004572868347167
2019-05-27 06:00:00,0.0003582000732421,0.0001163482666015
2019-05-27 06:05:00,0.0006000518798828,0.0003582000732421
2019-05-27 06:10:00,0.0008419036865234,0.0006000518798828
2019-05-27 06:15:00,0.001083755493164,0.0008419036865234
2019-05-27 06:20:00,0.0013256072998046,0.001083755493164
2019-05-27 06:25:00,0.0167760848999023,0.0013256072998046
2019-05-27 06:30:00,0.0322265625,0.0167760848999023
2019-05-27 06:35:00,0.0268722534179687,0.0322265625
2019-05-27 06:40:00,0.0215179443359375,0.0268722534179687
2019-05-27 06:45:00,0.0161636352539062,0.0215179443359375
2019-05-27 06:50:00,0.010809326171875,0.0161636352539062
2019-05-27 06:55:00,0.0054550170898437,0.010809326171875
2019-05-27 07:00:00,0.0,0.0054550170898437
2019-05-27 07:05:00,1.8861558702256945e-05,0.0
2019-05-27 07:10:00,3.772311740451389e-05,1.8861558702256945e-05
2019-05-27 07:15:00,5.658467610677083e-05,3.772311740451389e-05
2019-05-27 07:20:00,7.544623480902778e-05,5.658467610677083e-05
2019-05-27 07:25:00,9.430779351128472e-05,7.544623480902778e-05
2019-05-27 07:30:00,0.0001131693522135,9.430779351128472e-05
2019-05-27 07:35:00,0.0001320309109157,0.0001131693522135
2019-05-27 07:40:00,0.000150892469618,0.0001320309109157
2019-05-27 07:45:00,0.0001697540283203,0.000150892469618
2019-05-27 07:50:00,0.0015071233113606,0.0001697540283203
2019-05-27 07:55:00,0.002844492594401,0.0015071233113606
2019-05-27 08:00:00,0.0041818618774414,0.002844492594401
2019-05-27 08:05:00,0.0055192311604817,0.0041818618774414
2019-05-27 08:10:00,0.0068566004435221,0.0055192311604817
2019-05-27 08:15:00,0.0081939697265625,0.0068566004435221
2019-05-27 08:20:00,0.0015048777803461,0.0081939697265625
2019-05-27 08:25:00,0.0012143926417573,0.0015048777803461
2019-05-27 08:30:00,0.0009239075031686,0.0012143926417573
2019-05-27 08:35:00,0.0006334223645798,0.0009239075031686
2019-05-27 08:40:00,0.0003429372259911,0.0006334223645798
2019-05-27 08:45:00,5.245208740234375e-05,0.0003429372259911
2019-05-27 08:50:00,0.01690673828125,5.245208740234375e-05
2019-05-27 08:55:00,0.01116943359375,0.01690673828125
2019-05-27 09:00:00,0.0447998046875,0.01116943359375
2019-05-27 09:05:00,0.0341851711273193,0.0447998046875
2019-05-27 09:10:00,0.0235705375671386,0.0341851711273193
2019-05-27 09:15:00,0.012955904006958,0.0235705375671386
2019-05-27 09:20:00,0.0023412704467773,0.012955904006958
2019-05-27 09:25:00,0.0015939076741536,0.0023412704467773
2019-05-27 09:30:00,0.0008465449015299,0.0015939076741536
2019-05-27 09:35:00,9.918212890625e-05,0.0008465449015299
2019-05-27 09:40:00,0.0002283368791852,9.918212890625e-05
2019-05-27 09:45:00,0.0003574916294642,0.0002283368791852
2019-05-27 09:50:00,0.0004866463797433,0.0003574916294642
2019-05-27 09:55:00,0.0006158011300223,0.0004866463797433
2019-05-27 10:00:00,0.0007449558803013,0.0006158011300223
2019-05-27 10:05:00,0.0008741106305803,0.0007449558803013
2019-05-27 10:10:00,0.0010032653808593,0.0008741106305803
2019-05-27 10:15:00,0.0027643839518229,0.0010032653808593
2019-05-27 10:20:00,0.0045255025227864,0.0027643839518229
2019-05-27 10:25:00,0.00628662109375,0.0045255025227864
2019-05-27 10:30:00,0.0064529418945312,0.00628662109375
2019-05-27 10:35:00,0.0066192626953125,0.0064529418945312
2019-05-27 10:40:00,0.0067855834960937,0.0066192626953125
2019-05-27 10:45:00,0.006951904296875,0.0067855834960937
2019-05-27 10:50:00,0.0071182250976562,0.006951904296875
2019-05-27 10:55:00,0.0002899169921875,0.0071182250976562
2019-05-27 11:00:00,0.0111923217773437,0.0002899169921875
2019-05-27 11:05:00,0.0220947265625,0.0111923217773437
2019-05-27 11:10:00,0.0112209320068359,0.0220947265625
2019-05-27 11:15:00,0.0003471374511718,0.0112209320068359
2019-05-27 11:20:00,0.0013990402221679,0.0003471374511718
2019-05-27 11:25:00,0.002450942993164,0.0013990402221679
2019-05-27 11:30:00,0.0035028457641601,0.002450942993164
2019-05-27 11:35:00,0.0045547485351562,0.0035028457641601
2019-05-27 11:40:00,0.0,0.0045547485351562
2019-05-27 11:45:00,0.0021476745605468,0.0
2019-05-27 11:50:00,0.0,0.0021476745605468
2019-05-27 11:55:00,0.0184733072916666,0.0
2019-05-27 12:00:00,0.0369466145833333,0.0184733072916666
2019-05-27 12:05:00,0.055419921875,0.0369466145833333
2019-05-27 12:10:00,0.0313720703125,0.055419921875
2019-05-27 12:15:00,0.00732421875,0.0313720703125
2019-05-27 12:20:00,0.0063028335571289,0.00732421875
2019-05-27 12:25:00,0.0052814483642578,0.0063028335571289
2019-05-27 12:30:00,0.0042600631713867,0.0052814483642578
2019-05-27 12:35:00,0.0032386779785156,0.0042600631713867
2019-05-27 12:40:00,0.010009765625,0.0032386779785156
2019-05-27 12:45:00,0.0211335367231226,0.010009765625
2019-05-27 12:50:00,0.0322573078212453,0.0211335367231226
2019-05-27 12:55:00,0.025172067518851,0.0322573078212453
2019-05-27 13:00:00,0.0180868272164567,0.025172067518851
2019-05-27 13:05:00,0.0110015869140625,0.0180868272164567
2019-05-27 13:10:00,0.0056052207946777,0.0110015869140625
2019-05-27 13:15:00,0.0002088546752929,0.0056052207946777
2019-05-27 13:20:00,0.0037025368731954,0.0002088546752929
2019-05-27 13:25:00,0.0003700256347656,0.0037025368731954
2019-05-27 13:30:00,0.0035400390625,0.0003700256347656
2019-05-27 13:35:00,0.002115249633789,0.0035400390625
2019-05-27 13:40:00,0.0006904602050781,0.002115249633789
2019-05-27 13:45:00,0.0045700073242187,0.0006904602050781
2019-05-27 13:50:00,0.0039812723795572,0.0045700073242187
2019-05-27 13:55:00,0.0033925374348958,0.0039812723795572
2019-05-27 14:00:00,0.0028038024902343,0.0033925374348958
2019-05-27 14:05:00,0.001558780670166,0.0028038024902343
2019-05-27 14:10:00,0.0003137588500976,0.001558780670166
2019-05-27 14:15:00,0.0015263557434082,0.0003137588500976
2019-05-27 14:20:00,0.0027389526367187,0.0015263557434082
2019-05-27 14:25:00,0.0013694763183593,0.0027389526367187
2019-05-27 14:30:00,0.0,0.0013694763183593
2019-05-27 14:35:00,0.0001096725463867,0.0
2019-05-27 14:40:00,0.0002193450927734,0.0001096725463867
2019-05-27 14:45:00,0.0003290176391601,0.0002193450927734
2019-05-27 14:50:00,0.0004386901855468,0.0003290176391601
2019-05-27 14:55:00,0.0005483627319335,0.0004386901855468
2019-05-27 15:00:00,0.0006580352783203,0.0005483627319335
2019-05-27 15:05:00,0.0010859171549479,0.0006580352783203
2019-05-27 15:10:00,0.0015137990315755,0.0010859171549479
2019-05-27 15:15:00,0.0019416809082031,0.0015137990315755
2019-05-27 15:20:00,0.02984619140625,0.0019416809082031
2019-05-27 15:25:00,0.0150566101074218,0.02984619140625
2019-05-27 15:30:00,0.0002670288085937,0.0150566101074218
2019-05-27 15:35:00,0.0008411407470703,0.0002670288085937
2019-05-27 15:40:00,0.0014152526855468,0.0008411407470703
2019-05-27 15:45:00,0.0135097503662109,0.0014152526855468
2019-05-27 15:50:00,0.025604248046875,0.0135097503662109
2019-05-27 15:55:00,0.0198259353637695,0.025604248046875
2019-05-27 16:00:00,0.014047622680664,0.0198259353637695
2019-05-27 16:05:00,0.0082693099975585,0.014047622680664
2019-05-27 16:10:00,0.0024909973144531,0.0082693099975585
2019-05-27 16:15:00,0.0061054229736328,0.0024909973144531
2019-05-27 16:20:00,0.0097198486328125,0.0061054229736328
2019-05-27 16:25:00,0.0002431869506835,0.0097198486328125
2019-05-27 16:30:00,0.0019570589065551,0.0002431869506835
2019-05-27 16:35:00,0.0036709308624267,0.0019570589065551
2019-05-27 16:40:00,0.0053848028182983,0.0036709308624267
2019-05-27 16:45:00,0.0070986747741699,0.0053848028182983
2019-05-27 16:50:00,0.0047852198282877,0.0070986747741699
2019-05-27 16:55:00,0.0024717648824055,0.0047852198282877
2019-05-27 17:00:00,0.0001583099365234,0.0024717648824055
2019-05-27 17:05:00,0.0021469116210937,0.0001583099365234
2019-05-27 17:10:00,0.004135513305664,0.0021469116210937
2019-05-27 17:15:00,0.0061241149902343,0.004135513305664
2019-05-27 17:20:00,0.0081127166748046,0.0061241149902343
2019-05-27 17:25:00,0.010101318359375,0.0081127166748046
2019-05-27 17:30:00,0.0027542114257812,0.010101318359375
2019-05-27 17:35:00,0.0014481544494628,0.0027542114257812
2019-05-27 17:40:00,0.0001420974731445,0.0014481544494628
2019-05-27 17:45:00,0.0002894401550292,0.0001420974731445
2019-05-27 17:50:00,0.000436782836914,0.0002894401550292
2019-05-27 17:55:00,0.00676340635131,0.000436782836914
2019-05-27 18:00:00,0.013090029865706,0.00676340635131
2019-05-27 18:05:00,0.019416653380102,0.013090029865706
2019-05-27 18:10:00,0.0087548458214962,0.019416653380102
2019-05-27 18:15:00,0.0077781496625958,0.0087548458214962
2019-05-27 18:20:00,0.0068014535036954,0.0077781496625958
2019-05-27 18:25:00,0.0058247573447949,0.0068014535036954
2019-05-27 18:30:00,0.0048480611858945,0.0058247573447949
2019-05-27 18:35:00,0.0038713650269941,0.0048480611858945
2019-05-27 18:40:00,0.0028946688680937,0.0038713650269941
2019-05-27 18:45:00,0.0019179727091933,0.0028946688680937
2019-05-27 18:50:00,0.0009412765502929,0.0019179727091933
2019-05-27 18:55:00,8.20159912109375e-05,0.0009412765502929
2019-05-27 19:00:00,0.023284912109375,8.20159912109375e-05
2019-05-27 19:05:00,0.025604248046875,0.023284912109375
2019-05-27 19:10:00,0.0215701245247049,0.025604248046875
2019-05-27 19:15:00,0.0175360010025349,0.0215701245247049
2019-05-27 19:20:00,0.0135018774803648,0.0175360010025349
2019-05-27 19:25:00,0.0094677539581948,0.0135018774803648
2019-05-27 19:30:00,0.0,0.0094677539581948
2019-05-27 19:35:00,0.017730712890625,0.0
2019-05-27 19:40:00,0.03546142578125,0.017730712890625
2019-05-27 19:45:00,0.053192138671875,0.03546142578125
2019-05-27 19:50:00,0.0709228515625,0.053192138671875
2019-05-27 19:55:00,0.0139617919921875,0.0709228515625
2019-05-27 20:00:00,0.0045852661132812,0.0139617919921875
2019-05-27 20:05:00,0.0055732727050781,0.0045852661132812
2019-05-27 20:10:00,0.006561279296875,0.0055732727050781
2019-05-27 20:15:00,0.004460334777832,0.006561279296875
2019-05-27 20:20:00,0.002359390258789,0.004460334777832
2019-05-27 20:25:00,0.000258445739746,0.002359390258789
2019-05-27 20:30:00,0.0016750706185539,0.000258445739746
2019-05-27 20:35:00,0.0030916954973618,0.0016750706185539
2019-05-27 20:40:00,0.0045083203761697,0.0030916954973618
2019-05-27 20:45:00,0.0198974609375,0.0045083203761697
2019-05-27 20:50:00,0.02362060546875,0.0198974609375
2019-05-27 20:55:00,0.02734375,0.02362060546875
2019-05-27 21:00:00,0.03106689453125,0.02734375
2019-05-27 21:05:00,0.0266478402273995,0.03106689453125
2019-05-27 21:10:00,0.0222287859235491,0.0266478402273995
2019-05-27 21:15:00,0.0178097316196986,0.0222287859235491
2019-05-27 21:20:00,0.0133906773158482,0.0178097316196986
2019-05-27 21:25:00,0.0089716230119977,0.0133906773158482
2019-05-27 21:30:00,0.0045525687081473,0.0089716230119977
2019-05-27 21:35:00,0.0001335144042968,0.0045525687081473
2019-05-27 21:40:00,0.0017948150634765,0.0001335144042968
2019-05-27 21:45:00,0.0034561157226562,0.0017948150634765
2019-05-27 21:50:00,0.0025491714477539,0.0034561157226562
2019-05-27 21:55:00,0.0016422271728515,0.0025491714477539
2019-05-27 22:00:00,0.0013648986816406,0.0016422271728515
2019-05-27 22:05:00,0.0010875701904296,0.0013648986816406
2019-05-27 22:10:00,0.0008102416992187,0.0010875701904296
2019-05-27 22:15:00,0.0005329132080078,0.0008102416992187
2019-05-27 22:20:00,0.0002555847167968,0.0005329132080078
2019-05-27 22:25:00,0.0003616333007812,0.0002555847167968
2019-05-27 22:30:00,0.0004676818847656,0.0003616333007812
2019-05-27 22:35:00,0.0005737304687499,0.0004676818847656
2019-05-27 22:40:00,0.0006797790527343,0.0005737304687499
2019-05-27 22:45:00,0.0007858276367187,0.0006797790527343
2019-05-27 22:50:00,0.0008918762207031,0.0007858276367187
2019-05-27 22:55:00,0.0009979248046875,0.0008918762207031
2019-05-27 23:00:00,0.0011039733886718,0.0009979248046875
2019-05-27 23:05:00,0.0012100219726562,0.0011039733886718
2019-05-27 23:10:00,0.0013160705566406,0.0012100219726562
2019-05-27 23:15:00,0.0008970896402994,0.0013160705566406
2019-05-27 23:20:00,0.0004781087239583,0.0008970896402994
2019-05-27 23:25:00,5.91278076171875e-05,0.0004781087239583
2019-05-27 23:30:00,7.2479248046875e-05,5.91278076171875e-05
2019-05-27 23:35:00,0.0134687423706054,7.2479248046875e-05
2019-05-27 23:40:00,0.0063858032226562,0.0134687423706054
2019-05-27 23:45:00,0.0048165321350097,0.0063858032226562
2019-05-27 23:50:00,0.0032472610473632,0.0048165321350097
2019-05-27 23:55:00,0.0016779899597167,0.0032472610473632
2019-05-28 00:00:00,0.0001087188720703,0.0016779899597167
2019-05-28 00:05:00,0.0011954307556152,0.0001087188720703
2019-05-28 00:10:00,0.0013621648152669,0.0011954307556152
2019-05-28 00:15:00,0.0015288988749186,0.0013621648152669
2019-05-28 00:20:00,0.0016956329345703,0.0015288988749186
2019-05-28 00:25:00,0.0035641988118489,0.0016956329345703
2019-05-28 00:30:00,0.0054327646891276,0.0035641988118489
2019-05-28 00:35:00,0.0073013305664062,0.0054327646891276
2019-05-28 00:40:00,0.0011711120605468,0.0073013305664062
2019-05-28 00:45:00,0.0224609375,0.0011711120605468
2019-05-28 00:50:00,0.003556034781716,0.0224609375
2019-05-28 00:55:00,0.0032237876545299,0.003556034781716
2019-05-28 01:00:00,0.0028915405273437,0.0032237876545299
2019-05-28 01:05:00,0.0050079345703125,0.0028915405273437
2019-05-28 01:10:00,0.0071243286132812,0.0050079345703125
2019-05-28 01:15:00,0.00924072265625,0.0071243286132812
2019-05-28 01:20:00,0.0113571166992187,0.00924072265625
2019-05-28 01:25:00,0.0134735107421875,0.0113571166992187
2019-05-28 01:30:00,0.0068650245666503,0.0134735107421875
2019-05-28 01:35:00,0.0002565383911132,0.0068650245666503
2019-05-28 01:40:00,0.0065979957580566,0.0002565383911132
2019-05-28 01:45:00,0.012939453125,0.0065979957580566
2019-05-28 01:50:00,0.0104522705078125,0.012939453125
2019-05-28 01:55:00,0.007965087890625,0.0104522705078125
2019-05-28 02:00:00,0.0073605378468831,0.007965087890625
2019-05-28 02:05:00,0.0067559878031412,0.0073605378468831
2019-05-28 02:10:00,0.0061514377593994,0.0067559878031412
2019-05-28 02:15:00,0.0055468877156575,0.0061514377593994
2019-05-28 02:20:00,0.0049423376719156,0.0055468877156575
2019-05-28 02:25:00,0.0043377876281738,0.0049423376719156
2019-05-28 02:30:00,0.0037332375844319,0.0043377876281738
2019-05-28 02:35:00,0.0031286875406901,0.0037332375844319
2019-05-28 02:40:00,0.0025241374969482,0.0031286875406901
2019-05-28 02:45:00,0.0019195874532063,0.0025241374969482
2019-05-28 02:50:00,0.0013150374094645,0.0019195874532063
2019-05-28 02:55:00,0.0007104873657226,0.0013150374094645
2019-05-28 03:00:00,0.0037922859191894,0.0007104873657226
2019-05-28 03:05:00,0.0068740844726562,0.0037922859191894
2019-05-28 03:10:00,0.0008296966552734,0.0068740844726562
2019-05-28 03:15:00,0.0100027864629572,0.0008296966552734
2019-05-28 03:20:00,0.0129468728464545,0.0100027864629572
2019-05-28 03:25:00,0.0097082997044772,0.0129468728464545
2019-05-28 03:30:00,0.0064697265625,0.0097082997044772
2019-05-28 03:35:00,0.00811767578125,0.0064697265625
2019-05-28 03:40:00,0.0002908706665039,0.00811767578125
2019-05-28 03:45:00,0.0155487060546875,0.0002908706665039
2019-05-28 03:50:00,0.0145195007324218,0.0155487060546875
2019-05-28 03:55:00,0.0134902954101562,0.0145195007324218
2019-05-28 04:00:00,0.0124610900878906,0.0134902954101562
2019-05-28 04:05:00,0.011431884765625,0.0124610900878906
2019-05-28 04:10:00,0.0104026794433593,0.011431884765625
2019-05-28 04:15:00,0.0093734741210937,0.0104026794433593
2019-05-28 04:20:00,0.0083442687988281,0.0093734741210937
2019-05-28 04:25:00,0.0073150634765625,0.0083442687988281
2019-05-28 04:30:00,0.0062858581542968,0.0073150634765625
2019-05-28 04:35:00,0.0052566528320312,0.0062858581542968
2019-05-28 04:40:00,0.0027656555175781,0.0052566528320312
2019-05-28 04:45:00,0.000274658203125,0.0027656555175781
2019-05-28 04:50:00,0.0001897811889648,0.000274658203125
2019-05-28 04:55:00,0.0001049041748046,0.0001897811889648
2019-05-28 05:00:00,5.245208740234375e-05,0.0001049041748046
2019-05-28 05:05:00,0.0,5.245208740234375e-05
2019-05-28 05:10:00,0.0001859664916992,0.0
2019-05-28 05:15:00,0.0003719329833984,0.0001859664916992
2019-05-28 05:20:00,0.0002598762512207,0.0003719329833984
2019-05-28 05:25:00,0.0001478195190429,0.0002598762512207
2019-05-28 05:30:00,0.0002894401550292,0.0001478195190429
2019-05-28 05:35:00,0.0004310607910156,0.0002894401550292
2019-05-28 05:40:00,0.0006802876790364,0.0004310607910156
2019-05-28 05:45:00,0.0009295145670572,0.0006802876790364
2019-05-28 05:50:00,0.0011787414550781,0.0009295145670572
2019-05-28 05:55:00,0.0079803466796875,0.0011787414550781
2019-05-28 06:00:00,0.0056101481119791,0.0079803466796875
2019-05-28 06:05:00,0.0032399495442708,0.0056101481119791
2019-05-28 06:10:00,0.0008697509765625,0.0032399495442708
2019-05-28 06:15:00,0.0002002716064453,0.0008697509765625
2019-05-28 06:20:00,0.0012741088867187,0.0002002716064453
2019-05-28 06:25:00,0.001953125,0.0012741088867187
2019-05-28 06:30:00,0.0026321411132812,0.001953125
2019-05-28 06:35:00,0.0033111572265625,0.0026321411132812
2019-05-28 06:40:00,0.0157979329427083,0.0033111572265625
2019-05-28 06:45:00,0.0282847086588541,0.0157979329427083
2019-05-28 06:50:00,0.040771484375,0.0282847086588541
2019-05-28 06:55:00,0.0044174194335937,0.040771484375
2019-05-28 07:00:00,0.0028114318847656,0.0044174194335937
2019-05-28 07:05:00,0.0104084014892578,0.0028114318847656
2019-05-28 07:10:00,0.01800537109375,0.0104084014892578
2019-05-28 07:15:00,0.0306658474904186,0.01800537109375
2019-05-28 07:20:00,0.0156347616663518,0.0306658474904186
2019-05-28 07:25:00,0.0006036758422851,0.0156347616663518
2019-05-28 07:30:00,0.0091519355773925,0.0006036758422851
2019-05-28 07:35:00,0.0177001953125,0.0091519355773925
2019-05-28 07:40:00,0.008575439453125,0.0177001953125
2019-05-28 07:45:00,0.0109634399414062,0.008575439453125
2019-05-28 07:50:00,0.0133514404296875,0.0109634399414062
2019-05-28 07:55:00,0.0157394409179687,0.0133514404296875
2019-05-28 08:00:00,0.01812744140625,0.0157394409179687
2019-05-28 08:05:00,0.0138983726501464,0.01812744140625
2019-05-28 08:10:00,0.0096693038940429,0.0138983726501464
2019-05-28 08:15:00,0.0054402351379394,0.0096693038940429
2019-05-28 08:20:00,0.0012111663818359,0.0054402351379394
2019-05-28 08:25:00,0.0013268788655598,0.0012111663818359
2019-05-28 08:30:00,0.0014425913492838,0.0013268788655598
2019-05-28 08:35:00,0.0015583038330078,0.0014425913492838
2019-05-28 08:40:00,0.000157356262207,0.0015583038330078
2019-05-28 08:45:00,0.0002155303955078,0.000157356262207
2019-05-28 08:50:00,0.0026512145996093,0.0002155303955078
2019-05-28 08:55:00,0.0006322860717773,0.0026512145996093
2019-05-28 09:00:00,0.0031089782714843,0.0006322860717773
2019-05-28 09:05:00,0.0026556650797526,0.0031089782714843
2019-05-28 09:10:00,0.0022023518880208,0.0026556650797526
2019-05-28 09:15:00,0.001749038696289,0.0022023518880208
2019-05-28 09:20:00,0.0034920374552408,0.001749038696289
2019-05-28 09:25:00,0.0052350362141927,0.0034920374552408
2019-05-28 09:30:00,0.0069780349731445,0.0052350362141927
2019-05-28 09:35:00,0.0087210337320963,0.0069780349731445
2019-05-28 09:40:00,0.0104640324910481,0.0087210337320963
2019-05-28 09:45:00,0.01220703125,0.0104640324910481
2019-05-28 09:50:00,0.0008344650268554,0.01220703125
2019-05-28 09:55:00,0.0115494501023065,0.0008344650268554
2019-05-28 10:00:00,0.0023918151855468,0.0115494501023065
2019-05-28 10:05:00,0.0020787375313895,0.0023918151855468
2019-05-28 10:10:00,0.0017656598772321,0.0020787375313895
2019-05-28 10:15:00,0.0014525822230747,0.0017656598772321
2019-05-28 10:20:00,0.0011395045689174,0.0014525822230747
2019-05-28 10:25:00,0.00082642691476,0.0011395045689174
2019-05-28 10:30:00,0.0005133492606026,0.00082642691476
2019-05-28 10:35:00,0.0002002716064453,0.0005133492606026
2019-05-28 10:40:00,0.003212547302246,0.0002002716064453
2019-05-28 10:45:00,0.0026432800292968,0.003212547302246
2019-05-28 10:50:00,0.0020740127563476,0.0026432800292968
2019-05-28 10:55:00,0.0015047454833984,0.0020740127563476
2019-05-28 11:00:00,0.0009354782104492,0.0015047454833984
2019-05-28 11:05:00,0.0003662109375,0.0009354782104492
2019-05-28 11:10:00,0.000274658203125,0.0003662109375
2019-05-28 11:15:00,0.00018310546875,0.000274658203125
2019-05-28 11:20:00,9.1552734375e-05,0.00018310546875
2019-05-28 11:25:00,0.0022989908854166,9.1552734375e-05
2019-05-28 11:30:00,0.0045064290364583,0.0022989908854166
2019-05-28 11:35:00,0.0067138671875,0.0045064290364583
2019-05-28 11:40:00,0.0080413818359375,0.0067138671875
2019-05-28 11:45:00,0.009368896484375,0.0080413818359375
2019-05-28 11:50:00,0.0071909427642822,0.009368896484375
2019-05-28 11:55:00,0.0050129890441894,0.0071909427642822
2019-05-28 12:00:00,0.0028350353240966,0.0050129890441894
2019-05-28 12:05:00,0.0006570816040039,0.0028350353240966
2019-05-28 12:10:00,0.002777099609375,0.0006570816040039
2019-05-28 12:15:00,0.0021079381306966,0.002777099609375
2019-05-28 12:20:00,0.0014387766520182,0.0021079381306966
2019-05-28 12:25:00,0.0007696151733398,0.0014387766520182
2019-05-28 12:30:00,0.0132824691237917,0.0007696151733398
2019-05-28 12:35:00,0.0257953230742436,0.0132824691237917
2019-05-28 12:40:00,0.0129377158584108,0.0257953230742436
2019-05-28 12:45:00,8.0108642578125e-05,0.0129377158584108
2019-05-28 12:50:00,9.822845458984376e-05,8.0108642578125e-05
2019-05-28 12:55:00,0.0011516595498109,9.822845458984376e-05
2019-05-28 13:00:00,0.002205090645032,0.0011516595498109
2019-05-28 13:05:00,0.0032585217402531,0.002205090645032
2019-05-28 13:10:00,0.0031757415869297,0.0032585217402531
2019-05-28 13:15:00,0.0030929614336062,0.0031757415869297
2019-05-28 13:20:00,0.0030101812802828,0.0030929614336062
2019-05-28 13:25:00,0.0029274011269593,0.0030101812802828
2019-05-28 13:30:00,0.0028446209736359,0.0029274011269593
2019-05-28 13:35:00,0.0027618408203125,0.0028446209736359
2019-05-28 13:40:00,0.0015208721160888,0.0027618408203125
2019-05-28 13:45:00,0.0002799034118652,0.0015208721160888
2019-05-28 13:50:00,0.0093410015106201,0.0002799034118652
2019-05-28 13:55:00,0.018402099609375,0.0093410015106201
2019-05-28 14:00:00,0.0062789916992187,0.018402099609375
2019-05-28 14:05:00,0.0065536499023437,0.0062789916992187
2019-05-28 14:10:00,0.0068283081054687,0.0065536499023437
2019-05-28 14:15:00,0.0071029663085937,0.0068283081054687
2019-05-28 14:20:00,0.0073776245117187,0.0071029663085937
2019-05-28 14:25:00,0.0003166198730468,0.0073776245117187
2019-05-28 14:30:00,0.0071868896484375,0.0003166198730468
2019-05-28 14:35:00,0.0036983489990234,0.0071868896484375
2019-05-28 14:40:00,0.0002098083496093,0.0036983489990234
2019-05-28 14:45:00,0.000223159790039,0.0002098083496093
2019-05-28 14:50:00,0.0002365112304687,0.000223159790039
2019-05-28 14:55:00,0.0002498626708984,0.0002365112304687
2019-05-28 15:00:00,0.0039091110229492,0.0002498626708984
2019-05-28 15:05:00,0.007568359375,0.0039091110229492
2019-05-28 15:10:00,0.0088043212890625,0.007568359375
2019-05-28 15:15:00,0.010040283203125,0.0088043212890625
2019-05-28 15:20:00,0.00030517578125,0.010040283203125
2019-05-28 15:25:00,0.0013563632965087,0.00030517578125
2019-05-28 15:30:00,0.0024075508117675,0.0013563632965087
2019-05-28 15:35:00,0.0220947265625,0.0024075508117675
2019-05-28 15:40:00,0.030975341796875,0.0220947265625
2019-05-28 15:45:00,0.0001907348632812,0.030975341796875
2019-05-28 15:50:00,0.0002202987670898,0.0001907348632812
2019-05-28 15:55:00,0.0002498626708984,0.0002202987670898
2019-05-28 16:00:00,0.000279426574707,0.0002498626708984
2019-05-28 16:05:00,0.0003089904785156,0.000279426574707
2019-05-28 16:10:00,0.0003385543823242,0.0003089904785156
2019-05-28 16:15:00,0.0003681182861328,0.0003385543823242
2019-05-28 16:20:00,0.0003976821899414,0.0003681182861328
2019-05-28 16:25:00,0.00042724609375,0.0003976821899414
2019-05-28 16:30:00,0.001082420349121,0.00042724609375
2019-05-28 16:35:00,0.0017375946044921,0.001082420349121
2019-05-28 16:40:00,0.0023927688598632,0.0017375946044921
2019-05-28 16:45:00,0.0030479431152343,0.0023927688598632
2019-05-28 16:50:00,0.0093968709309895,0.0030479431152343
2019-05-28 16:55:00,0.0157457987467447,0.0093968709309895
2019-05-28 17:00:00,0.0220947265625,0.0157457987467447
2019-05-28 17:05:00,0.012550048828125,0.0220947265625
2019-05-28 17:10:00,0.00300537109375,0.012550048828125
2019-05-28 17:15:00,0.0046133104960123,0.00300537109375
2019-05-28 17:20:00,0.0062212498982747,0.0046133104960123
2019-05-28 17:25:00,0.0078291893005371,0.0062212498982747
2019-05-28 17:30:00,0.0003608901326249,0.0078291893005371
2019-05-28 17:35:00,0.0,0.0003608901326249
2019-05-28 17:40:00,0.0008344650268554,0.0
2019-05-28 17:45:00,0.0016689300537109,0.0008344650268554
2019-05-28 17:50:00,0.000218391418457,0.0016689300537109
2019-05-28 17:55:00,0.0032804012298583,0.000218391418457
2019-05-28 18:00:00,0.0063424110412597,0.0032804012298583
2019-05-28 18:05:00,0.0094044208526611,0.0063424110412597
2019-05-28 18:10:00,0.0124664306640625,0.0094044208526611
2019-05-28 18:15:00,0.0111741805344485,0.0124664306640625
2019-05-28 18:20:00,0.0098819304048345,0.0111741805344485
2019-05-28 18:25:00,0.0075633204385135,0.0098819304048345
2019-05-28 18:30:00,0.0052447104721926,0.0075633204385135
2019-05-28 18:35:00,0.0029261005058717,0.0052447104721926
2019-05-28 18:40:00,0.0006074905395507,0.0029261005058717
2019-05-28 18:45:00,0.0002589225769042,0.0006074905395507
2019-05-28 18:50:00,0.05487060546875,0.0002589225769042
2019-05-28 18:55:00,0.0300559997558593,0.05487060546875
2019-05-28 19:00:00,0.0052413940429687,0.0300559997558593
2019-05-28 19:05:00,0.0045961141586303,0.0052413940429687
2019-05-28 19:10:00,0.0039508342742919,0.0045961141586303
2019-05-28 19:15:00,0.0033055543899536,0.0039508342742919
2019-05-28 19:20:00,0.0026602745056152,0.0033055543899536
2019-05-28 19:25:00,0.0020149946212768,0.0026602745056152
2019-05-28 19:30:00,0.0013697147369384,0.0020149946212768
2019-05-28 19:35:00,0.0007244348526,0.0013697147369384
2019-05-28 19:40:00,7.915496826171875e-05,0.0007244348526
2019-05-28 19:45:00,0.0067672729492187,7.915496826171875e-05
2019-05-28 19:50:00,0.0002021789550781,0.0067672729492187
2019-05-28 19:55:00,0.0043582916259765,0.0002021789550781
2019-05-28 20:00:00,0.008514404296875,0.0043582916259765
2019-05-28 20:05:00,0.0057112375895182,0.008514404296875
2019-05-28 20:10:00,0.0029080708821614,0.0057112375895182
2019-05-28 20:15:00,0.0001049041748046,0.0029080708821614
2019-05-28 20:20:00,0.0012617111206054,0.0001049041748046
2019-05-28 20:25:00,0.0024185180664062,0.0012617111206054
2019-05-28 20:30:00,0.0034441266741071,0.0024185180664062
2019-05-28 20:35:00,0.004469735281808,0.0034441266741071
2019-05-28 20:40:00,0.0054953438895089,0.004469735281808
2019-05-28 20:45:00,0.0065209524972098,0.0054953438895089
2019-05-28 20:50:00,0.0075465611049107,0.0065209524972098
2019-05-28 20:55:00,0.0085721697126116,0.0075465611049107
2019-05-28 21:00:00,0.0095977783203125,0.0085721697126116
2019-05-28 21:05:00,0.0072412490844726,0.0095977783203125
2019-05-28 21:10:00,0.0048847198486328,0.0072412490844726
2019-05-28 21:15:00,0.0025281906127929,0.0048847198486328
2019-05-28 21:20:00,0.0001716613769531,0.0025281906127929
2019-05-28 21:25:00,0.0012001991271972,0.0001716613769531
2019-05-28 21:30:00,0.0001306533813476,0.0012001991271972
2019-05-28 21:35:00,0.0001869201660156,0.0001306533813476
2019-05-28 21:40:00,0.0002431869506835,0.0001869201660156
2019-05-28 21:45:00,0.0142970085144042,0.0002431869506835
2019-05-28 21:50:00,0.028350830078125,0.0142970085144042
2019-05-28 21:55:00,0.0189911524454752,0.028350830078125
2019-05-28 22:00:00,0.0096314748128255,0.0189911524454752
2019-05-28 22:05:00,0.0002717971801757,0.0096314748128255
2019-05-28 22:10:00,0.0024056434631347,0.0002717971801757
2019-05-28 22:15:00,0.0045394897460937,0.0024056434631347
2019-05-28 22:20:00,0.0043741861979166,0.0045394897460937
2019-05-28 22:25:00,0.0042088826497395,0.0043741861979166
2019-05-28 22:30:00,0.0040435791015625,0.0042088826497395
2019-05-28 22:35:00,0.000248908996582,0.0040435791015625
2019-05-28 22:40:00,0.0012149810791015,0.000248908996582
2019-05-28 22:45:00,0.0017175674438476,0.0012149810791015
2019-05-28 22:50:00,0.0022201538085937,0.0017175674438476
2019-05-28 22:55:00,0.010009765625,0.0022201538085937
2019-05-28 23:00:00,0.0093002319335937,0.010009765625
2019-05-28 23:05:00,0.0085906982421875,0.0093002319335937
2019-05-28 23:10:00,0.0062675476074218,0.0085906982421875
2019-05-28 23:15:00,0.0039443969726562,0.0062675476074218
2019-05-28 23:20:00,0.000166893005371,0.0039443969726562
2019-05-28 23:25:00,0.0013847351074218,0.000166893005371
2019-05-28 23:30:00,0.0011227130889892,0.0013847351074218
2019-05-28 23:35:00,0.0008606910705566,0.0011227130889892
2019-05-28 23:40:00,0.000598669052124,0.0008606910705566
2019-05-28 23:45:00,0.0003366470336914,0.000598669052124
2019-05-28 23:50:00,0.0009779930114746,0.0003366470336914
2019-05-28 23:55:00,0.0016193389892578,0.0009779930114746
2019-05-29 00:00:00,0.004919687906901,0.0016193389892578
2019-05-29 00:05:00,0.0082200368245442,0.004919687906901
2019-05-29 00:10:00,0.0115203857421875,0.0082200368245442
2019-05-29 00:15:00,0.0319376627604166,0.0115203857421875
2019-05-29 00:20:00,0.0523549397786458,0.0319376627604166
2019-05-29 00:25:00,0.072772216796875,0.0523549397786458
2019-05-29 00:30:00,0.0108528137207031,0.072772216796875
2019-05-29 00:35:00,0.0016288757324218,0.0108528137207031
2019-05-29 00:40:00,0.0011367797851562,0.0016288757324218
2019-05-29 00:45:00,0.0006446838378906,0.0011367797851562
2019-05-29 00:50:00,0.000152587890625,0.0006446838378906
2019-05-29 00:55:00,0.000340461730957,0.000152587890625
2019-05-29 01:00:00,0.0044637431269106,0.000340461730957
2019-05-29 01:05:00,0.006862914043924,0.0044637431269106
2019-05-29 01:10:00,0.0092620849609375,0.006862914043924
2019-05-29 01:15:00,0.0106091499328613,0.0092620849609375
2019-05-29 01:20:00,0.0119562149047851,0.0106091499328613
2019-05-29 01:25:00,0.0133032798767089,0.0119562149047851
2019-05-29 01:30:00,0.0146503448486328,0.0133032798767089
2019-05-29 01:35:00,0.0006542205810546,0.0146503448486328
2019-05-29 01:40:00,0.0005451838175455,0.0006542205810546
2019-05-29 01:45:00,0.0004361470540364,0.0005451838175455
2019-05-29 01:50:00,0.0003271102905273,0.0004361470540364
2019-05-29 01:55:00,0.0002180735270182,0.0003271102905273
2019-05-29 02:00:00,0.0001090367635091,0.0002180735270182
2019-05-29 02:05:00,0.0,0.0001090367635091
2019-05-29 02:10:00,0.0,0.0
2019-05-29 02:15:00,0.0,0.0
2019-05-29 02:20:00,0.0001049041748046,0.0
2019-05-29 02:25:00,0.0018196475973856,0.0001049041748046
2019-05-29 02:30:00,0.0035343910199665,0.0018196475973856
2019-05-29 02:35:00,0.0052491344425474,0.0035343910199665
2019-05-29 02:40:00,0.0069638778651283,0.0052491344425474
2019-05-29 02:45:00,0.0086786212877092,0.0069638778651283
2019-05-29 02:50:00,0.0072321844064244,0.0086786212877092
2019-05-29 02:55:00,0.0057857475251395,0.0072321844064244
2019-05-29 03:00:00,0.0043393106438546,0.0057857475251395
2019-05-29 03:05:00,0.0028928737625697,0.0043393106438546
2019-05-29 03:10:00,0.0014464368812848,0.0028928737625697
2019-05-29 03:15:00,0.0,0.0014464368812848
2019-05-29 03:20:00,0.0005181630452473,0.0
2019-05-29 03:25:00,0.0010363260904947,0.0005181630452473
2019-05-29 03:30:00,0.0015544891357421,0.0010363260904947
2019-05-29 03:35:00,0.0013999938964843,0.0015544891357421
2019-05-29 03:40:00,0.0012454986572265,0.0013999938964843
2019-05-29 03:45:00,0.0010910034179687,0.0012454986572265
2019-05-29 03:50:00,0.0009365081787109,0.0010910034179687
2019-05-29 03:55:00,0.0017440795898437,0.0009365081787109
2019-05-29 04:00:00,0.0025516510009765,0.0017440795898437
2019-05-29 04:05:00,0.0033592224121093,0.0025516510009765
2019-05-29 04:10:00,0.0041667938232421,0.0033592224121093
2019-05-29 04:15:00,0.004974365234375,0.0041667938232421
2019-05-29 04:20:00,0.004591805594308,0.004974365234375
2019-05-29 04:25:00,0.004209245954241,0.004591805594308
2019-05-29 04:30:00,0.0038266863141741,0.004209245954241
2019-05-29 04:35:00,0.0034441266741071,0.0038266863141741
2019-05-29 04:40:00,0.0030615670340401,0.0034441266741071
2019-05-29 04:45:00,0.0026790073939732,0.0030615670340401
2019-05-29 04:50:00,0.0022964477539062,0.0026790073939732
2019-05-29 04:55:00,0.0019804000854492,0.0022964477539062
2019-05-29 05:00:00,0.0016643524169921,0.0019804000854492
2019-05-29 05:05:00,0.0013483047485351,0.0016643524169921
2019-05-29 05:10:00,0.0010322570800781,0.0013483047485351
2019-05-29 05:15:00,0.000716209411621,0.0010322570800781
2019-05-29 05:20:00,0.0006262616413395,0.000716209411621
2019-05-29 05:25:00,0.0064849853515625,0.0006262616413395
2019-05-29 05:30:00,7.43865966796875e-05,0.0064849853515625
2019-05-29 05:35:00,0.0047252178192138,7.43865966796875e-05
2019-05-29 05:40:00,0.009376049041748,0.0047252178192138
2019-05-29 05:45:00,0.0106446743011474,0.009376049041748
2019-05-29 05:50:00,0.0119132995605468,0.0106446743011474
2019-05-29 05:55:00,0.0074119567871093,0.0119132995605468
2019-05-29 06:00:00,0.0029106140136718,0.0074119567871093
2019-05-29 06:05:00,0.0019839604695638,0.0029106140136718
2019-05-29 06:10:00,0.0010573069254557,0.0019839604695638
2019-05-29 06:15:00,0.0001306533813476,0.0010573069254557
2019-05-29 06:20:00,6.532669067382812e-05,0.0001306533813476
2019-05-29 06:25:00,0.0,6.532669067382812e-05
2019-05-29 06:30:00,3.4809112548828125e-05,0.0
2019-05-29 06:35:00,6.961822509765625e-05,3.4809112548828125e-05
2019-05-29 06:40:00,0.0001780986785888,6.961822509765625e-05
2019-05-29 06:45:00,0.00028657913208,0.0001780986785888
2019-05-29 06:50:00,0.0003950595855712,0.00028657913208
2019-05-29 06:55:00,0.0005035400390625,0.0003950595855712
2019-05-29 07:00:00,0.0005146662394205,0.0005035400390625
2019-05-29 07:05:00,0.0005257924397786,0.0005146662394205
2019-05-29 07:10:00,0.0005369186401367,0.0005257924397786
2019-05-29 07:15:00,0.0019172668457031,0.0005369186401367
2019-05-29 07:20:00,0.0032976150512695,0.0019172668457031
2019-05-29 07:25:00,0.0046779632568359,0.0032976150512695
2019-05-29 07:30:00,0.0060583114624023,0.0046779632568359
2019-05-29 07:35:00,0.0074386596679687,0.0060583114624023
2019-05-29 07:40:00,0.0064999262491861,0.0074386596679687
2019-05-29 07:45:00,0.0055611928304036,0.0064999262491861
2019-05-29 07:50:00,0.004622459411621,0.0055611928304036
2019-05-29 07:55:00,0.0036837259928385,0.004622459411621
2019-05-29 08:00:00,0.0027449925740559,0.0036837259928385
2019-05-29 08:05:00,0.0018062591552734,0.0027449925740559
2019-05-29 08:10:00,0.0012998580932617,0.0018062591552734
2019-05-29 08:15:00,0.00079345703125,0.0012998580932617
2019-05-29 08:20:00,0.0002870559692382,0.00079345703125
2019-05-29 08:25:00,0.0003027915954589,0.0002870559692382
2019-05-29 08:30:00,0.0003185272216796,0.0003027915954589
2019-05-29 08:35:00,0.0003342628479003,0.0003185272216796
2019-05-29 08:40:00,0.000349998474121,0.0003342628479003
2019-05-29 08:45:00,0.0003657341003417,0.000349998474121
2019-05-29 08:50:00,0.0003814697265625,0.0003657341003417
2019-05-29 08:55:00,0.0228042602539062,0.0003814697265625
2019-05-29 09:00:00,0.04522705078125,0.0228042602539062
2019-05-29 09:05:00,0.0227632057376024,0.04522705078125
2019-05-29 09:10:00,0.0002993606939548,0.0227632057376024
2019-05-29 09:15:00,0.0042771827883836,0.0002993606939548
2019-05-29 09:20:00,0.0082550048828125,0.0042771827883836
2019-05-29 09:25:00,0.0064949989318847,0.0082550048828125
2019-05-29 09:30:00,0.004734992980957,0.0064949989318847
2019-05-29 09:35:00,0.0029749870300292,0.004734992980957
2019-05-29 09:40:00,0.0012149810791015,0.0029749870300292
2019-05-29 09:45:00,0.0008099873860677,0.0012149810791015
2019-05-29 09:50:00,0.0004049936930338,0.0008099873860677
2019-05-29 09:55:00,0.0,0.0004049936930338
2019-05-29 10:00:00,5.8492024739583336e-05,0.0
2019-05-29 10:05:00,0.0001169840494791,5.8492024739583336e-05
2019-05-29 10:10:00,0.0001754760742187,0.0001169840494791
2019-05-29 10:15:00,0.0024388631184895,0.0001754760742187
2019-05-29 10:20:00,0.0047022501627604,0.0024388631184895
2019-05-29 10:25:00,0.0069656372070312,0.0047022501627604
2019-05-29 10:30:00,0.0031929016113281,0.0069656372070312
2019-05-29 10:35:00,0.0017733573913574,0.0031929016113281
2019-05-29 10:40:00,0.0003538131713867,0.0017733573913574
2019-05-29 10:45:00,0.0031492710113525,0.0003538131713867
2019-05-29 10:50:00,0.0059447288513183,0.0031492710113525
2019-05-29 10:55:00,0.0087401866912841,0.0059447288513183
2019-05-29 11:00:00,0.01153564453125,0.0087401866912841
2019-05-29 11:05:00,0.0060563087463378,0.01153564453125
2019-05-29 11:10:00,0.0005769729614257,0.0060563087463378
2019-05-29 11:15:00,0.0004924138387044,0.0005769729614257
2019-05-29 11:20:00,0.000407854715983,0.0004924138387044
2019-05-29 11:25:00,0.0003232955932617,0.000407854715983
2019-05-29 11:30:00,0.0002387364705403,0.0003232955932617
2019-05-29 11:35:00,0.000154177347819,0.0002387364705403
2019-05-29 11:40:00,6.961822509765625e-05,0.000154177347819
2019-05-29 11:45:00,0.0036702156066894,6.961822509765625e-05
2019-05-29 11:50:00,0.0072708129882812,0.0036702156066894
2019-05-29 11:55:00,0.0055551528930664,0.0072708129882812
2019-05-29 12:00:00,0.0038394927978515,0.0055551528930664
2019-05-29 12:05:00,0.0021238327026367,0.0038394927978515
2019-05-29 12:10:00,0.0011787414550781,0.0021238327026367
2019-05-29 12:15:00,0.0002336502075195,0.0011787414550781
2019-05-29 12:20:00,0.0008792877197265,0.0002336502075195
2019-05-29 12:25:00,0.0089111328125,0.0008792877197265
2019-05-29 12:30:00,0.0047202110290527,0.0089111328125
2019-05-29 12:35:00,0.0005292892456054,0.0047202110290527
2019-05-29 12:40:00,0.0004339218139648,0.0005292892456054
2019-05-29 12:45:00,0.0004940032958984,0.0004339218139648
2019-05-29 12:50:00,0.0027046203613281,0.0004940032958984
2019-05-29 12:55:00,0.0049152374267578,0.0027046203613281
2019-05-29 13:00:00,0.0071258544921875,0.0049152374267578
2019-05-29 13:05:00,0.0057337592629825,0.0071258544921875
2019-05-29 13:10:00,0.0043416640337775,0.0057337592629825
2019-05-29 13:15:00,0.0029495688045726,0.0043416640337775
2019-05-29 13:20:00,0.0015574735753676,0.0029495688045726
2019-05-29 13:25:00,0.0001653783461626,0.0015574735753676
2019-05-29 13:30:00,0.0002393722534179,0.0001653783461626
2019-05-29 13:35:00,0.0068564414978027,0.0002393722534179
2019-05-29 13:40:00,0.0134735107421875,0.0068564414978027
2019-05-29 13:45:00,0.0039901733398437,0.0134735107421875
2019-05-29 13:50:00,0.0073356628417968,0.0039901733398437
2019-05-29 13:55:00,0.01068115234375,0.0073356628417968
2019-05-29 14:00:00,0.0002198219299316,0.01068115234375
2019-05-29 14:05:00,0.0009586811065673,0.0002198219299316
2019-05-29 14:10:00,0.0016975402832031,0.0009586811065673
2019-05-29 14:15:00,0.011199951171875,0.0016975402832031
2019-05-29 14:20:00,0.0001468658447265,0.011199951171875
2019-05-29 14:25:00,0.0006860928101973,0.0001468658447265
2019-05-29 14:30:00,0.001225319775668,0.0006860928101973
2019-05-29 14:35:00,0.0017645467411388,0.001225319775668
2019-05-29 14:40:00,0.0023037737066095,0.0017645467411388
2019-05-29 14:45:00,0.0048978437076915,0.0023037737066095
2019-05-29 14:50:00,0.0074919137087735,0.0048978437076915
2019-05-29 14:55:00,0.0100859837098555,0.0074919137087735
2019-05-29 15:00:00,0.0126800537109375,0.0100859837098555
2019-05-29 15:05:00,0.0084994633992513,0.0126800537109375
2019-05-29 15:10:00,0.0043188730875651,0.0084994633992513
2019-05-29 15:15:00,0.0001382827758789,0.0043188730875651
2019-05-29 15:20:00,0.0016007423400878,0.0001382827758789
2019-05-29 15:25:00,0.0030632019042968,0.0016007423400878
2019-05-29 15:30:00,0.011505126953125,0.0030632019042968
2019-05-29 15:35:00,0.0049285888671875,0.011505126953125
2019-05-29 15:40:00,0.00701904296875,0.0049285888671875
2019-05-29 15:45:00,0.011444091796875,0.00701904296875
2019-05-29 15:50:00,0.0488128662109375,0.011444091796875
2019-05-29 15:55:00,0.086181640625,0.0488128662109375
2019-05-29 16:00:00,0.0482177734375,0.086181640625
2019-05-29 16:05:00,0.0001335144042968,0.0482177734375
2019-05-29 16:10:00,0.0001395543416341,0.0001335144042968
2019-05-29 16:15:00,0.0001455942789713,0.0001395543416341
2019-05-29 16:20:00,0.0001516342163085,0.0001455942789713
2019-05-29 16:25:00,0.006629467010498,0.0001516342163085
2019-05-29 16:30:00,0.0131072998046875,0.006629467010498
2019-05-29 16:35:00,0.0011501312255859,0.0131072998046875
2019-05-29 16:40:00,0.0151290893554687,0.0011501312255859
2019-05-29 16:45:00,0.0291080474853515,0.0151290893554687
2019-05-29 16:50:00,0.0430870056152343,0.0291080474853515
2019-05-29 16:55:00,0.0570659637451171,0.0430870056152343
2019-05-29 17:00:00,0.071044921875,0.0570659637451171
2019-05-29 17:05:00,0.0474160512288411,0.071044921875
2019-05-29 17:10:00,0.0237871805826822,0.0474160512288411
2019-05-29 17:15:00,0.0001583099365234,0.0237871805826822
2019-05-29 17:20:00,0.000279426574707,0.0001583099365234
2019-05-29 17:25:00,0.0004005432128906,0.000279426574707
2019-05-29 17:30:00,0.0005788803100585,0.0004005432128906
2019-05-29 17:35:00,0.0050654411315917,0.0005788803100585
2019-05-29 17:40:00,0.009552001953125,0.0050654411315917
2019-05-29 17:45:00,0.0075899759928385,0.009552001953125
2019-05-29 17:50:00,0.005627950032552,0.0075899759928385
2019-05-29 17:55:00,0.0036659240722656,0.005627950032552
2019-05-29 18:00:00,0.0021872520446777,0.0036659240722656
2019-05-29 18:05:00,0.0007085800170898,0.0021872520446777
2019-05-29 18:10:00,0.0002431869506835,0.0007085800170898
2019-05-29 18:15:00,0.009674072265625,0.0002431869506835
2019-05-29 18:20:00,0.0088022405450994,0.009674072265625
2019-05-29 18:25:00,0.0079304088245738,0.0088022405450994
2019-05-29 18:30:00,0.0070585771040482,0.0079304088245738
2019-05-29 18:35:00,0.0061867453835227,0.0070585771040482
2019-05-29 18:40:00,0.0053149136629971,0.0061867453835227
2019-05-29 18:45:00,0.0044430819424715,0.0053149136629971
2019-05-29 18:50:00,0.003571250221946,0.0044430819424715
2019-05-29 18:55:00,0.0026994185014204,0.003571250221946
2019-05-29 19:00:00,0.0018275867808948,0.0026994185014204
2019-05-29 19:05:00,0.0009557550603693,0.0018275867808948
2019-05-29 19:10:00,8.392333984375e-05,0.0009557550603693
2019-05-29 19:15:00,0.0032157897949218,8.392333984375e-05
2019-05-29 19:20:00,0.00634765625,0.0032157897949218
2019-05-29 19:25:00,0.005597432454427,0.00634765625
2019-05-29 19:30:00,0.0048472086588541,0.005597432454427
2019-05-29 19:35:00,0.0040969848632812,0.0048472086588541
2019-05-29 19:40:00,0.0118255615234375,0.0040969848632812
2019-05-29 19:45:00,0.0027885437011718,0.0118255615234375
2019-05-29 19:50:00,0.009857177734375,0.0027885437011718
2019-05-29 19:55:00,0.0003919601440429,0.009857177734375
2019-05-29 20:00:00,0.0019794040256076,0.0003919601440429
2019-05-29 20:05:00,0.0035668479071723,0.0019794040256076
2019-05-29 20:10:00,0.0051542917887369,0.0035668479071723
2019-05-29 20:15:00,0.0067417356703016,0.0051542917887369
2019-05-29 20:20:00,0.0083291795518663,0.0067417356703016
2019-05-29 20:25:00,0.0099166234334309,0.0083291795518663
2019-05-29 20:30:00,0.0115040673149956,0.0099166234334309
2019-05-29 20:35:00,0.0130915111965603,0.0115040673149956
2019-05-29 20:40:00,0.014678955078125,0.0130915111965603
2019-05-29 20:45:00,0.0133841378348214,0.014678955078125
2019-05-29 20:50:00,0.0120893205915178,0.0133841378348214
2019-05-29 20:55:00,0.0107945033482142,0.0120893205915178
2019-05-29 21:00:00,0.0094996861049107,0.0107945033482142
2019-05-29 21:05:00,0.0082048688616071,0.0094996861049107
2019-05-29 21:10:00,0.0069100516183035,0.0082048688616071
2019-05-29 21:15:00,0.005615234375,0.0069100516183035
2019-05-29 21:20:00,0.0048873083932059,0.005615234375
2019-05-29 21:25:00,0.0041593824114118,0.0048873083932059
2019-05-29 21:30:00,0.0034314564296177,0.0041593824114118
2019-05-29 21:35:00,0.0027035304478236,0.0034314564296177
2019-05-29 21:40:00,0.0019756044660295,0.0027035304478236
2019-05-29 21:45:00,0.0012476784842354,0.0019756044660295
2019-05-29 21:50:00,0.0005197525024414,0.0012476784842354
2019-05-29 21:55:00,0.0003318786621093,0.0005197525024414
2019-05-29 22:00:00,0.0001440048217773,0.0003318786621093
2019-05-29 22:05:00,0.0071029663085937,0.0001440048217773
2019-05-29 22:10:00,0.03509521484375,0.0071029663085937
2019-05-29 22:15:00,0.016265869140625,0.03509521484375
2019-05-29 22:20:00,0.0068055788675944,0.016265869140625
2019-05-29 22:25:00,0.0090484619140625,0.0068055788675944
2019-05-29 22:30:00,0.000227928161621,0.0090484619140625
2019-05-29 22:35:00,0.0004835128784179,0.000227928161621
2019-05-29 22:40:00,0.0007390975952148,0.0004835128784179
2019-05-29 22:45:00,0.0013209184010823,0.0007390975952148
2019-05-29 22:50:00,0.0019027392069498,0.0013209184010823
2019-05-29 22:55:00,0.0024845600128173,0.0019027392069498
2019-05-29 23:00:00,0.0030663808186848,0.0024845600128173
2019-05-29 23:05:00,0.0036482016245524,0.0030663808186848
2019-05-29 23:10:00,0.0042300224304199,0.0036482016245524
2019-05-29 23:15:00,0.0048118432362874,0.0042300224304199
2019-05-29 23:20:00,0.0053936640421549,0.0048118432362874
2019-05-29 23:25:00,0.0059754848480224,0.0053936640421549
2019-05-29 23:30:00,0.0065573056538899,0.0059754848480224
2019-05-29 23:35:00,0.0071391264597574,0.0065573056538899
2019-05-29 23:40:00,0.007720947265625,0.0071391264597574
2019-05-29 23:45:00,0.0064727783203125,0.007720947265625
2019-05-29 23:50:00,0.005224609375,0.0064727783203125
2019-05-29 23:55:00,0.0039764404296875,0.005224609375
2019-05-30 00:00:00,0.002728271484375,0.0039764404296875
2019-05-30 00:05:00,0.0014801025390625,0.002728271484375
2019-05-30 00:10:00,0.0004425048828125,0.0014801025390625
2019-05-30 00:15:00,0.00506591796875,0.0004425048828125
2019-05-30 00:20:00,0.0096893310546875,0.00506591796875
2019-05-30 00:25:00,0.0062160491943359,0.0096893310546875
2019-05-30 00:30:00,0.0027427673339843,0.0062160491943359
2019-05-30 00:35:00,0.0005655288696289,0.0027427673339843
2019-05-30 00:40:00,0.03839111328125,0.0005655288696289
2019-05-30 00:45:00,0.0258267720540364,0.03839111328125
2019-05-30 00:50:00,0.0132624308268229,0.0258267720540364
2019-05-30 00:55:00,0.0006980895996093,0.0132624308268229
2019-05-30 01:00:00,0.005017598470052,0.0006980895996093
2019-05-30 01:05:00,0.0093371073404947,0.005017598470052
2019-05-30 01:10:00,0.0136566162109375,0.0093371073404947
2019-05-30 01:15:00,0.0094038645426432,0.0136566162109375
2019-05-30 01:20:00,0.0051511128743489,0.0094038645426432
2019-05-30 01:25:00,0.0008983612060546,0.0051511128743489
2019-05-30 01:30:00,0.03369140625,0.0008983612060546
2019-05-30 01:35:00,0.0008690304226345,0.03369140625
2019-05-30 01:40:00,0.0095006589536313,0.0008690304226345
2019-05-30 01:45:00,0.0181322874846281,0.0095006589536313
2019-05-30 01:50:00,0.026763916015625,0.0181322874846281
2019-05-30 01:55:00,0.0156402587890625,0.026763916015625
2019-05-30 02:00:00,0.0045166015625,0.0156402587890625
2019-05-30 02:05:00,0.0034942626953125,0.0045166015625
2019-05-30 02:10:00,0.002471923828125,0.0034942626953125
2019-05-30 02:15:00,0.0014495849609375,0.002471923828125
2019-05-30 02:20:00,0.00042724609375,0.0014495849609375
2019-05-30 02:25:00,0.0018844956077188,0.00042724609375
2019-05-30 02:30:00,0.0033417451216877,0.0018844956077188
2019-05-30 02:35:00,0.0047989946356566,0.0033417451216877
2019-05-30 02:40:00,0.0062562441496255,0.0047989946356566
2019-05-30 02:45:00,0.0077134936635944,0.0062562441496255
2019-05-30 02:50:00,0.0091707431775633,0.0077134936635944
2019-05-30 02:55:00,0.0106279926915322,0.0091707431775633
2019-05-30 03:00:00,0.0002317428588867,0.0106279926915322
2019-05-30 03:05:00,0.0005472501118977,0.0002317428588867
2019-05-30 03:10:00,0.0008627573649088,0.0005472501118977
2019-05-30 03:15:00,0.0011782646179199,0.0008627573649088
2019-05-30 03:20:00,0.0014937718709309,0.0011782646179199
2019-05-30 03:25:00,0.001809279123942,0.0014937718709309
2019-05-30 03:30:00,0.0021247863769531,0.001809279123942
2019-05-30 03:35:00,0.0093841552734375,0.0021247863769531
2019-05-30 03:40:00,0.0049481391906738,0.0093841552734375
2019-05-30 03:45:00,0.0005121231079101,0.0049481391906738
2019-05-30 03:50:00,0.0003142356872558,0.0005121231079101
2019-05-30 03:55:00,0.0001163482666015,0.0003142356872558
2019-05-30 04:00:00,0.0020942687988281,0.0001163482666015
2019-05-30 04:05:00,0.0040721893310546,0.0020942687988281
2019-05-30 04:10:00,0.0060501098632812,0.0040721893310546
2019-05-30 04:15:00,0.0001707077026367,0.0060501098632812
2019-05-30 04:20:00,0.0011545419692993,0.0001707077026367
2019-05-30 04:25:00,0.0021383762359619,0.0011545419692993
2019-05-30 04:30:00,0.0031222105026245,0.0021383762359619
2019-05-30 04:35:00,0.0041060447692871,0.0031222105026245
2019-05-30 04:40:00,0.0050898790359497,0.0041060447692871
2019-05-30 04:45:00,0.0060737133026123,0.0050898790359497
2019-05-30 04:50:00,0.0070575475692749,0.0060737133026123
2019-05-30 04:55:00,0.0080413818359375,0.0070575475692749
2019-05-30 05:00:00,0.008575439453125,0.0080413818359375
2019-05-30 05:05:00,0.0001192092895507,0.008575439453125
2019-05-30 05:10:00,0.0001567204793294,0.0001192092895507
2019-05-30 05:15:00,0.000194231669108,0.0001567204793294
2019-05-30 05:20:00,0.0002317428588867,0.000194231669108
2019-05-30 05:25:00,0.0008195241292317,0.0002317428588867
2019-05-30 05:30:00,0.0014073053995768,0.0008195241292317
2019-05-30 05:35:00,0.0019950866699218,0.0014073053995768
2019-05-30 05:40:00,0.0059673565776408,0.0019950866699218
2019-05-30 05:45:00,0.0099396264853597,0.0059673565776408
2019-05-30 05:50:00,0.0006593976702008,0.0099396264853597
2019-05-30 05:55:00,0.0070419311523437,0.0006593976702008
2019-05-30 06:00:00,0.0078786214192708,0.0070419311523437
2019-05-30 06:05:00,0.0087153116861979,0.0078786214192708
2019-05-30 06:10:00,0.009552001953125,0.0087153116861979
2019-05-30 06:15:00,0.0023628696799278,0.009552001953125
2019-05-30 06:20:00,0.0072468034923076,0.0023628696799278
2019-05-30 06:25:00,0.0121307373046875,0.0072468034923076
2019-05-30 06:30:00,0.0005557018777598,0.0121307373046875
2019-05-30 06:35:00,0.0401948431263799,0.0005557018777598
2019-05-30 06:40:00,0.079833984375,0.0401948431263799
2019-05-30 06:45:00,0.0108990139431423,0.079833984375
2019-05-30 06:50:00,0.0002422332763671,0.0108990139431423
2019-05-30 06:55:00,0.0001891454060872,0.0002422332763671
2019-05-30 07:00:00,0.0078994433085123,0.0001891454060872
2019-05-30 07:05:00,0.0156097412109375,0.0078994433085123
2019-05-30 07:10:00,0.014678955078125,0.0156097412109375
2019-05-30 07:15:00,0.0137481689453125,0.014678955078125
2019-05-30 07:20:00,0.0233840942382812,0.0137481689453125
2019-05-30 07:25:00,0.03302001953125,0.0233840942382812
2019-05-30 07:30:00,0.0166015625,0.03302001953125
2019-05-30 07:35:00,0.00018310546875,0.0166015625
2019-05-30 07:40:00,0.0001344680786132,0.00018310546875
2019-05-30 07:45:00,0.0003315607706705,0.0001344680786132
2019-05-30 07:50:00,0.0005286534627278,0.0003315607706705
2019-05-30 07:55:00,0.0007257461547851,0.0005286534627278
2019-05-30 08:00:00,0.0001688003540039,0.0007257461547851
2019-05-30 08:05:00,0.0002975463867187,0.0001688003540039
2019-05-30 08:10:00,0.0002336502075195,0.0002975463867187
2019-05-30 08:15:00,0.0001697540283203,0.0002336502075195
2019-05-30 08:20:00,0.0008840791110334,0.0001697540283203
2019-05-30 08:25:00,0.0015984041937466,0.0008840791110334
2019-05-30 08:30:00,0.0023127292764597,0.0015984041937466
2019-05-30 08:35:00,0.0030270543591729,0.0023127292764597
2019-05-30 08:40:00,0.0037413794418861,0.0030270543591729
2019-05-30 08:45:00,0.0002126693725585,0.0037413794418861
2019-05-30 08:50:00,0.006235122680664,0.0002126693725585
2019-05-30 08:55:00,0.0033245086669921,0.006235122680664
2019-05-30 09:00:00,0.0004138946533203,0.0033245086669921
2019-05-30 09:05:00,0.0004639279751377,0.0004138946533203
2019-05-30 09:10:00,0.0005139612969551,0.0004639279751377
2019-05-30 09:15:00,0.0005639946187725,0.0005139612969551
2019-05-30 09:20:00,0.0006140279405899,0.0005639946187725
2019-05-30 09:25:00,0.0004019045647774,0.0006140279405899
2019-05-30 09:30:00,0.0001897811889648,0.0004019045647774
2019-05-30 09:35:00,0.0001716613769531,0.0001897811889648
2019-05-30 09:40:00,0.0001535415649414,0.0001716613769531
2019-05-30 09:45:00,0.0001158714294433,0.0001535415649414
2019-05-30 09:50:00,7.82012939453125e-05,0.0001158714294433
2019-05-30 09:55:00,8.187975202287947e-05,7.82012939453125e-05
2019-05-30 10:00:00,8.555821010044642e-05,8.187975202287947e-05
2019-05-30 10:05:00,8.923666817801339e-05,8.555821010044642e-05
2019-05-30 10:10:00,9.291512625558036e-05,8.923666817801339e-05
2019-05-30 10:15:00,9.659358433314731e-05,9.291512625558036e-05
2019-05-30 10:20:00,0.0001002720424107,9.659358433314731e-05
2019-05-30 10:25:00,0.0001039505004882,0.0001002720424107
2019-05-30 10:30:00,0.011749267578125,0.0001039505004882
2019-05-30 10:35:00,0.0078328450520833,0.011749267578125
2019-05-30 10:40:00,0.0039164225260416,0.0078328450520833
2019-05-30 10:45:00,0.0,0.0039164225260416
2019-05-30 10:50:00,0.0003643035888671,0.0
2019-05-30 10:55:00,0.0007286071777343,0.0003643035888671
2019-05-30 11:00:00,0.0010929107666015,0.0007286071777343
2019-05-30 11:05:00,0.05780029296875,0.0010929107666015
2019-05-30 11:10:00,0.0003786087036132,0.05780029296875
2019-05-30 11:15:00,9.5367431640625e-07,0.0003786087036132
2019-05-30 11:20:00,0.0029067993164062,9.5367431640625e-07
2019-05-30 11:25:00,0.0041534423828125,0.0029067993164062
2019-05-30 11:30:00,0.0054000854492187,0.0041534423828125
2019-05-30 11:35:00,0.006646728515625,0.0054000854492187
2019-05-30 11:40:00,0.0078933715820312,0.006646728515625
2019-05-30 11:45:00,0.0091400146484375,0.0078933715820312
2019-05-30 11:50:00,0.0075721740722656,0.0091400146484375
2019-05-30 11:55:00,0.0060043334960937,0.0075721740722656
2019-05-30 12:00:00,0.0040876070658365,0.0060043334960937
2019-05-30 12:05:00,0.0021708806355794,0.0040876070658365
2019-05-30 12:10:00,0.0002541542053222,0.0021708806355794
2019-05-30 12:15:00,0.0002026557922363,0.0002541542053222
2019-05-30 12:20:00,0.0004539489746093,0.0002026557922363
2019-05-30 12:25:00,0.0001029968261718,0.0004539489746093
2019-05-30 12:30:00,0.0001091957092285,0.0001029968261718
2019-05-30 12:35:00,0.0001153945922851,0.0001091957092285
2019-05-30 12:40:00,0.0002117156982421,0.0001153945922851
2019-05-30 12:45:00,0.0001144409179687,0.0002117156982421
2019-05-30 12:50:00,0.0021095275878906,0.0001144409179687
2019-05-30 12:55:00,0.02325439453125,0.0021095275878906
2019-05-30 13:00:00,0.0186260223388671,0.02325439453125
2019-05-30 13:05:00,0.0139976501464843,0.0186260223388671
2019-05-30 13:10:00,0.0093692779541015,0.0139976501464843
2019-05-30 13:15:00,0.0047409057617187,0.0093692779541015
2019-05-30 13:20:00,0.0001125335693359,0.0047409057617187
2019-05-30 13:25:00,0.0014741420745849,0.0001125335693359
2019-05-30 13:30:00,0.0028357505798339,0.0014741420745849
2019-05-30 13:35:00,0.0029513835906982,0.0028357505798339
2019-05-30 13:40:00,0.0030670166015625,0.0029513835906982
2019-05-30 13:45:00,0.0001420974731445,0.0030670166015625
2019-05-30 13:50:00,0.0001313686370849,0.0001420974731445
2019-05-30 13:55:00,0.0001206398010253,0.0001313686370849
2019-05-30 14:00:00,0.0001099109649658,0.0001206398010253
2019-05-30 14:05:00,9.918212890625e-05,0.0001099109649658
2019-05-30 14:10:00,9.282430013020832e-05,9.918212890625e-05
2019-05-30 14:15:00,8.646647135416667e-05,9.282430013020832e-05
2019-05-30 14:20:00,8.0108642578125e-05,8.646647135416667e-05
2019-05-30 14:25:00,0.0018717447916666,8.0108642578125e-05
2019-05-30 14:30:00,0.0036633809407552,0.0018717447916666
2019-05-30 14:35:00,0.0054550170898437,0.0036633809407552
2019-05-30 14:40:00,0.008380126953125,0.0054550170898437
2019-05-30 14:45:00,0.0113052368164062,0.008380126953125
2019-05-30 14:50:00,0.0142303466796875,0.0113052368164062
2019-05-30 14:55:00,0.0171554565429687,0.0142303466796875
2019-05-30 15:00:00,0.02008056640625,0.0171554565429687
2019-05-30 15:05:00,0.0103263854980468,0.02008056640625
2019-05-30 15:10:00,0.0005722045898437,0.0103263854980468
2019-05-30 15:15:00,0.00689697265625,0.0005722045898437
2019-05-30 15:20:00,0.0048070320716271,0.00689697265625
2019-05-30 15:25:00,0.0027170914870042,0.0048070320716271
2019-05-30 15:30:00,0.0006271509023813,0.0027170914870042
2019-05-30 15:35:00,0.0014139933463854,0.0006271509023813
2019-05-30 15:40:00,0.0022008357903896,0.0014139933463854
2019-05-30 15:45:00,0.0029876782343937,0.0022008357903896
2019-05-30 15:50:00,0.0037745206783979,0.0029876782343937
2019-05-30 15:55:00,0.004561363122402,0.0037745206783979
2019-05-30 16:00:00,0.0053482055664062,0.004561363122402
2019-05-30 16:05:00,0.0042559305826822,0.0053482055664062
2019-05-30 16:10:00,0.0031636555989583,0.0042559305826822
2019-05-30 16:15:00,0.0020713806152343,0.0031636555989583
2019-05-30 16:20:00,0.0019393920898437,0.0020713806152343
2019-05-30 16:25:00,0.0018074035644531,0.0019393920898437
2019-05-30 16:30:00,0.0016754150390625,0.0018074035644531
2019-05-30 16:35:00,0.0015434265136718,0.0016754150390625
2019-05-30 16:40:00,0.0014114379882812,0.0015434265136718
2019-05-30 16:45:00,0.0008106231689453,0.0014114379882812
2019-05-30 16:50:00,0.0002098083496093,0.0008106231689453
2019-05-30 16:55:00,0.0003485679626464,0.0002098083496093
2019-05-30 17:00:00,0.0004873275756835,0.0003485679626464
2019-05-30 17:05:00,0.0004510879516601,0.0004873275756835
2019-05-30 17:10:00,0.0050601959228515,0.0004510879516601
2019-05-30 17:15:00,0.0096693038940429,0.0050601959228515
2019-05-30 17:20:00,0.0142784118652343,0.0096693038940429
2019-05-30 17:25:00,0.0188875198364257,0.0142784118652343
2019-05-30 17:30:00,0.0234966278076171,0.0188875198364257
2019-05-30 17:35:00,0.0281057357788085,0.0234966278076171
2019-05-30 17:40:00,0.03271484375,0.0281057357788085
2019-05-30 17:45:00,0.0280320572130607,0.03271484375
2019-05-30 17:50:00,0.0233492706761215,0.0280320572130607
2019-05-30 17:55:00,0.0186664841391823,0.0233492706761215
2019-05-30 18:00:00,0.0139836976022431,0.0186664841391823
2019-05-30 18:05:00,0.0093009110653039,0.0139836976022431
2019-05-30 18:10:00,0.0046181245283647,0.0093009110653039
2019-05-30 18:15:00,0.0031076778065074,0.0046181245283647
2019-05-30 18:20:00,0.0015972310846502,0.0031076778065074
2019-05-30 18:25:00,8.678436279296875e-05,0.0015972310846502
2019-05-30 18:30:00,0.0018902778625488,8.678436279296875e-05
2019-05-30 18:35:00,0.0036937713623046,0.0018902778625488
2019-05-30 18:40:00,0.0085092544555664,0.0036937713623046
2019-05-30 18:45:00,0.0133247375488281,0.0085092544555664
2019-05-30 18:50:00,0.0079345703125,0.0133247375488281
2019-05-30 18:55:00,0.0025444030761718,0.0079345703125
2019-05-30 19:00:00,0.0046710968017578,0.0025444030761718
2019-05-30 19:05:00,0.0067977905273437,0.0046710968017578
2019-05-30 19:10:00,0.0056962966918945,0.0067977905273437
2019-05-30 19:15:00,0.0045948028564453,0.0056962966918945
2019-05-30 19:20:00,0.003493309020996,0.0045948028564453
2019-05-30 19:25:00,0.0023918151855468,0.003493309020996
2019-05-30 19:30:00,0.0062840779622395,0.0023918151855468
2019-05-30 19:35:00,0.0101763407389322,0.0062840779622395
2019-05-30 19:40:00,0.014068603515625,0.0101763407389322
2019-05-30 19:45:00,0.0070343017578125,0.014068603515625
2019-05-30 19:50:00,0.0,0.0070343017578125
2019-05-30 19:55:00,4.3392181396484375e-05,0.0
2019-05-30 20:00:00,8.678436279296875e-05,4.3392181396484375e-05
2019-05-30 20:05:00,0.0015640258789062,8.678436279296875e-05
2019-05-30 20:10:00,0.0013176600138346,0.0015640258789062
2019-05-30 20:15:00,0.001071294148763,0.0013176600138346
2019-05-30 20:20:00,0.0008249282836914,0.001071294148763
2019-05-30 20:25:00,0.0079808235168457,0.0008249282836914
2019-05-30 20:30:00,0.01513671875,0.0079808235168457
2019-05-30 20:35:00,0.01671142578125,0.01513671875
2019-05-30 20:40:00,0.0182861328125,0.01671142578125
2019-05-30 20:45:00,0.01986083984375,0.0182861328125
2019-05-30 20:50:00,0.021435546875,0.01986083984375
2019-05-30 20:55:00,0.02301025390625,0.021435546875
2019-05-30 21:00:00,0.026885986328125,0.02301025390625
2019-05-30 21:05:00,0.03076171875,0.026885986328125
2019-05-30 21:10:00,0.034637451171875,0.03076171875
2019-05-30 21:15:00,0.03851318359375,0.034637451171875
2019-05-30 21:20:00,0.042388916015625,0.03851318359375
2019-05-30 21:25:00,0.0462646484375,0.042388916015625
2019-05-30 21:30:00,0.0003423690795898,0.0462646484375
2019-05-30 21:35:00,0.0004837036132812,0.0003423690795898
2019-05-30 21:40:00,0.0006250381469726,0.0004837036132812
2019-05-30 21:45:00,0.000766372680664,0.0006250381469726
2019-05-30 21:50:00,0.0009077072143554,0.000766372680664
2019-05-30 21:55:00,0.0010490417480468,0.0009077072143554
2019-05-30 22:00:00,0.000197410583496,0.0010490417480468
2019-05-30 22:05:00,0.0025057792663574,0.000197410583496
2019-05-30 22:10:00,0.0048141479492187,0.0025057792663574
2019-05-30 22:15:00,0.0042181015014648,0.0048141479492187
2019-05-30 22:20:00,0.0036220550537109,0.0042181015014648
2019-05-30 22:25:00,0.003026008605957,0.0036220550537109
2019-05-30 22:30:00,0.0024299621582031,0.003026008605957
2019-05-30 22:35:00,0.0018339157104492,0.0024299621582031
2019-05-30 22:40:00,0.0012378692626953,0.0018339157104492
2019-05-30 22:45:00,0.0006418228149414,0.0012378692626953
2019-05-30 22:50:00,0.0012664794921875,0.0006418228149414
2019-05-30 22:55:00,0.0006847381591796,0.0012664794921875
2019-05-30 23:00:00,0.0001029968261718,0.0006847381591796
2019-05-30 23:05:00,0.0079803466796875,0.0001029968261718
2019-05-30 23:10:00,0.0002288818359375,0.0079803466796875
2019-05-30 23:15:00,0.0131683349609375,0.0002288818359375
2019-05-30 23:20:00,0.0081763267517089,0.0131683349609375
2019-05-30 23:25:00,0.0031843185424804,0.0081763267517089
2019-05-30 23:30:00,0.02001953125,0.0031843185424804
2019-05-30 23:35:00,0.0,0.02001953125
2019-05-30 23:40:00,4.57763671875e-05,0.0
2019-05-30 23:45:00,9.1552734375e-05,4.57763671875e-05
2019-05-30 23:50:00,0.0001373291015625,9.1552734375e-05
2019-05-30 23:55:00,0.00018310546875,0.0001373291015625
2019-05-31 00:00:00,0.0062989393870035,0.00018310546875
2019-05-31 00:05:00,0.0124147733052571,0.0062989393870035
2019-05-31 00:10:00,0.0103013197580973,0.0124147733052571
2019-05-31 00:15:00,0.0081878662109375,0.0103013197580973
2019-05-31 00:20:00,0.006342601776123,0.0081878662109375
2019-05-31 00:25:00,0.0044973373413085,0.006342601776123
2019-05-31 00:30:00,0.0026520729064941,0.0044973373413085
2019-05-31 00:35:00,0.0008068084716796,0.0026520729064941
2019-05-31 00:40:00,7.343292236328125e-05,0.0008068084716796
2019-05-31 00:45:00,0.066162109375,7.343292236328125e-05
2019-05-31 00:50:00,0.0050633634839739,0.066162109375
2019-05-31 00:55:00,0.0044121117818923,0.0050633634839739
2019-05-31 01:00:00,0.0037608600798107,0.0044121117818923
2019-05-31 01:05:00,0.0031096083777291,0.0037608600798107
2019-05-31 01:10:00,0.0024583566756475,0.0031096083777291
2019-05-31 01:15:00,0.0018071049735659,0.0024583566756475
2019-05-31 01:20:00,0.0011558532714843,0.0018071049735659
2019-05-31 01:25:00,0.0054702758789062,0.0011558532714843
2019-05-31 01:30:00,0.0002698898315429,0.0054702758789062
2019-05-31 01:35:00,0.0006446838378906,0.0002698898315429
2019-05-31 01:40:00,0.0031547546386718,0.0006446838378906
2019-05-31 01:45:00,0.014892578125,0.0031547546386718
2019-05-31 01:50:00,0.01116943359375,0.014892578125
2019-05-31 01:55:00,0.0074462890625,0.01116943359375
2019-05-31 02:00:00,0.00372314453125,0.0074462890625
2019-05-31 02:05:00,0.0,0.00372314453125
2019-05-31 02:10:00,0.0023956298828125,0.0
2019-05-31 02:15:00,0.004791259765625,0.0023956298828125
2019-05-31 02:20:00,0.0122299194335937,0.004791259765625
2019-05-31 02:25:00,0.0196685791015625,0.0122299194335937
2019-05-31 02:30:00,0.0271072387695312,0.0196685791015625
2019-05-31 02:35:00,0.0345458984375,0.0271072387695312
2019-05-31 02:40:00,0.0173401832580566,0.0345458984375
2019-05-31 02:45:00,0.0001344680786132,0.0173401832580566
2019-05-31 02:50:00,0.0045304298400878,0.0001344680786132
2019-05-31 02:55:00,0.0089263916015625,0.0045304298400878
2019-05-31 03:00:00,0.0089950561523437,0.0089263916015625
2019-05-31 03:05:00,0.009063720703125,0.0089950561523437
2019-05-31 03:10:00,0.0067087809244791,0.009063720703125
2019-05-31 03:15:00,0.0043538411458333,0.0067087809244791
2019-05-31 03:20:00,0.0019989013671875,0.0043538411458333
2019-05-31 03:25:00,0.0183942640149915,0.0019989013671875
2019-05-31 03:30:00,0.000436782836914,0.0183942640149915
2019-05-31 03:35:00,0.012664794921875,0.000436782836914
2019-05-31 03:40:00,0.0005321502685546,0.012664794921875
2019-05-31 03:45:00,0.0006329463078425,0.0005321502685546
2019-05-31 03:50:00,0.0007337423471304,0.0006329463078425
2019-05-31 03:55:00,0.0008345383864182,0.0007337423471304
2019-05-31 04:00:00,0.0009353344257061,0.0008345383864182
2019-05-31 04:05:00,0.0010361304649939,0.0009353344257061
2019-05-31 04:10:00,0.0011369265042818,0.0010361304649939
2019-05-31 04:15:00,0.0012377225435697,0.0011369265042818
2019-05-31 04:20:00,0.0013385185828575,0.0012377225435697
2019-05-31 04:25:00,0.0014393146221454,0.0013385185828575
2019-05-31 04:30:00,0.0015401106614332,0.0014393146221454
2019-05-31 04:35:00,0.0016409067007211,0.0015401106614332
2019-05-31 04:40:00,0.001741702740009,0.0016409067007211
2019-05-31 04:45:00,0.0018424987792968,0.001741702740009
2019-05-31 04:50:00,0.0092010498046875,0.0018424987792968
2019-05-31 04:55:00,0.0077247619628906,0.0092010498046875
2019-05-31 05:00:00,0.0062484741210937,0.0077247619628906
2019-05-31 05:05:00,0.0003080368041992,0.0062484741210937
2019-05-31 05:10:00,0.0121016502380371,0.0003080368041992
2019-05-31 05:15:00,0.023895263671875,0.0121016502380371
2019-05-31 05:20:00,0.0181350708007812,0.023895263671875
2019-05-31 05:25:00,0.0123748779296875,0.0181350708007812
2019-05-31 05:30:00,0.0066146850585937,0.0123748779296875
2019-05-31 05:35:00,0.0008544921875,0.0066146850585937
2019-05-31 05:40:00,0.0013065338134765,0.0008544921875
2019-05-31 05:45:00,0.0017585754394531,0.0013065338134765
2019-05-31 05:50:00,0.02740478515625,0.0017585754394531
2019-05-31 05:55:00,0.0232391357421875,0.02740478515625
2019-05-31 06:00:00,0.019073486328125,0.0232391357421875
2019-05-31 06:05:00,0.0149078369140625,0.019073486328125
2019-05-31 06:10:00,0.0106658935546875,0.0149078369140625
2019-05-31 06:15:00,0.0064239501953125,0.0106658935546875
2019-05-31 06:20:00,0.0049798488616943,0.0064239501953125
2019-05-31 06:25:00,0.0035357475280761,0.0049798488616943
2019-05-31 06:30:00,0.002091646194458,0.0035357475280761
2019-05-31 06:35:00,0.0006475448608398,0.002091646194458
2019-05-31 06:40:00,7.43865966796875e-05,0.0006475448608398
2019-05-31 06:45:00,0.007659912109375,7.43865966796875e-05
2019-05-31 06:50:00,0.0041427612304687,0.007659912109375
2019-05-31 06:55:00,0.0003480911254882,0.0041427612304687
2019-05-31 07:00:00,0.0141358375549316,0.0003480911254882
2019-05-31 07:05:00,0.027923583984375,0.0141358375549316
2019-05-31 07:10:00,0.0210342407226562,0.027923583984375
2019-05-31 07:15:00,0.0141448974609375,0.0210342407226562
2019-05-31 07:20:00,0.0001640319824218,0.0141448974609375
2019-05-31 07:25:00,0.0,0.0001640319824218
2019-05-31 07:30:00,0.0006523132324218,0.0
2019-05-31 07:35:00,0.0003318786621093,0.0006523132324218
2019-05-31 07:40:00,0.03363037109375,0.0003318786621093
2019-05-31 07:45:00,0.0450439453125,0.03363037109375
2019-05-31 07:50:00,0.0348256429036458,0.0450439453125
2019-05-31 07:55:00,0.0246073404947916,0.0348256429036458
2019-05-31 08:00:00,0.0143890380859375,0.0246073404947916
2019-05-31 08:05:00,0.0158660446388134,0.0143890380859375
2019-05-31 08:10:00,0.0173430511916893,0.0158660446388134
2019-05-31 08:15:00,0.0188200577445652,0.0173430511916893
2019-05-31 08:20:00,0.0163504559060801,0.0188200577445652
2019-05-31 08:25:00,0.0138808540675951,0.0163504559060801
2019-05-31 08:30:00,0.01141125222911,0.0138808540675951
2019-05-31 08:35:00,0.008941650390625,0.01141125222911
2019-05-31 08:40:00,0.0087203979492187,0.008941650390625
2019-05-31 08:45:00,0.0084991455078125,0.0087203979492187
2019-05-31 08:50:00,0.008087158203125,0.0084991455078125
2019-05-31 08:55:00,6.008148193359375e-05,0.008087158203125
2019-05-31 09:00:00,5.407333374023438e-05,6.008148193359375e-05
2019-05-31 09:05:00,4.8065185546875e-05,5.407333374023438e-05
2019-05-31 09:10:00,4.2057037353515626e-05,4.8065185546875e-05
2019-05-31 09:15:00,3.604888916015625e-05,4.2057037353515626e-05
2019-05-31 09:20:00,3.0040740966796875e-05,3.604888916015625e-05
2019-05-31 09:25:00,2.4032592773437503e-05,3.0040740966796875e-05
2019-05-31 09:30:00,1.8024444580078124e-05,2.4032592773437503e-05
2019-05-31 09:35:00,1.2016296386718751e-05,1.8024444580078124e-05
2019-05-31 09:40:00,6.008148193359379e-06,1.2016296386718751e-05
2019-05-31 09:45:00,0.0,6.008148193359379e-06
2019-05-31 09:50:00,0.0013561248779296,0.0
2019-05-31 09:55:00,0.0027122497558593,0.0013561248779296
2019-05-31 10:00:00,0.004068374633789,0.0027122497558593
2019-05-31 10:05:00,0.0054244995117187,0.004068374633789
2019-05-31 10:10:00,0.0065212249755859,0.0054244995117187
2019-05-31 10:15:00,0.0076179504394531,0.0065212249755859
2019-05-31 10:20:00,0.0087146759033203,0.0076179504394531
2019-05-31 10:25:00,0.0098114013671875,0.0087146759033203
2019-05-31 10:30:00,0.00750732421875,0.0098114013671875
2019-05-31 10:35:00,0.0052032470703125,0.00750732421875
2019-05-31 10:40:00,0.002899169921875,0.0052032470703125
2019-05-31 10:45:00,0.0001163482666015,0.002899169921875
2019-05-31 10:50:00,0.0021181106567382,0.0001163482666015
2019-05-31 10:55:00,0.004119873046875,0.0021181106567382
2019-05-31 11:00:00,0.0040257771809895,0.004119873046875
2019-05-31 11:05:00,0.0039316813151041,0.0040257771809895
2019-05-31 11:10:00,0.0038375854492187,0.0039316813151041
2019-05-31 11:15:00,0.0037434895833333,0.0038375854492187
2019-05-31 11:20:00,0.0036493937174479,0.0037434895833333
2019-05-31 11:25:00,0.0035552978515625,0.0036493937174479
2019-05-31 11:30:00,0.0031509399414062,0.0035552978515625
2019-05-31 11:35:00,0.00274658203125,0.0031509399414062
2019-05-31 11:40:00,0.0023422241210937,0.00274658203125
2019-05-31 11:45:00,0.0019378662109375,0.0023422241210937
2019-05-31 11:50:00,0.0015335083007812,0.0019378662109375
2019-05-31 11:55:00,0.0,0.0015335083007812
2019-05-31 12:00:00,0.0002392133076985,0.0
2019-05-31 12:05:00,0.03106689453125,0.0002392133076985
2019-05-31 12:10:00,0.000457763671875,0.03106689453125
2019-05-31 12:15:00,0.0023620345375754,0.000457763671875
2019-05-31 12:20:00,0.0030738657171075,0.0023620345375754
2019-05-31 12:25:00,0.0037856968966397,0.0030738657171075
2019-05-31 12:30:00,0.0044975280761718,0.0037856968966397
2019-05-31 12:35:00,0.0032285054524739,0.0044975280761718
2019-05-31 12:40:00,0.001959482828776,0.0032285054524739
2019-05-31 12:45:00,0.0006904602050781,0.001959482828776
2019-05-31 12:50:00,8.678436279296875e-05,0.0006904602050781
2019-05-31 12:55:00,0.0014209747314453,8.678436279296875e-05
2019-05-31 13:00:00,0.0219841003417968,0.0014209747314453
2019-05-31 13:05:00,0.0425472259521484,0.0219841003417968
2019-05-31 13:10:00,0.0631103515625,0.0425472259521484
2019-05-31 13:15:00,0.0474927425384521,0.0631103515625
2019-05-31 13:20:00,0.0318751335144043,0.0474927425384521
2019-05-31 13:25:00,0.0162575244903564,0.0318751335144043
2019-05-31 13:30:00,0.0006399154663085,0.0162575244903564
2019-05-31 13:35:00,0.0035902659098307,0.0006399154663085
2019-05-31 13:40:00,0.0065406163533528,0.0035902659098307
2019-05-31 13:45:00,0.009490966796875,0.0065406163533528
2019-05-31 13:50:00,0.0111083984375,0.009490966796875
2019-05-31 13:55:00,0.01324462890625,0.0111083984375
2019-05-31 14:00:00,0.015380859375,0.01324462890625
2019-05-31 14:05:00,0.01751708984375,0.015380859375
2019-05-31 14:10:00,0.0196533203125,0.01751708984375
2019-05-31 14:15:00,0.02178955078125,0.0196533203125
2019-05-31 14:20:00,0.02392578125,0.02178955078125
2019-05-31 14:25:00,0.0001872380574544,0.02392578125
2019-05-31 14:30:00,0.0052129427591959,0.0001872380574544
2019-05-31 14:35:00,0.0102386474609375,0.0052129427591959
2019-05-31 14:40:00,0.0002307891845703,0.0102386474609375
2019-05-31 14:45:00,0.0002288818359375,0.0002307891845703
2019-05-31 14:50:00,0.0002763271331787,0.0002288818359375
2019-05-31 14:55:00,0.0003237724304199,0.0002763271331787
2019-05-31 15:00:00,0.0003712177276611,0.0003237724304199
2019-05-31 15:05:00,0.0004186630249023,0.0003712177276611
2019-05-31 15:10:00,0.0033798217773437,0.0004186630249023
2019-05-31 15:15:00,9.250640869140624e-05,0.0033798217773437
2019-05-31 15:20:00,0.0001392364501953,9.250640869140624e-05
2019-05-31 15:25:00,0.0001859664916992,0.0001392364501953
2019-05-31 15:30:00,0.0002326965332031,0.0001859664916992
2019-05-31 15:35:00,0.0003244876861572,0.0002326965332031
2019-05-31 15:40:00,0.0004162788391113,0.0003244876861572
2019-05-31 15:45:00,0.0005080699920654,0.0004162788391113
2019-05-31 15:50:00,0.0005998611450195,0.0005080699920654
2019-05-31 15:55:00,0.0015398387251229,0.0005998611450195
2019-05-31 16:00:00,0.0024798163052262,0.0015398387251229
2019-05-31 16:05:00,0.001891095062782,0.0024798163052262
2019-05-31 16:10:00,0.0013023738203377,0.001891095062782
2019-05-31 16:15:00,0.0007136525778934,0.0013023738203377
2019-05-31 16:20:00,0.0001249313354492,0.0007136525778934
2019-05-31 16:25:00,0.0009651184082031,0.0001249313354492
2019-05-31 16:30:00,0.001805305480957,0.0009651184082031
2019-05-31 16:35:00,0.0026454925537109,0.001805305480957
2019-05-31 16:40:00,0.0034856796264648,0.0026454925537109
2019-05-31 16:45:00,0.0043258666992187,0.0034856796264648
2019-05-31 16:50:00,0.0191917419433593,0.0043258666992187
2019-05-31 16:55:00,0.0340576171875,0.0191917419433593
2019-05-31 17:00:00,0.0002822875976562,0.0340576171875
2019-05-31 17:05:00,0.0016428470611572,0.0002822875976562
2019-05-31 17:10:00,0.0030034065246582,0.0016428470611572
2019-05-31 17:15:00,0.0043639659881591,0.0030034065246582
2019-05-31 17:20:00,0.0057245254516601,0.0043639659881591
2019-05-31 17:25:00,0.0070850849151611,0.0057245254516601
2019-05-31 17:30:00,0.0084456443786621,0.0070850849151611
2019-05-31 17:35:00,0.007633409500122,0.0084456443786621
2019-05-31 17:40:00,0.006821174621582,0.007633409500122
2019-05-31 17:45:00,0.0060089397430419,0.006821174621582
2019-05-31 17:50:00,0.0051967048645019,0.0060089397430419
2019-05-31 17:55:00,0.0043844699859619,0.0051967048645019
2019-05-31 18:00:00,0.0035722351074218,0.0043844699859619
2019-05-31 18:05:00,0.0027600002288818,0.0035722351074218
2019-05-31 18:10:00,0.0019477653503417,0.0027600002288818
2019-05-31 18:15:00,0.0011355304718017,0.0019477653503417
2019-05-31 18:20:00,0.0003232955932617,0.0011355304718017
2019-05-31 18:25:00,0.00228271484375,0.0003232955932617
2019-05-31 18:30:00,0.0042421340942382,0.00228271484375
2019-05-31 18:35:00,0.0062015533447265,0.0042421340942382
2019-05-31 18:40:00,0.0081609725952148,0.0062015533447265
2019-05-31 18:45:00,0.0101203918457031,0.0081609725952148
2019-05-31 18:50:00,0.0106688908168247,0.0101203918457031
2019-05-31 18:55:00,0.0085938998631068,0.0106688908168247
2019-05-31 19:00:00,0.0065189089093889,0.0085938998631068
2019-05-31 19:05:00,0.004443917955671,0.0065189089093889
2019-05-31 19:10:00,0.0023689270019531,0.004443917955671
2019-05-31 19:15:00,0.0002717971801757,0.0023689270019531
2019-05-31 19:20:00,0.0146484375,0.0002717971801757
2019-05-31 19:25:00,0.0006341934204101,0.0146484375
2019-05-31 19:30:00,0.0034028833562677,0.0006341934204101
2019-05-31 19:35:00,0.0061715732921253,0.0034028833562677
2019-05-31 19:40:00,0.0089402632279829,0.0061715732921253
2019-05-31 19:45:00,0.0125334630370611,0.0089402632279829
2019-05-31 19:50:00,0.0161266628461392,0.0125334630370611
2019-05-31 19:55:00,0.0197198626552174,0.0161266628461392
2019-05-31 20:00:00,0.0233130624642956,0.0197198626552174
2019-05-31 20:05:00,0.0269062622733738,0.0233130624642956
2019-05-31 20:10:00,0.0013923645019531,0.0269062622733738
2019-05-31 20:15:00,0.0107574462890625,0.0013923645019531
2019-05-31 20:20:00,0.0128860473632812,0.0107574462890625
2019-05-31 20:25:00,0.0150146484375,0.0128860473632812
2019-05-31 20:30:00,0.0004901885986328,0.0150146484375
2019-05-31 20:35:00,0.0003595352172851,0.0004901885986328
2019-05-31 20:40:00,0.0010177612304687,0.0003595352172851
2019-05-31 20:45:00,0.0016759872436523,0.0010177612304687
2019-05-31 20:50:00,0.0023342132568359,0.0016759872436523
2019-05-31 20:55:00,0.0029924392700195,0.0023342132568359
2019-05-31 21:00:00,0.0036506652832031,0.0029924392700195
2019-05-31 21:05:00,0.0009346008300781,0.0036506652832031
2019-05-31 21:10:00,0.0006217956542968,0.0009346008300781
2019-05-31 21:15:00,0.0003089904785156,0.0006217956542968
2019-05-31 21:20:00,0.0035820007324218,0.0003089904785156
2019-05-31 21:25:00,0.0116658210754394,0.0035820007324218
2019-05-31 21:30:00,0.0892333984375,0.0116658210754394
2019-05-31 21:35:00,0.0630956579137731,0.0892333984375
2019-05-31 21:40:00,0.0369579173900463,0.0630956579137731
2019-05-31 21:45:00,0.0108201768663194,0.0369579173900463
2019-05-31 21:50:00,0.0093682607014973,0.0108201768663194
2019-05-31 21:55:00,0.0079163445366753,0.0093682607014973
2019-05-31 22:00:00,0.0064644283718532,0.0079163445366753
2019-05-31 22:05:00,0.0050125122070312,0.0064644283718532
2019-05-31 22:10:00,0.0036373138427734,0.0050125122070312
2019-05-31 22:15:00,0.0022621154785156,0.0036373138427734
2019-05-31 22:20:00,0.0018850962320963,0.0022621154785156
2019-05-31 22:25:00,0.001508076985677,0.0018850962320963
2019-05-31 22:30:00,0.0011310577392578,0.001508076985677
2019-05-31 22:35:00,0.0007540384928385,0.0011310577392578
2019-05-31 22:40:00,0.0003770192464192,0.0007540384928385
2019-05-31 22:45:00,0.0,0.0003770192464192
2019-05-31 22:50:00,0.0001440048217773,0.0
2019-05-31 22:55:00,0.0047099316014652,0.0001440048217773
2019-05-31 23:00:00,0.0092758583811532,0.0047099316014652
2019-05-31 23:05:00,0.0074464359114655,0.0092758583811532
2019-05-31 23:10:00,0.0056170134417778,0.0074464359114655
2019-05-31 23:15:00,0.0037875909720901,0.0056170134417778
2019-05-31 23:20:00,0.0019581685024025,0.0037875909720901
2019-05-31 23:25:00,0.0001287460327148,0.0019581685024025
2019-05-31 23:30:00,0.0024826604556414,0.0001287460327148
2019-05-31 23:35:00,0.0048365748785679,0.0024826604556414
2019-05-31 23:40:00,0.0071904893014945,0.0048365748785679
2019-05-31 23:45:00,0.0130615234375,0.0071904893014945
2019-05-31 23:50:00,0.015869140625,0.0130615234375
2019-05-31 23:55:00,0.037109375,0.015869140625
